{"type":"FeatureCollection","features":[{"type":"Feature","properties":{"kind":"land","demo":true},"geometry":{"type":"Polygon","coordinates":[[[0.04365,0.0],[0.043904490796132754,0.0003831581949081267],[0.04413753594653023,0.0007705000467701217],[0.04434876445644807,0.0011615727782099004],[0.044537878004336576,0.0015559151230363755],[0.04470465112081842,0.0019530600592325275],[0.044848931018224215,0.0023525375295636282],[0.0449706370745147,0.002753877134175547],[0.04506975997718053,0.0031566107798208466],[0.0451463605344346,0.003560275270702183],[0.045200568162691225,0.003964414826357165],[0.045232579060950746,0.004368583512523735],[0.04524265408426885,0.004772347571517061],[0.04523111632998065,0.005175287639314595],[0.04519834845176012,0.0055770008372812456],[0.045144789717920526,0.005977102727267405],[0.04507093283159285,0.006375229119674087],[0.04497732053155249,0.006771037724996916],[0.04486454199349085,0.007164209640328577],[0.04473322905244601,0.007554450663312469],[0.04458405226790872,0.007941492427092434],[0.04441771685380319,0.008325093350889077],[0.04423495849610336,0.008705039401945721],[0.0440365390812821,0.009081144665720582],[0.043823242359100366,0.009453251722349443],[0.043595869563425135,0.00982123182855889],[0.043355235014818666,0.010184984905367254],[0.043102161728566235,0.01054443933306231],[0.042837477051607314,0.010899551556085142],[0.042562008351505906,0.011250305501571823],[0.042276578780144215,0.011596711816402532],[0.04198200313424942,0.011938806928675086],[0.04167908383417304,0.012276651940550894],[0.041368607041537754,0.012610331360409793],[0.04105133893545403,0.01293995168319134],[0.0407280221659921,0.01326563982868747],[0.0403993725024825,0.013587541448381577],[0.04006607569301261,0.013905819112195607],[0.039728784550198994,0.014220650387207042],[0.03938811627694981,0.014532225821026711],[0.039044650044497,0.01484074684308282],[0.038698924833482765,0.015146423597534094],[0.038351437547337254,0.015449472721931621],[0.03800264140559224,0.01575011508606375],[0.03765294462314941,0.01604857350564876],[0.0373027093798689,0.01634507044568508],[0.036952251083174965,0.01663982572832751],[0.03660183792469869,0.016933054260130306],[0.036251690730302884,0.017224963793383435],[0.035901983101171285,0.01751575273606885],[0.03555284184200017,0.01780560802467845],[0.03520434767071719,0.018094703073768224],[0.0348565362025763,0.018383195815674092],[0.03450939919994945,0.018671226843287994],[0.03416288607766179,0.0189589176681901],[0.033816905652307674,0.019246369105758068],[0.03347132812264551,0.01953365979813124],[0.03312598726690909,0.01982084488510012],[0.032780682841697564,0.020107954832124478],[0.03243518316602259,0.02039499442376128],[0.03208922787310449,0.02068194192981231],[0.03174253081162572,0.020968748450485197],[0.03139478307737372,0.021255337445807373],[0.031045656155540217,0.021541604453445527],[0.03069480515339464,0.02182741699796952],[0.03034187210261713,0.022112614693466242],[0.029986489310265152,0.02239700954026093],[0.02962828273715745,0.02268038641534905],[0.029266875382391228,0.022962503754985514],[0.02890189065276362,0.02324309442672789],[0.02853295569604517,0.02352186678709252],[0.028159704677351315,0.02379850591986233],[0.027781781978274234,0.02407267504899105],[0.02739884529897142,0.024344017118984766],[0.027010568644053577,0.0246121565346156],[0.02661664517387103,0.024876701050838845],[0.02621678990365883,0.025137243802850467],[0.02581074223396258,0.025393365465341097],[0.025398268296822794,0.025644636529181215],[0.024979163103339978,0.025890619683014305],[0.0245532524794695,0.026130872286545606],[0.024120394778196105,0.026364948921696364],[0.023680482357607252,0.026592404007252667],[0.023233442815812494,0.026812794462175226],[0.022779239975136586,0.027025682402356595],[0.022317874609536627,0.027230637855315844],[0.021849384910751717,0.027427241477111265],[0.021373846690276307,0.027615087255628758],[0.02089137331584859,0.0277937851843704],[0.02040211538275233,0.02796296389092209],[0.019906260121836564,0.028122273204423624],[0.0194040305477524,0.028271386646596716],[0.018895684352481523,0.02841000383120618],[0.018381512550777558,0.02853785275723503],[0.017861837885650378,0.028654691981543835],[0.01733701300348651,0.028760312657355215],[0.01680741840980705,0.02885454042555407],[0.01627346021801089,0.02893723714651857],[0.01573556770472676,0.029008302460993094],[0.015194190686595926,0.029067675169377683],[0.01464979673442209,0.02911533441973485],[0.014102868241647783,0.02915130069579864],[0.013553899365044203,0.029175636597307764],[0.013003392856325825,0.029188447406068782],[0.012451856804119579,0.02918988143228081],[0.011899801306325486,0.02918013013681401],[0.011347735093398351,0.029159428026324923],[0.0107961621234553,0.02912805231930406],[0.0102455781703692,0.02908632238238115],[0.009696467426141928,0.029034598937452135],[0.00914929913886287,0.02897328304143431],[0.008604524307446935,0.02890281484169421],[0.008062572454112451,0.028823672111420826],[0.007523848495205047,0.028736368570427367],[0.006988729730498852,0.02864145199805196],[0.006457562970515381,0.028539502145984358],[0.0059306618206950105,0.028431128459966024],[0.005408304140440395,0.02831696762038849],[0.004890729694129786,0.028197680912843772],[0.00437813801017558,0.028073951440655266],[0.0038706864630853963,0.027946481192332125],[0.0033684885922755045,0.02781598797774058],[0.002871612670095932,0.027683202247565528],[0.002380080530159939,0.027548863811342632],[0.0018938666656359217,0.02741371846996932],[0.0014128976056637789,0.027278514579150155],[0.0009370515765098216,0.02714399956069412],[0.0004661584524820546,0.027010916378956112],[2.3145824503884977e-18,0.02688],[-0.0004616895834402944,0.02675197385125409],[-0.0009192228353368516,0.026627546299530826],[-0.0013729579008975245,0.02650740716528965],[-0.0018232971156884163,0.026392224290935528],[-0.0022706853031696905,0.026282640180765458],[-0.0027156077937206097,0.026179268729902054],[-0.0031585881733742645,0.026082692059188766],[-0.0036001857720625438,0.025993457472566147],[-0.004040992902705331,0.025912074552906228],[-0.00448163186395599,0.02583901241165402],[-0.004922751720829033,0.025774697106915392],[-0.0053650248787785355,0.025719509243842024],[-0.00580914346805864,0.02567378177030133],[-0.0062558155563739995,0.025637797979886003],[-0.006705761208911022,0.025611789733319217],[-0.007159708415824594,0.025595935908253008],[-0.007618388908132952,0.025590361086343147],[-0.008082533883741728,0.02559513448532162],[-0.008552869665971005,0.02561026914258142],[-0.00903011331749341,0.02563572135554572],[-0.009514968233003499,0.02567139038282058],[-0.01000811973422554,0.025717118408832725],[-0.010510230691027593,0.025772690773340663],[-0.011021937192441893,0.025837836465882266],[-0.01154384429129544,0.02591222888389534],[-0.012076521845929647,0.02599548685192284],[-0.012620500482135677,0.02608717589800179],[-0.013176267697952698,0.02618680978203869],[-0.013744264133373943,0.026293852269702458],[-0.0143248800262809,0.026407719144125458],[-0.014918451875084128,0.02652778044649934],[-0.015525259327594168,0.02665336293549315],[-0.016145522314581127,0.026783752754311076],[-0.016779398445314585,0.026918198293152742],[-0.017426980681110052,0.027055913233846523],[-0.0180882953015523,0.027196079762498906],[-0.01876330017662592,0.027337851935148226],[-0.019451883356466776,0.02748035918063095],[-0.020153861988862924,0.027622709924169358],[-0.020868981572988263,0.027763995314573218],[-0.021596915556153843,0.027903293037418373],[-0.02233726527862265,0.028039671196126083],[-0.0230895602697587,0.028172192242518494],[-0.023853258896983188,0.028299916938172073],[-0.024627749367196757,0.028421908327731414],[-0.025412351078508574,0.02853723570528341],[-0.026206316318297774,0.028644978554924455],[-0.0270088323018328,0.028744230446783148],[-0.027819023543896797,0.028834102869985563],[-0.028635954554122788,0.02891372898436919],[-0.02945863284504126,0.02898226727316354],[-0.030286012240190945,0.02903890507935699],[-0.031116996468054225,0.029082862009059605],[-0.031950443026056354,0.029113393185846062],[-0.032785167297422715,0.029129792340818136],[-0.03361994690232846,0.029131394723959335],[-0.03445352626350629,0.029117579823259368],[-0.03528462136530901,0.02908777387905995],[-0.03611192468415906,0.029041452182109583],[-0.036934110267364116,0.028978141144909056],[-0.037749838936441286,0.02889742013707475],[-0.03855776359037527,0.02879892307663822],[-0.039356534583645686,0.028682339770431328],[-0.04014480515339462,0.028547416997969515],[-0.040921236869773524,0.028393959334536534],[-0.04168450508330837,0.02822182971048294],[-0.042433304343056595,0.02803094970507378],[-0.04316635375939775,0.02782129957454876],[-0.043882402285502935,0.027592918015385774],[-0.04458023389186461,0.0273459016650776],[-0.045258672608736575,0.027080404344036337],[-0.04591658741193271,0.026796636043522438],[-0.04655289692815626,0.02649486166574986],[-0.04716657393688067,0.02617539952353831],[-0.04775664964676843,0.025838619608061716],[-0.04832221772569477,0.025484941634373523],[-0.04886243806463172,0.025114832875467095],[-0.04937654025693834,0.024728805796649034],[-0.04986382677598961,0.024327415502958933],[-0.050323675835550606,0.02391125701325549],[-0.050755543918857865,0.02348096237540295],[-0.051158967963999165,0.023037197637727616],[-0.051533567194873335,0.022580659692569782],[-0.05187904458876157,0.02211207300832691],[-0.05219518797333524,0.021632186266867973],[-0.052481870747756884,0.02114176892359297],[-0.0527390522243905,0.020641607707714747],[-0.052966777589514534,0.02013250308055066],[-0.0531651774833162,0.0196152656697282],[-0.05333446720132992,0.0190907126972319],[-0.05347494552135551,0.018559664419147682],[-0.053586993161742355,0.018022940594796918],[-0.05367107087874801,0.017481357002696096],[-0.05372771721245926,0.0169357220204321],[-0.053757545892495234,0.01638683328510745],[-0.05376124291638592,0.015835474450489984],[-0.05373956331512411,0.015282412056397658],[-0.05369332762192063,0.014728392525166759],[-0.05362341806163945,0.014174139299293748],[-0.05353077447974605,0.01362035013351159],[-0.053416390030861904,0.013067694553666048],[-0.05328130664817206,0.012516811493799856],[-0.05312661031597854,0.011968307121839647],[-0.052953426168620824,0.011422752863215922],[-0.05276291343979471,0.010880683630638273],[-0.052556260286985575,0.010342596267100062],[-0.052334678516289895,0.009808948208007168],[-0.05209939823332573,0.009280156367119676],[-0.05185166244622821,0.008756596249770272],[-0.051592721646886455,0.008238601295585266],[-0.05132382839660563,0.007726462451690425],[-0.051046231942269676,0.007220427976140799],[-0.05076117288883937,0.006720703470078086],[-0.050469877953646804,0.0062274521358978855],[-0.05017355482744416,0.005740795257507986],[-0.04987338716653471,0.005260812897585971],[-0.04957052973955991,0.004787544805603603],[-0.04926610375164334,0.004320991529285165],[-0.04896119236760495,0.003861115721111576],[-0.04865683645486197,0.003407843630477792],[-0.04835403056543348,0.0029610667711629287],[-0.048053719175168645,0.0025206437528858673],[-0.047756793196932865,0.002086402264898149],[-0.0474640867830179,0.0016581411988154844],[-0.04717637443049959,0.0012356328972122801],[-0.04689436840165841,0.0008186255139051009],[-0.04661871646991262,0.0004068454713320343],[-0.04635,4.036435849989677e-18],[-0.04608873236939025,-0.00040222025537794325],[-0.04583535773612815,-0.0008001385786962581],[-0.04559025015650339,-0.001194089490037057],[-0.04535371305412895,-0.0015844160339183685],[-0.045125979040195004,-0.0019714670641088113],[-0.044907210082857904,-0.0023555945408150897],[-0.04469749802193531,-0.0027371508558686067],[-0.04449686542331719,-0.003116486201271032],[-0.04430526676577746,-0.003493945996106333],[-0.04412258995119267,-0.0038698683863926686],[-0.043948658127549445,-0.004244581831932337],[-0.04378323181256144,-0.004618402793626086],[-0.04362601130422661,-0.004991633534052531],[-0.043476639363244585,-0.005364560043378025],[-0.04333470415088895,-0.0057374501018616075],[-0.04319974240469787,-0.006110551489358121],[-0.04307124283321399,-0.006484090351305072],[-0.042948649709976715,-0.00685826972971109],[-0.04283136664605441,-0.007233268266650483],[-0.04271876051960024,-0.007609239086716455],[-0.042610165540233495,-0.007986308863799852],[-0.042504887425486235,-0.008364577076447772],[-0.04240220766611881,-0.008744115454922806],[-0.04230138785679841,-0.009124967621936137],[-0.04220167406845231,-0.009507148927871696],[-0.04210230123855465,-0.009890646480161795],[-0.04200249755568066,-0.010275419365322518],[-0.04190148881486455,-0.010661399061016943],[-0.04179850272062583,-0.011048490034391987],[-0.04169277311498229,-0.011436570521836711],[-0.04158354410833998,-0.011825493484242514],[-0.04147007409184277,-0.012215087730814853],[-0.041351639610567426,-0.012605159203497278],[-0.04122753907786372,-0.012995492413128007],[-0.04109709631215491,-0.013385852017561302],[-0.040959663878627386,-0.013775984531156466],[-0.04081462621944324,-0.014165620154270158],[-0.04066140255739738,-0.014554474710687779],[-0.04049944955930704,-0.014942251680300651],[-0.04032826374685495,-0.015328644313781026],[-0.04014738364410383,-0.01571333781552976],[-0.03995639165244678,-0.016096011580774557],[-0.039754915645350566,-0.016476341472382174],[-0.03954263027687509,-0.016854002122717426],[-0.039319257999604985,-0.01722866924573693],[-0.03908456978929867,-0.0176000219444467],[-0.038838385575236736,-0.017967744998880656],[-0.0385805743769262,-0.018331531119871097],[-0.03831105414948099,-0.018691083154082397],[-0.038029791341642354,-0.019046116226063645],[-0.037736800172016347,-0.019396359803443865],[-0.037432141630681745,-0.019741559671841647],[-0.03711592221485007,-0.02008147980658884],[-0.03678829240873278,-0.020415904128970014],[-0.036449444919180826,-0.020744638135354647],[-0.036099612680000816,-0.021067510388342064],[-0.03573906663911222,-0.021384373859846526],[-0.035368113343886065,-0.021695107116917235],[-0.034987092341088745,-0.02199961534200972],[-0.034596373408841835,-0.022297831180396875],[-0.03419635363889143,-0.022589715408423798],[-0.03378745438825831,-0.022875257417364906],[-0.033370118120003456,-0.023154475508728737],[-0.03294480515339464,-0.023427416997969512],[-0.03251199034419044,-0.02369415812469815],[-0.03207215971607087,-0.023954803768632953],[-0.03162580706443333,-0.024209486971685356],[-0.031173430553840437,-0.024458368267731866],[-0.030715529330351855,-0.0247016348227735],[-0.03025260016979474,-0.024939499389322474],[-0.029785134182729912,-0.02517219907997504],[-0.029313613596453868,-0.0253999939662241],[-0.028838508633843362,-0.02562316550962928],[-0.028360274508202853,-0.025842014833487182],[-0.02787934855251827,-0.02605686084412969],[-0.02739614750066017,-0.026268038211910812],[-0.026911064937116924,-0.02647589522282496],[-0.026424468930783273,-0.026680791512520136],[-0.025936699867185227,-0.026883095695227312],[-0.025448068492294695,-0.027083182900817283],[-0.024958854179788086,-0.027281432233813255],[-0.02446930343223151,-0.027478224168728593],[-0.023979628625249716,-0.027673937896561734],[-0.02349000700225337,-0.027868948637660824],[-0.023000579925777975,-0.028063624936465695],[-0.022511452389928858,-0.02825832595384626],[-0.022022692796844733,-0.02845339877287727],[-0.02153433299849121,-0.028649175733924316],[-0.021046368603489265,-0.028845971814860566],[-0.020558759547078045,-0.02904408207208936],[-0.02007143092071509,-0.02924377915781633],[-0.019584274056243883,-0.02944531092869419],[-0.019097147858009794,-0.029648898160558407],[-0.018609880374798722,-0.029854732383482116],[-0.01812227060200782,-0.03006297385080848],[-0.017634090503051054,-0.03027374965516827],[-0.017145087237654497,-0.030487152003767216],[-0.016654985583422172,-0.0307032366644302],[-0.01616349053585319,-0.030922021593027104],[-0.015670290070877703,-0.031143485751978468],[-0.0151750580529559,-0.03136756812855473],[-0.014677457270856032,-0.03159416696064658],[-0.014177142582404722,-0.03182313917659961],[-0.013673764148782037,-0.03205430005458056],[-0.013166970738329314,-0.0322874231057822],[-0.01265641307934251,-0.032522240184583225],[-0.012141747240951007,-0.03275844182756649],[-0.011622638020924562,-0.032995677822069656],[-0.01109876231911847,-0.033233558003703714],[-0.010569812475255421,-0.033471653281031515],[-0.010035499549852729,-0.03370949688436196],[-0.00949555652733911,-0.03394658583438591],[-0.008949741420757645,-0.03418238262517048],[-0.008397840257928285,-0.03441631711484028],[-0.007839669929532151,-0.03464778861611857],[-0.007275080880287572,-0.03487616817777995],[-0.006703959625200972,-0.035100801046989434],[-0.006126231073799663,-0.035321009301473666],[-0.005541860646273912,-0.03553609463949552],[-0.0049508561665750584,-0.03574534131468849],[-0.004353269518724101,-0.0359480192019572],[-0.003749198053874134,-0.03614338697987065],[-0.003138785737038856,-0.0363306954142669],[-0.002522224023831705,-0.036509190727161724],[-0.0018997524590585483,-0.03667811803450422],[-0.0012716589905522886,-0.03683672483586295],[-0.0006382799932327699,-0.03698426453874914],[-9.588984437323771e-18,-0.03711999999999999],[0.0006427488622745064,-0.03724320706645116],[0.0012894877317252346,-0.03735317809702624],[0.001939692163824779,-0.03744922544836473],[0.002592793573779186,-0.0375306849061955],[0.0032481809640290834,-0.0375969190448441],[0.0039052029302494313,-0.037647320497534116],[0.004563169937625318,-0.03768131512050902],[0.005221356857597885,-0.03769836503445446],[0.005879005753744137,-0.03769797152724456],[0.006535328903973433,-0.037679677802663424],[0.007189512044812307,-0.037643071560462524],[0.007840717822204028,-0.03758778739390396],[0.008488089431988869,-0.03751350899180161],[0.009130754432053117,-0.037419971133006234],[0.009767828707051642,-0.03730696146227863],[0.010398420565626948,-0.03717432203755375],[0.011021634949166689,-0.037021950639713024],[0.011636577730376543,-0.036849801837144196],[0.012242360079289371,-0.03665788779857444],[0.012838102873800331,-0.03644627884890509],[0.013422941131402782,-0.036215103764049975],[0.0139960284385153,-0.035964549802075425],[0.014556541353627184,-0.035694862469255545],[0.015103683760459695,-0.035406345020979106],[0.015636691147435086,-0.03509935769877306],[0.016154834789970565,-0.03477431670603152],[0.016657425812467985,-0.03443169292635157],[0.01714381910734708,-0.034072010389674647],[0.017613417089075156,-0.03369584449270234],[0.01806567326186801,-0.03330381998129785],[0.01850009558058124,-0.03289660870378647],[0.01891624958526391,-0.032474927145229184],[0.019313761290913188,-0.03203953375385263],[0.019692319815134498,-0.031591226071873216],[0.02005167972767728,-0.031130837683946932],[0.020391663107173073,-0.03065923499740146],[0.020712161291841537,-0.030177313869264834],[0.021013136312447823,-0.02968599609588203],[0.021294621997378662,-0.029186225781613312],[0.021556724741351525,-0.028678965603721504],[0.021799623930967186,-0.028165192991087676],[0.022023572022057902,-0.02764589623483146],[0.022228894265555865,-0.027122070549263036],[0.02241598808040676,-0.026594714101845354],[0.022585322073865436,-0.026064824031005546],[0.02273743471133016,-0.02553339247069786],[0.022872932639686382,-0.025001402600585174],[0.022992488669931373,-0.024469824740579765],[0.023096839426628397,-0.02393961250825606],[0.023186782673483283,-0.023411699057332185],[0.023263174326038232,-0.022886993415002527],[0.02332692516412806,-0.022366376935404313],[0.02337899725833505,-0.021850699885908938],[0.023420400126200044,-0.021340778182256725],[0.02345218663539204,-0.020837390287795923],[0.023475448672399625,-0.02034127429125583],[0.023491312596574932,-0.01985312517657803],[0.023500934500530885,-0.01937359229735507],[0.023505495298956403,-0.018903277067391828],[0.023506195668867542,-0.018442730877808327],[0.023504250865149484,-0.017992453249959694],[0.023500885435960746,-0.017552890232255664],[0.023497327863161867,-0.01712443304773309],[0.02349480515339464,-0.01670741699796953],[0.023494537405770136,-0.01630212062763772],[0.023497732382323635,-0.015908765152689356],[0.023505580107460546,-0.015527514153835222],[0.02351924752254855,-0.015158473535660431],[0.02353987322160838,-0.014801691750385228],[0.023568562293719005,-0.014457160283964125],[0.023606381297284727,-0.014124814400910317],[0.02365435339071361,-0.013804534142950891],[0.02371345364333224,-0.013496145575362871],[0.02378460454951388,-0.013199422273621829],[0.023868671768031077,-0.012914087041815124],[0.023966460107563255,-0.012639813853142206],[0.0240787097781018,-0.012376230001745004],[0.024206092926704177,-0.01212291845409307],[0.024349210474662628,-0.011879420387192328],[0.024508589271678476,-0.01164523789999905],[0.02468467958107755,-0.011419836883608028],[0.02487785290847447,-0.011202650035046606],[0.02508840018460052,-0.01099307999885224],[0.02531653031126291,-0.01079050262003929],[0.025562369077607543,-0.010594270291577968],[0.02582595845202713,-0.010403715379113219],[0.026107256253196084,-0.01021815370534911],[0.026406136201837394,-0.010036888076313203],[0.026722388352940656,-0.009859211831599175],[0.027055719906266432,-0.009684412400662944],[0.02740575639110033,-0.009511774847318083],[0.02777204321936753,-0.009340585384741142],[0.02815404759939899,-0.009170134843552684],[0.02855116080085848,-0.008999722075887262],[0.028962700759609956,-0.008828657278799635],[0.029387915009629874,-0.00865626522087578],[0.02982598392746529,-0.008481888356519961],[0.03027602427320587,-0.008304889813072487],[0.030737093010492274,-0.008124656236670079],[0.031208191386725807,-0.007940600483590502],[0.03168826925338499,-0.007752164144718802],[0.03217622960520124,-0.007558819891729199],[0.032670933315898876,-0.007360073634590955],[0.03317120404727796,-0.007155466481069675],[0.03367583330760619,-0.006944576490005139],[0.034183585634604,-0.006727020211293441],[0.0346932038777468,-0.006502454006681767],[0.03520341455418321,-0.006270575146689226],[0.0357129332522722,-0.006031122680192686],[0.03622047005658109,-0.005783878074454419],[0.03672473496816086,-0.005528665624611573],[0.037224443294021047,-0.005265352632891435],[0.03771832097997007,-0.004993849359050932],[0.038205109861357875,-0.004714108744761406],[0.03868357280676309,-0.004426125915859151],[0.03915249873029557,-0.0041299374675572],[0.03961070744894028,-0.0038256205388524822],[0.04005705436224055,-0.0035132916834646733],[0.04049043493260708,-0.003193105545696954],[0.04090978894563577,-0.0028652533506140923],[0.04131410453101655,-0.0025299612188812454],[0.04170242192591349,-0.002187488317492859],[0.04207383696408054,-0.0018381248584432106],[0.04242750427544759,-0.0014821899581392692],[0.04276264018245184,-0.0011200293710347017],[0.04307852528099997,-0.0007520131115612918],[0.04337450669561038,-0.0003785329789540636],[0.043649999999999994,-7.602607329106768e-18]]]}},{"type":"Feature","properties":{"kind":"coast","demo":true},"geometry":{"type":"LineString","coordinates":[[0.04365,0.0],[0.043904490796132754,0.0003831581949081267],[0.04413753594653023,0.0007705000467701217],[0.04434876445644807,0.0011615727782099004],[0.044537878004336576,0.0015559151230363755],[0.04470465112081842,0.0019530600592325275],[0.044848931018224215,0.0023525375295636282],[0.0449706370745147,0.002753877134175547],[0.04506975997718053,0.0031566107798208466],[0.0451463605344346,0.003560275270702183],[0.045200568162691225,0.003964414826357165],[0.045232579060950746,0.004368583512523735],[0.04524265408426885,0.004772347571517061],[0.04523111632998065,0.005175287639314595],[0.04519834845176012,0.0055770008372812456],[0.045144789717920526,0.005977102727267405],[0.04507093283159285,0.006375229119674087],[0.04497732053155249,0.006771037724996916],[0.04486454199349085,0.007164209640328577],[0.04473322905244601,0.007554450663312469],[0.04458405226790872,0.007941492427092434],[0.04441771685380319,0.008325093350889077],[0.04423495849610336,0.008705039401945721],[0.0440365390812821,0.009081144665720582],[0.043823242359100366,0.009453251722349443],[0.043595869563425135,0.00982123182855889],[0.043355235014818666,0.010184984905367254],[0.043102161728566235,0.01054443933306231],[0.042837477051607314,0.010899551556085142],[0.042562008351505906,0.011250305501571823],[0.042276578780144215,0.011596711816402532],[0.04198200313424942,0.011938806928675086],[0.04167908383417304,0.012276651940550894],[0.041368607041537754,0.012610331360409793],[0.04105133893545403,0.01293995168319134],[0.0407280221659921,0.01326563982868747],[0.0403993725024825,0.013587541448381577],[0.04006607569301261,0.013905819112195607],[0.039728784550198994,0.014220650387207042],[0.03938811627694981,0.014532225821026711],[0.039044650044497,0.01484074684308282],[0.038698924833482765,0.015146423597534094],[0.038351437547337254,0.015449472721931621],[0.03800264140559224,0.01575011508606375],[0.03765294462314941,0.01604857350564876],[0.0373027093798689,0.01634507044568508],[0.036952251083174965,0.01663982572832751],[0.03660183792469869,0.016933054260130306],[0.036251690730302884,0.017224963793383435],[0.035901983101171285,0.01751575273606885],[0.03555284184200017,0.01780560802467845],[0.03520434767071719,0.018094703073768224],[0.0348565362025763,0.018383195815674092],[0.03450939919994945,0.018671226843287994],[0.03416288607766179,0.0189589176681901],[0.033816905652307674,0.019246369105758068],[0.03347132812264551,0.01953365979813124],[0.03312598726690909,0.01982084488510012],[0.032780682841697564,0.020107954832124478],[0.03243518316602259,0.02039499442376128],[0.03208922787310449,0.02068194192981231],[0.03174253081162572,0.020968748450485197],[0.03139478307737372,0.021255337445807373],[0.031045656155540217,0.021541604453445527],[0.03069480515339464,0.02182741699796952],[0.03034187210261713,0.022112614693466242],[0.029986489310265152,0.02239700954026093],[0.02962828273715745,0.02268038641534905],[0.029266875382391228,0.022962503754985514],[0.02890189065276362,0.02324309442672789],[0.02853295569604517,0.02352186678709252],[0.028159704677351315,0.02379850591986233],[0.027781781978274234,0.02407267504899105],[0.02739884529897142,0.024344017118984766],[0.027010568644053577,0.0246121565346156],[0.02661664517387103,0.024876701050838845],[0.02621678990365883,0.025137243802850467],[0.02581074223396258,0.025393365465341097],[0.025398268296822794,0.025644636529181215],[0.024979163103339978,0.025890619683014305],[0.0245532524794695,0.026130872286545606],[0.024120394778196105,0.026364948921696364],[0.023680482357607252,0.026592404007252667],[0.023233442815812494,0.026812794462175226],[0.022779239975136586,0.027025682402356595],[0.022317874609536627,0.027230637855315844],[0.021849384910751717,0.027427241477111265],[0.021373846690276307,0.027615087255628758],[0.02089137331584859,0.0277937851843704],[0.02040211538275233,0.02796296389092209],[0.019906260121836564,0.028122273204423624],[0.0194040305477524,0.028271386646596716],[0.018895684352481523,0.02841000383120618],[0.018381512550777558,0.02853785275723503],[0.017861837885650378,0.028654691981543835],[0.01733701300348651,0.028760312657355215],[0.01680741840980705,0.02885454042555407],[0.01627346021801089,0.02893723714651857],[0.01573556770472676,0.029008302460993094],[0.015194190686595926,0.029067675169377683],[0.01464979673442209,0.02911533441973485],[0.014102868241647783,0.02915130069579864],[0.013553899365044203,0.029175636597307764],[0.013003392856325825,0.029188447406068782],[0.012451856804119579,0.02918988143228081],[0.011899801306325486,0.02918013013681401],[0.011347735093398351,0.029159428026324923],[0.0107961621234553,0.02912805231930406],[0.0102455781703692,0.02908632238238115],[0.009696467426141928,0.029034598937452135],[0.00914929913886287,0.02897328304143431],[0.008604524307446935,0.02890281484169421],[0.008062572454112451,0.028823672111420826],[0.007523848495205047,0.028736368570427367],[0.006988729730498852,0.02864145199805196],[0.006457562970515381,0.028539502145984358],[0.0059306618206950105,0.028431128459966024],[0.005408304140440395,0.02831696762038849],[0.004890729694129786,0.028197680912843772],[0.00437813801017558,0.028073951440655266],[0.0038706864630853963,0.027946481192332125],[0.0033684885922755045,0.02781598797774058],[0.002871612670095932,0.027683202247565528],[0.002380080530159939,0.027548863811342632],[0.0018938666656359217,0.02741371846996932],[0.0014128976056637789,0.027278514579150155],[0.0009370515765098216,0.02714399956069412],[0.0004661584524820546,0.027010916378956112],[2.3145824503884977e-18,0.02688],[-0.0004616895834402944,0.02675197385125409],[-0.0009192228353368516,0.026627546299530826],[-0.0013729579008975245,0.02650740716528965],[-0.0018232971156884163,0.026392224290935528],[-0.0022706853031696905,0.026282640180765458],[-0.0027156077937206097,0.026179268729902054],[-0.0031585881733742645,0.026082692059188766],[-0.0036001857720625438,0.025993457472566147],[-0.004040992902705331,0.025912074552906228],[-0.00448163186395599,0.02583901241165402],[-0.004922751720829033,0.025774697106915392],[-0.0053650248787785355,0.025719509243842024],[-0.00580914346805864,0.02567378177030133],[-0.0062558155563739995,0.025637797979886003],[-0.006705761208911022,0.025611789733319217],[-0.007159708415824594,0.025595935908253008],[-0.007618388908132952,0.025590361086343147],[-0.008082533883741728,0.02559513448532162],[-0.008552869665971005,0.02561026914258142],[-0.00903011331749341,0.02563572135554572],[-0.009514968233003499,0.02567139038282058],[-0.01000811973422554,0.025717118408832725],[-0.010510230691027593,0.025772690773340663],[-0.011021937192441893,0.025837836465882266],[-0.01154384429129544,0.02591222888389534],[-0.012076521845929647,0.02599548685192284],[-0.012620500482135677,0.02608717589800179],[-0.013176267697952698,0.02618680978203869],[-0.013744264133373943,0.026293852269702458],[-0.0143248800262809,0.026407719144125458],[-0.014918451875084128,0.02652778044649934],[-0.015525259327594168,0.02665336293549315],[-0.016145522314581127,0.026783752754311076],[-0.016779398445314585,0.026918198293152742],[-0.017426980681110052,0.027055913233846523],[-0.0180882953015523,0.027196079762498906],[-0.01876330017662592,0.027337851935148226],[-0.019451883356466776,0.02748035918063095],[-0.020153861988862924,0.027622709924169358],[-0.020868981572988263,0.027763995314573218],[-0.021596915556153843,0.027903293037418373],[-0.02233726527862265,0.028039671196126083],[-0.0230895602697587,0.028172192242518494],[-0.023853258896983188,0.028299916938172073],[-0.024627749367196757,0.028421908327731414],[-0.025412351078508574,0.02853723570528341],[-0.026206316318297774,0.028644978554924455],[-0.0270088323018328,0.028744230446783148],[-0.027819023543896797,0.028834102869985563],[-0.028635954554122788,0.02891372898436919],[-0.02945863284504126,0.02898226727316354],[-0.030286012240190945,0.02903890507935699],[-0.031116996468054225,0.029082862009059605],[-0.031950443026056354,0.029113393185846062],[-0.032785167297422715,0.029129792340818136],[-0.03361994690232846,0.029131394723959335],[-0.03445352626350629,0.029117579823259368],[-0.03528462136530901,0.02908777387905995],[-0.03611192468415906,0.029041452182109583],[-0.036934110267364116,0.028978141144909056],[-0.037749838936441286,0.02889742013707475],[-0.03855776359037527,0.02879892307663822],[-0.039356534583645686,0.028682339770431328],[-0.04014480515339462,0.028547416997969515],[-0.040921236869773524,0.028393959334536534],[-0.04168450508330837,0.02822182971048294],[-0.042433304343056595,0.02803094970507378],[-0.04316635375939775,0.02782129957454876],[-0.043882402285502935,0.027592918015385774],[-0.04458023389186461,0.0273459016650776],[-0.045258672608736575,0.027080404344036337],[-0.04591658741193271,0.026796636043522438],[-0.04655289692815626,0.02649486166574986],[-0.04716657393688067,0.02617539952353831],[-0.04775664964676843,0.025838619608061716],[-0.04832221772569477,0.025484941634373523],[-0.04886243806463172,0.025114832875467095],[-0.04937654025693834,0.024728805796649034],[-0.04986382677598961,0.024327415502958933],[-0.050323675835550606,0.02391125701325549],[-0.050755543918857865,0.02348096237540295],[-0.051158967963999165,0.023037197637727616],[-0.051533567194873335,0.022580659692569782],[-0.05187904458876157,0.02211207300832691],[-0.05219518797333524,0.021632186266867973],[-0.052481870747756884,0.02114176892359297],[-0.0527390522243905,0.020641607707714747],[-0.052966777589514534,0.02013250308055066],[-0.0531651774833162,0.0196152656697282],[-0.05333446720132992,0.0190907126972319],[-0.05347494552135551,0.018559664419147682],[-0.053586993161742355,0.018022940594796918],[-0.05367107087874801,0.017481357002696096],[-0.05372771721245926,0.0169357220204321],[-0.053757545892495234,0.01638683328510745],[-0.05376124291638592,0.015835474450489984],[-0.05373956331512411,0.015282412056397658],[-0.05369332762192063,0.014728392525166759],[-0.05362341806163945,0.014174139299293748],[-0.05353077447974605,0.01362035013351159],[-0.053416390030861904,0.013067694553666048],[-0.05328130664817206,0.012516811493799856],[-0.05312661031597854,0.011968307121839647],[-0.052953426168620824,0.011422752863215922],[-0.05276291343979471,0.010880683630638273],[-0.052556260286985575,0.010342596267100062],[-0.052334678516289895,0.009808948208007168],[-0.05209939823332573,0.009280156367119676],[-0.05185166244622821,0.008756596249770272],[-0.051592721646886455,0.008238601295585266],[-0.05132382839660563,0.007726462451690425],[-0.051046231942269676,0.007220427976140799],[-0.05076117288883937,0.006720703470078086],[-0.050469877953646804,0.0062274521358978855],[-0.05017355482744416,0.005740795257507986],[-0.04987338716653471,0.005260812897585971],[-0.04957052973955991,0.004787544805603603],[-0.04926610375164334,0.004320991529285165],[-0.04896119236760495,0.003861115721111576],[-0.04865683645486197,0.003407843630477792],[-0.04835403056543348,0.0029610667711629287],[-0.048053719175168645,0.0025206437528858673],[-0.047756793196932865,0.002086402264898149],[-0.0474640867830179,0.0016581411988154844],[-0.04717637443049959,0.0012356328972122801],[-0.04689436840165841,0.0008186255139051009],[-0.04661871646991262,0.0004068454713320343],[-0.04635,4.036435849989677e-18],[-0.04608873236939025,-0.00040222025537794325],[-0.04583535773612815,-0.0008001385786962581],[-0.04559025015650339,-0.001194089490037057],[-0.04535371305412895,-0.0015844160339183685],[-0.045125979040195004,-0.0019714670641088113],[-0.044907210082857904,-0.0023555945408150897],[-0.04469749802193531,-0.0027371508558686067],[-0.04449686542331719,-0.003116486201271032],[-0.04430526676577746,-0.003493945996106333],[-0.04412258995119267,-0.0038698683863926686],[-0.043948658127549445,-0.004244581831932337],[-0.04378323181256144,-0.004618402793626086],[-0.04362601130422661,-0.004991633534052531],[-0.043476639363244585,-0.005364560043378025],[-0.04333470415088895,-0.0057374501018616075],[-0.04319974240469787,-0.006110551489358121],[-0.04307124283321399,-0.006484090351305072],[-0.042948649709976715,-0.00685826972971109],[-0.04283136664605441,-0.007233268266650483],[-0.04271876051960024,-0.007609239086716455],[-0.042610165540233495,-0.007986308863799852],[-0.042504887425486235,-0.008364577076447772],[-0.04240220766611881,-0.008744115454922806],[-0.04230138785679841,-0.009124967621936137],[-0.04220167406845231,-0.009507148927871696],[-0.04210230123855465,-0.009890646480161795],[-0.04200249755568066,-0.010275419365322518],[-0.04190148881486455,-0.010661399061016943],[-0.04179850272062583,-0.011048490034391987],[-0.04169277311498229,-0.011436570521836711],[-0.04158354410833998,-0.011825493484242514],[-0.04147007409184277,-0.012215087730814853],[-0.041351639610567426,-0.012605159203497278],[-0.04122753907786372,-0.012995492413128007],[-0.04109709631215491,-0.013385852017561302],[-0.040959663878627386,-0.013775984531156466],[-0.04081462621944324,-0.014165620154270158],[-0.04066140255739738,-0.014554474710687779],[-0.04049944955930704,-0.014942251680300651],[-0.04032826374685495,-0.015328644313781026],[-0.04014738364410383,-0.01571333781552976],[-0.03995639165244678,-0.016096011580774557],[-0.039754915645350566,-0.016476341472382174],[-0.03954263027687509,-0.016854002122717426],[-0.039319257999604985,-0.01722866924573693],[-0.03908456978929867,-0.0176000219444467],[-0.038838385575236736,-0.017967744998880656],[-0.0385805743769262,-0.018331531119871097],[-0.03831105414948099,-0.018691083154082397],[-0.038029791341642354,-0.019046116226063645],[-0.037736800172016347,-0.019396359803443865],[-0.037432141630681745,-0.019741559671841647],[-0.03711592221485007,-0.02008147980658884],[-0.03678829240873278,-0.020415904128970014],[-0.036449444919180826,-0.020744638135354647],[-0.036099612680000816,-0.021067510388342064],[-0.03573906663911222,-0.021384373859846526],[-0.035368113343886065,-0.021695107116917235],[-0.034987092341088745,-0.02199961534200972],[-0.034596373408841835,-0.022297831180396875],[-0.03419635363889143,-0.022589715408423798],[-0.03378745438825831,-0.022875257417364906],[-0.033370118120003456,-0.023154475508728737],[-0.03294480515339464,-0.023427416997969512],[-0.03251199034419044,-0.02369415812469815],[-0.03207215971607087,-0.023954803768632953],[-0.03162580706443333,-0.024209486971685356],[-0.031173430553840437,-0.024458368267731866],[-0.030715529330351855,-0.0247016348227735],[-0.03025260016979474,-0.024939499389322474],[-0.029785134182729912,-0.02517219907997504],[-0.029313613596453868,-0.0253999939662241],[-0.028838508633843362,-0.02562316550962928],[-0.028360274508202853,-0.025842014833487182],[-0.02787934855251827,-0.02605686084412969],[-0.02739614750066017,-0.026268038211910812],[-0.026911064937116924,-0.02647589522282496],[-0.026424468930783273,-0.026680791512520136],[-0.025936699867185227,-0.026883095695227312],[-0.025448068492294695,-0.027083182900817283],[-0.024958854179788086,-0.027281432233813255],[-0.02446930343223151,-0.027478224168728593],[-0.023979628625249716,-0.027673937896561734],[-0.02349000700225337,-0.027868948637660824],[-0.023000579925777975,-0.028063624936465695],[-0.022511452389928858,-0.02825832595384626],[-0.022022692796844733,-0.02845339877287727],[-0.02153433299849121,-0.028649175733924316],[-0.021046368603489265,-0.028845971814860566],[-0.020558759547078045,-0.02904408207208936],[-0.02007143092071509,-0.02924377915781633],[-0.019584274056243883,-0.02944531092869419],[-0.019097147858009794,-0.029648898160558407],[-0.018609880374798722,-0.029854732383482116],[-0.01812227060200782,-0.03006297385080848],[-0.017634090503051054,-0.03027374965516827],[-0.017145087237654497,-0.030487152003767216],[-0.016654985583422172,-0.0307032366644302],[-0.01616349053585319,-0.030922021593027104],[-0.015670290070877703,-0.031143485751978468],[-0.0151750580529559,-0.03136756812855473],[-0.014677457270856032,-0.03159416696064658],[-0.014177142582404722,-0.03182313917659961],[-0.013673764148782037,-0.03205430005458056],[-0.013166970738329314,-0.0322874231057822],[-0.01265641307934251,-0.032522240184583225],[-0.012141747240951007,-0.03275844182756649],[-0.011622638020924562,-0.032995677822069656],[-0.01109876231911847,-0.033233558003703714],[-0.010569812475255421,-0.033471653281031515],[-0.010035499549852729,-0.03370949688436196],[-0.00949555652733911,-0.03394658583438591],[-0.008949741420757645,-0.03418238262517048],[-0.008397840257928285,-0.03441631711484028],[-0.007839669929532151,-0.03464778861611857],[-0.007275080880287572,-0.03487616817777995],[-0.006703959625200972,-0.035100801046989434],[-0.006126231073799663,-0.035321009301473666],[-0.005541860646273912,-0.03553609463949552],[-0.0049508561665750584,-0.03574534131468849],[-0.004353269518724101,-0.0359480192019572],[-0.003749198053874134,-0.03614338697987065],[-0.003138785737038856,-0.0363306954142669],[-0.002522224023831705,-0.036509190727161724],[-0.0018997524590585483,-0.03667811803450422],[-0.0012716589905522886,-0.03683672483586295],[-0.0006382799932327699,-0.03698426453874914],[-9.588984437323771e-18,-0.03711999999999999],[0.0006427488622745064,-0.03724320706645116],[0.0012894877317252346,-0.03735317809702624],[0.001939692163824779,-0.03744922544836473],[0.002592793573779186,-0.0375306849061955],[0.0032481809640290834,-0.0375969190448441],[0.0039052029302494313,-0.037647320497534116],[0.004563169937625318,-0.03768131512050902],[0.005221356857597885,-0.03769836503445446],[0.005879005753744137,-0.03769797152724456],[0.006535328903973433,-0.037679677802663424],[0.007189512044812307,-0.037643071560462524],[0.007840717822204028,-0.03758778739390396],[0.008488089431988869,-0.03751350899180161],[0.009130754432053117,-0.037419971133006234],[0.009767828707051642,-0.03730696146227863],[0.010398420565626948,-0.03717432203755375],[0.011021634949166689,-0.037021950639713024],[0.011636577730376543,-0.036849801837144196],[0.012242360079289371,-0.03665788779857444],[0.012838102873800331,-0.03644627884890509],[0.013422941131402782,-0.036215103764049975],[0.0139960284385153,-0.035964549802075425],[0.014556541353627184,-0.035694862469255545],[0.015103683760459695,-0.035406345020979106],[0.015636691147435086,-0.03509935769877306],[0.016154834789970565,-0.03477431670603152],[0.016657425812467985,-0.03443169292635157],[0.01714381910734708,-0.034072010389674647],[0.017613417089075156,-0.03369584449270234],[0.01806567326186801,-0.03330381998129785],[0.01850009558058124,-0.03289660870378647],[0.01891624958526391,-0.032474927145229184],[0.019313761290913188,-0.03203953375385263],[0.019692319815134498,-0.031591226071873216],[0.02005167972767728,-0.031130837683946932],[0.020391663107173073,-0.03065923499740146],[0.020712161291841537,-0.030177313869264834],[0.021013136312447823,-0.02968599609588203],[0.021294621997378662,-0.029186225781613312],[0.021556724741351525,-0.028678965603721504],[0.021799623930967186,-0.028165192991087676],[0.022023572022057902,-0.02764589623483146],[0.022228894265555865,-0.027122070549263036],[0.02241598808040676,-0.026594714101845354],[0.022585322073865436,-0.026064824031005546],[0.02273743471133016,-0.02553339247069786],[0.022872932639686382,-0.025001402600585174],[0.022992488669931373,-0.024469824740579765],[0.023096839426628397,-0.02393961250825606],[0.023186782673483283,-0.023411699057332185],[0.023263174326038232,-0.022886993415002527],[0.02332692516412806,-0.022366376935404313],[0.02337899725833505,-0.021850699885908938],[0.023420400126200044,-0.021340778182256725],[0.02345218663539204,-0.020837390287795923],[0.023475448672399625,-0.02034127429125583],[0.023491312596574932,-0.01985312517657803],[0.023500934500530885,-0.01937359229735507],[0.023505495298956403,-0.018903277067391828],[0.023506195668867542,-0.018442730877808327],[0.023504250865149484,-0.017992453249959694],[0.023500885435960746,-0.017552890232255664],[0.023497327863161867,-0.01712443304773309],[0.02349480515339464,-0.01670741699796953],[0.023494537405770136,-0.01630212062763772],[0.023497732382323635,-0.015908765152689356],[0.023505580107460546,-0.015527514153835222],[0.02351924752254855,-0.015158473535660431],[0.02353987322160838,-0.014801691750385228],[0.023568562293719005,-0.014457160283964125],[0.023606381297284727,-0.014124814400910317],[0.02365435339071361,-0.013804534142950891],[0.02371345364333224,-0.013496145575362871],[0.02378460454951388,-0.013199422273621829],[0.023868671768031077,-0.012914087041815124],[0.023966460107563255,-0.012639813853142206],[0.0240787097781018,-0.012376230001745004],[0.024206092926704177,-0.01212291845409307],[0.024349210474662628,-0.011879420387192328],[0.024508589271678476,-0.01164523789999905],[0.02468467958107755,-0.011419836883608028],[0.02487785290847447,-0.011202650035046606],[0.02508840018460052,-0.01099307999885224],[0.02531653031126291,-0.01079050262003929],[0.025562369077607543,-0.010594270291577968],[0.02582595845202713,-0.010403715379113219],[0.026107256253196084,-0.01021815370534911],[0.026406136201837394,-0.010036888076313203],[0.026722388352940656,-0.009859211831599175],[0.027055719906266432,-0.009684412400662944],[0.02740575639110033,-0.009511774847318083],[0.02777204321936753,-0.009340585384741142],[0.02815404759939899,-0.009170134843552684],[0.02855116080085848,-0.008999722075887262],[0.028962700759609956,-0.008828657278799635],[0.029387915009629874,-0.00865626522087578],[0.02982598392746529,-0.008481888356519961],[0.03027602427320587,-0.008304889813072487],[0.030737093010492274,-0.008124656236670079],[0.031208191386725807,-0.007940600483590502],[0.03168826925338499,-0.007752164144718802],[0.03217622960520124,-0.007558819891729199],[0.032670933315898876,-0.007360073634590955],[0.03317120404727796,-0.007155466481069675],[0.03367583330760619,-0.006944576490005139],[0.034183585634604,-0.006727020211293441],[0.0346932038777468,-0.006502454006681767],[0.03520341455418321,-0.006270575146689226],[0.0357129332522722,-0.006031122680192686],[0.03622047005658109,-0.005783878074454419],[0.03672473496816086,-0.005528665624611573],[0.037224443294021047,-0.005265352632891435],[0.03771832097997007,-0.004993849359050932],[0.038205109861357875,-0.004714108744761406],[0.03868357280676309,-0.004426125915859151],[0.03915249873029557,-0.0041299374675572],[0.03961070744894028,-0.0038256205388524822],[0.04005705436224055,-0.0035132916834646733],[0.04049043493260708,-0.003193105545696954],[0.04090978894563577,-0.0028652533506140923],[0.04131410453101655,-0.0025299612188812454],[0.04170242192591349,-0.002187488317492859],[0.04207383696408054,-0.0018381248584432106],[0.04242750427544759,-0.0014821899581392692],[0.04276264018245184,-0.0011200293710347017],[0.04307852528099997,-0.0007520131115612918],[0.04337450669561038,-0.0003785329789540636],[0.043649999999999994,-7.602607329106768e-18]]}},{"type":"Feature","properties":{"kind":"foreshore","demo":true},"geometry":{"type":"Polygon","coordinates":[[[0.0441738,0.0],[0.04443134468568635,0.00038775609324702415],[0.044667186377888586,0.0007797460473313632],[0.04488094962992544,0.0011755116515484193],[0.045072332540388615,0.001574586104512812],[0.04524110693426824,0.0019764967799433177],[0.0453871181904429,0.002380767979918392],[0.04551028471940888,0.002786923659785654],[0.0456105970969067,0.0031944901091786972],[0.04568811686084781,0.0036029985739506097],[0.045742974980643517,0.0040119878042734515],[0.045775370009682154,0.00442100651467402],[0.04578556593328008,0.004829615742375267],[0.04577388972594041,0.0052373910909863704],[0.045740728633181245,0.00564392484732862],[0.04568652719453557,0.006048827959994615],[0.045611784025571964,0.006451731869110178],[0.045517048377931114,0.00685229017769688],[0.04540291649741274,0.00725018015601252],[0.04527002780107537,0.00764510407127222],[0.045119060895123624,0.008036790336217542],[0.044950729456048825,0.008424994471099746],[0.044765777998056595,0.00880949987476907],[0.044564977550257484,0.00919011840170923],[0.04434912126740957,0.009566690743017638],[0.04411901999818624,0.009939086610501597],[0.04387549783499649,0.010307204724231661],[0.043619387669309034,0.010670972605059056],[0.043351526776226605,0.011030346174758164],[0.04307275245172398,0.011385309167590684],[0.04278389772550595,0.011735872358199362],[0.04248578717186041,0.012082072611819188],[0.04217923284018312,0.012423971763837508],[0.04186503032603621,0.01276165533673471],[0.041543955002679475,0.013095231103389638],[0.041216758431984,0.013424827506631721],[0.040884164972512294,0.013750591945762154],[0.040546868601328764,0.014072688941541954],[0.04020552996480138,0.014391298191853528],[0.039860773672273205,0.014706612530879033],[0.03951318584503096,0.015018835805199816],[0.03916331193148456,0.015328180680704505],[0.038811654797905305,0.015634866394594802],[0.038458673102459345,0.015939116467096514],[0.0381047799586272,0.016241156387716543],[0.03775034189242732,0.0165412112910333],[0.03739567809617307,0.016839503637067443],[0.03704105997979507,0.01713625091125187],[0.036686711019066516,0.017431663358904035],[0.03633280689838535,0.017725941768901677],[0.035979475944104174,0.018019275320974595],[0.03562679984276579,0.018311839510653447],[0.03527481463700721,0.018603794165462182],[0.034923511990348835,0.018895281565407453],[0.03457284071059373,0.01918642468020838],[0.03422270852013537,0.01947732553502717],[0.03387298406011726,0.019768063715708818],[0.033523499114111996,0.02005869502372132],[0.03317405103579794,0.020349250290109974],[0.03282440536401486,0.020639734356846413],[0.03247429860758174,0.020930125232970057],[0.03212344118136523,0.021220373431891024],[0.031771520474302206,0.021510401495157063],[0.0314182040294067,0.021800103706886873],[0.031063142815235374,0.022089346001945155],[0.030705974567848536,0.022377966069787838],[0.030346327181988333,0.02266577365474406],[0.029983822130003335,0.02295255105233324],[0.029618077886979927,0.023238053800045344],[0.029248713340596783,0.023522011559848625],[0.028875351164397718,0.02380412918853763],[0.028497621133479534,0.02408408799090068],[0.028115163362013525,0.024361547149578944],[0.027727631442559075,0.024636145324412585],[0.027334695467782215,0.02490750241303099],[0.026936044915957483,0.025175221463448916],[0.02653139138250273,0.025438890728484674],[0.02612047114077013,0.025698085850925197],[0.025703047516384667,0.02595237216753139],[0.02527891306058006,0.02620130711921048],[0.024847891509223133,0.02644444275398416],[0.024409839515534458,0.026681328308756722],[0.023964648145898538,0.0269115128553397],[0.023512244129602244,0.02713454799572133],[0.023052590854838226,0.027349990591184873],[0.022585689104851064,0.027557405509579636],[0.022111577529680734,0.0277563683748366],[0.021630332850559618,0.027946468302696304],[0.021142069795638777,0.028127310606582846],[0.02064694076734536,0.028298519457613157],[0.0201451352432986,0.028459740482876708],[0.019636878914325428,0.028610643286355878],[0.019122432564711304,0.028750923877180652],[0.018602090701386888,0.028880306990321847],[0.018076179940278183,0.02899854828532236],[0.017545057159528348,0.029105436409243478],[0.017009107430724733,0.029200794910660723],[0.01646874174062702,0.029284483992276795],[0.015924394517183478,0.029356402090525015],[0.015376520974835075,0.02941648727141022],[0.014825594295235153,0.029464718432771674],[0.014272102660547556,0.029501116304148225],[0.013716546157424734,0.02952574423647546],[0.013159433570601736,0.02953870877494161],[0.012601279085769012,0.02954016000946818],[0.01204259892200139,0.02953029169845578],[0.01148390791451913,0.029509341162640822],[0.010925716068936763,0.02947758894713571],[0.01036852510841363,0.029435358250969726],[0.009812825035255632,0.02938301412470156],[0.009259090728529226,0.029320962437931523],[0.008707778599136297,0.029249648619794545],[0.008159323323561802,0.02916955617675788],[0.007614134677147507,0.0290812049932725],[0.007072594487264839,0.028985149422028584],[0.006535053726161566,0.028881976171736174],[0.006001829762543351,0.02877230200148562],[0.005473203790125679,0.02865677123183315],[0.004949418450459343,0.028536053083797898],[0.004430675666297687,0.02841083885794313],[0.003917134700642421,0.028281838966640112],[0.0034089104553828107,0.02814977983347347],[0.0029060720221370825,0.028015400674536315],[0.0024086414965218583,0.027879450177078744],[0.0019165930656235529,0.027742683091608954],[0.0014298523769317442,0.027605856754099958],[0.0009482961954279393,0.02746972755542245],[0.0004717523539118392,0.027335047375503588],[2.3423574397931596e-18,0.02720256],[-0.00046722985844157785,0.02707299753746914],[-0.0009302535093608939,0.0269470768551252],[-0.0013894333957082947,0.026825496051273125],[-0.0018451766810766773,0.02670893098242676],[-0.0022979335268077266,0.026598031862934645],[-0.0027481950872452567,0.026493419954660882],[-0.0031964912314547556,0.026395684363899035],[-0.0036433880013272938,0.026305378962236944],[-0.004089484817537795,0.026223019447541105],[-0.004535411446323461,0.02614908056059387],[-0.004981824741478982,0.026083993472198377],[-0.005429405177323877,0.02602814335476813],[-0.005878853189675343,0.025981867151544952],[-0.006330885343050488,0.025945451555644636],[-0.0067862303434179545,0.02591913121011905],[-0.007245624916814489,0.025903087139152046],[-0.007709809575030547,0.02589744541937927],[-0.00817952429034663,0.025902276099145485],[-0.008655504101962657,0.025917592372292398],[-0.00913847467730333,0.025943350011812274],[-0.009629147851799542,0.025979447067414427],[-0.010128217171036246,0.026025723829738723],[-0.010636353459319925,0.026081963062620752],[-0.011154200438751196,0.026147890503472857],[-0.011682370422790984,0.02622317563050209],[-0.012221440108080803,0.026307432694145916],[-0.012771946487921305,0.026400222008777816],[-0.01333438291032813,0.026501051499423157],[-0.013909195302974428,0.02660937849693889],[-0.014496778586596268,0.02672461177385497],[-0.015097473297585137,0.026846113811857333],[-0.015711562439525296,0.02697320329071907],[-0.0163392685823561,0.027105157787362808],[-0.01698075122665836,0.027241216672670578],[-0.01763610444928337,0.02738058419265268],[-0.01830535484517093,0.027522432719648895],[-0.01898845977874543,0.027665906158370005],[-0.019685305956744375,0.027810123490798522],[-0.02039570833272928,0.027954182443259395],[-0.02111940935186412,0.028097163258348098],[-0.02185607854282769,0.028238132553867396],[-0.02260531246196612,0.028376147250479596],[-0.023366634992995808,0.028510258549428718],[-0.024139498003746984,0.02863951594143014],[-0.024923282359603116,0.02876297122766419],[-0.02571729929145067,0.02887968253374681],[-0.026520792114117345,0.028988718297583548],[-0.02733293828945479,0.029089161212144544],[-0.028152851826423558,0.029180112104425386],[-0.02897958600877226,0.02926069373218163],[-0.029812136439181753,0.029330054480441507],[-0.030649444387073232,0.029387371940309277],[-0.031490400425670875,0.029431856353168324],[-0.03233384834236903,0.029462753904076214],[-0.03317858930499179,0.029479349848907953],[-0.0340233862651564,0.02948097146064685],[-0.03486696857866836,0.029466990781138482],[-0.03570803682169272,0.029436827165608675],[-0.03654526778036897,0.029389949608294903],[-0.037377319590572486,0.02932587883864797],[-0.03820283700367858,0.02924418917871965],[-0.039020456753459776,0.029144510153557884],[-0.03982881299864943,0.029026527847676505],[-0.04062654281523536,0.028889986001945155],[-0.04141229171221081,0.02873468684655097],[-0.04218471914430807,0.028560491667008733],[-0.04294250399517328,0.028367321101534667],[-0.04368435000451052,0.028155155169443346],[-0.044408991112928974,0.027924033031570403],[-0.04511519669856698,0.027674052485058533],[-0.045801776680041414,0.027405369196164774],[-0.046467586460875905,0.027118195676044708],[-0.04711153169129413,0.02681280000573886],[-0.047732572824123236,0.026489504317820767],[-0.04832972944252965,0.02614868304335846],[-0.04890208433840311,0.02579076093398601],[-0.04944878732140729,0.0254162108699727],[-0.0499690587400216,0.025025551466208825],[-0.05046219269730149,0.02461934448899444],[-0.05092755994557721,0.02419819209741456],[-0.051364610445884154,0.023762733923907785],[-0.051772875579567154,0.02331364400938035],[-0.05215197000121181,0.02285162760888062],[-0.05250159312382671,0.022377417884426837],[-0.052821530229015264,0.02189177250207039],[-0.05311165319672997,0.021395470150676086],[-0.053371920851083186,0.02088930700020733],[-0.05360237892058871,0.02037409311751727],[-0.05380315961311599,0.019850648857764937],[-0.05397448080774588,0.019319801249598683],[-0.05411664486761178,0.018782380392177455],[-0.054230037079683255,0.01823921588193448],[-0.054315123729292994,0.01769113328672845],[-0.05437244981900877,0.017138950684677287],[-0.05440263644320518,0.01658347528452874],[-0.05440637783138255,0.016025500143895866],[-0.054384438074905596,0.015465801001074428],[-0.054337647553383675,0.014905133235468762],[-0.054266899078379116,0.014344228970885274],[-0.054173143773503005,0.01378379433511373],[-0.054057386711232246,0.013224506888310042],[-0.05392068232795012,0.012667013231725453],[-0.053764129639770286,0.012111926807301724],[-0.053588867282644274,0.011559825897574514],[-0.05339606840107224,0.011011251834205933],[-0.053186935410429396,0.010466707422305264],[-0.052962694658485375,0.009926655586503255],[-0.05272459101212564,0.009391518243525113],[-0.05247388239558295,0.008861675404767516],[-0.052211834306649094,0.00833746451113229],[-0.0519397143373649,0.007819180001110712],[-0.051658786725576916,0.007307073111854489],[-0.05137030696350544,0.006801351911719023],[-0.05107551648909057,0.006302181561528661],[-0.05077563748537349,0.0058096848005980825],[-0.05047186781253313,0.005323942652357003],[-0.05016537609643463,0.004844995343270847],[-0.04985729699666307,0.004372843427636586],[-0.04954872667601621,0.003907449109764915],[-0.04924071849232031,0.003448737754043526],[-0.04893427893221868,0.0029965995724168843],[-0.048630363805270665,0.002550891477920498],[-0.04832987471529606,0.002111439092076927],[-0.04803365582441412,0.0016780388932012703],[-0.04774249092366558,0.0012504604919788274],[-0.04745710082247831,0.0008284490200719621],[-0.04717814106755157,0.00041172761698801875],[-0.046906199999999995,4.084873080189553e-18],[-0.04664179715782293,-0.00040704689844247866],[-0.04638538202896169,-0.0008097402416406132],[-0.046137333158381436,-0.0012084185639175016],[-0.04589795761077849,-0.001603429026325389],[-0.045667490788677344,-0.001995124668878117],[-0.0454460966038522,-0.002383861675304871],[-0.045233867998198535,-0.0027699966661390305],[-0.04503082780839699,-0.0031538840356862843],[-0.04483692996696679,-0.0035358733480596086],[-0.04465206103060698,-0.003916306807029381],[-0.044476042025080036,-0.004295516813915525],[-0.04430863059431217,-0.0046738236271495984],[-0.044149523439877325,-0.0050515331364611605],[-0.043998359035603514,-0.005428934763898562],[-0.04385472060069961,-0.005806299503083948],[-0.04371813931355424,-0.00618387810723042],[-0.043588097747212555,-0.006561899435520734],[-0.04346403350649644,-0.006940568966467624],[-0.04334534304580706,-0.007320067485850289],[-0.04323138564583544,-0.007700549955757052],[-0.0431214875267163,-0.008082144570165452],[-0.04301494607459206,-0.008464952001365145],[-0.04291103415811223,-0.00884904484038188],[-0.042809004511079995,-0.009234467233399372],[-0.04270809415727373,-0.00962123471500616],[-0.0426075288534173,-0.010009334237923738],[-0.04250652752634883,-0.01039872439770639],[-0.04240430668064293,-0.010789335849749148],[-0.042300084753273334,-0.011181071914804693],[-0.04219308639236208,-0.011573809368098752],[-0.04208254663764006,-0.011967399406053424],[-0.041967714980944884,-0.012361668783584629],[-0.04184785928589423,-0.012756421113939247],[-0.04172226954679809,-0.013151438322085544],[-0.04159026146790077,-0.013546482241772037],[-0.04145117984517092,-0.013941296345530346],[-0.04130440173407656,-0.0143356075961214],[-0.04114933938808615,-0.014729128407216035],[-0.04098544295401873,-0.015121558700464261],[-0.04081220291181721,-0.015512588045546399],[-0.04062915224783306,-0.015901897869316114],[-0.04043586835227614,-0.016289163719743854],[-0.040231974633094775,-0.016674057570050763],[-0.040017141840197584,-0.017056250148190035],[-0.039791089095600245,-0.017435413276685775],[-0.03955358462677025,-0.01781122220778006],[-0.039304446202139576,-0.018183357938867228],[-0.03904354126944931,-0.018551509493309554],[-0.03877078679927476,-0.01891537615193139],[-0.038486148837742054,-0.01927466962077641],[-0.03818964177408054,-0.019629116121085192],[-0.03788132733024993,-0.019978458387903745],[-0.037561313281428275,-0.020322457564267902],[-0.03722975191763757,-0.02066089497851765],[-0.03688683825821099,-0.02099357379297891],[-0.03653280803216083,-0.021320320513002172],[-0.036167935438781565,-0.021640986346164685],[-0.0357925307040127,-0.021955448402320245],[-0.035406937449181816,-0.022263610726113835],[-0.035011529889747935,-0.022565405154561638],[-0.03460670988255813,-0.022860791993324883],[-0.03419290384091741,-0.023149760506373285],[-0.033770559537443505,-0.023432329214833483],[-0.03334014281523537,-0.023708546001945146],[-0.03290213422832072,-0.023978488022194527],[-0.03245702563266372,-0.024242261413856547],[-0.03200531674920653,-0.024500000815345584],[-0.031547511720486525,-0.02475186868694465],[-0.031084115682316078,-0.024998054440646785],[-0.030615631371832278,-0.025238773381994345],[-0.030142555792922673,-0.025474265468934745],[-0.029665376959611314,-0.02570479389381879],[-0.02918457073744948,-0.02593064349574483],[-0.028700597802301286,-0.02615211901148903],[-0.028213900735148487,-0.026369543174259248],[-0.02772490127066809,-0.026583254670453742],[-0.027233997716362326,-0.026793605965498863],[-0.02674156255795267,-0.02700096101067038],[-0.02624794026559145,-0.027205692843570044],[-0.02575344531420223,-0.027408181095627097],[-0.025258360429945538,-0.02760880942061902],[-0.02476293507341829,-0.027807962858753338],[-0.024267384168752713,-0.028006025151320474],[-0.023771887086280412,-0.02820337602131276],[-0.02327658688488731,-0.02840038843570329],[-0.022781589818608002,-0.028597425865292417],[-0.02228696511040687,-0.028794839558151795],[-0.021792744994473104,-0.028992965842731415],[-0.021298925026731134,-0.029192123476638895],[-0.020805464661642983,-0.02939261105695443],[-0.020312288091763667,-0.029594704507710127],[-0.019819285344918808,-0.029798654659838525],[-0.019326313632305914,-0.03000468493848511],[-0.018833198939296306,-0.030212989172083902],[-0.018339737849231912,-0.030423729537018183],[-0.01784569958908767,-0.030637034651030293],[-0.01735082828450635,-0.03085299782781243],[-0.016854845410423237,-0.03107167550440337],[-0.01635745242228343,-0.03129308585214343],[-0.015858333551728235,-0.03151720758100222],[-0.01535715874959137,-0.03174397894609738],[-0.014853586758106304,-0.03197329696417434],[-0.014347268293393578,-0.03220501684671881],[-0.01383784931856742,-0.03243895165523553],[-0.013324974387189265,-0.03267487218305158],[-0.012808290036294618,-0.03291250706679822],[-0.012287448207842418,-0.03315154312949728],[-0.011762109677175656,-0.0333916259559345],[-0.011231947466947891,-0.03363236069974816],[-0.010696650224958486,-0.03387331312040389],[-0.010155925544450961,-0.034114010846974296],[-0.00960950320566718,-0.034353944864398536],[-0.009057138317806735,-0.03459257121667253],[-0.008498614341023425,-0.03482931292021836],[-0.007933745968686536,-0.03506356207951201],[-0.007362381850851022,-0.035294682195913314],[-0.006784407140703383,-0.03552201065955331],[-0.006199745846685258,-0.03574486141309135],[-0.005608362974029199,-0.03596252777516947],[-0.005010266440573959,-0.03617428541046475],[-0.00440550875294879,-0.03637939543238069],[-0.0037941884305206235,-0.0365771076236291],[-0.003176451165883322,-0.036766663759238115],[-0.0025524907121176853,-0.03694730101588767],[-0.0019225494885672506,-0.03711825545091827],[-0.0012869188984389159,-0.03727876553389331],[-0.0006459393531515631,-0.037428075713214125],[-9.704052250571657e-18,-0.03756543999999999],[0.0006504618486218006,-0.03769012555124858],[0.0013049615845059375,-0.03780141623419056],[0.0019629684697906762,-0.03789861615374511],[0.002623907096664536,-0.03798105312506986],[0.0032871591355974326,-0.038048082073382235],[0.0039520653654124245,-0.03809908834350453],[0.004617927976876822,-0.038133490901955135],[0.005284013139889059,-0.03815074541486791],[0.005949553822789067,-0.0381503471855715],[0.006613752850821114,-0.03813183393629538],[0.007275786189350055,-0.03809478841918808],[0.007934806436070476,-0.03803884084263081],[0.008589946505172735,-0.037963671099703236],[0.009240323485237753,-0.03786901078660231],[0.00988504265153626,-0.037754644999825976],[0.010523201612414473,-0.037620413902004386],[0.011153894568556689,-0.03746621404738958],[0.011776216663141062,-0.037291999459189935],[0.012389268400240842,-0.037097782452157335],[0.012992160108285935,-0.03688363419509195],[0.013584016424979615,-0.03664968500921858],[0.014163980779777482,-0.03639612439970034],[0.014731219849870709,-0.03612320081888661],[0.01528492796558521,-0.03583122116123086],[0.015824331441204306,-0.035520549991158334],[0.016348692807450212,-0.035191608506503894],[0.0168573149222176,-0.034844873241467796],[0.017349544936635247,-0.03448087451435075],[0.017824778094144057,-0.03410019462661477],[0.018282461341010428,-0.03370346582107342],[0.018722096727548217,-0.0332913680082319],[0.019143244580287076,-0.03286462627097193],[0.01954552642640415,-0.032424008158898864],[0.019928627652916114,-0.0319703207847357],[0.020292299884409403,-0.03150440773615429],[0.020636363064459148,-0.031027145817370285],[0.020960707227343636,-0.03053944163569601],[0.0212652939481972,-0.03004222804903262],[0.021550157461347207,-0.02953646049099267],[0.02181540543824774,-0.029023113190966166],[0.02206121941813879,-0.028503175306980728],[0.022287854886322598,-0.027977646989649434],[0.022495640996742537,-0.027447535395854195],[0.02268497993737164,-0.0269138506710675],[0.022856345938751816,-0.026377601919377613],[0.02301028392786612,-0.025839793180346238],[0.023147407831362623,-0.0253014194317922],[0.023268398533970547,-0.024763462637466722],[0.023374001499747936,-0.024226887858355136],[0.023465024065565082,-0.023692639446020174],[0.02354233241795069,-0.023161637335982557],[0.02360684826609759,-0.022634773458629166],[0.023659545225435074,-0.02211290828453985],[0.023701444927714442,-0.02159686752044381],[0.023733612875016744,-0.021087438971249473],[0.02375715405646842,-0.020585369582750906],[0.023773208347733832,-0.020091362678696965],[0.023782945714537256,-0.01960607540492333],[0.023787561242543883,-0.019130116392200528],[0.023788270016893952,-0.01866404364834203],[0.023786301875531282,-0.01820836268895921],[0.02378289606119227,-0.017763524915042732],[0.023779295797519806,-0.017329926244305887],[0.023776742815235372,-0.016907906001945163],[0.023776471854639374,-0.016497746075169375],[0.023779705170911516,-0.01609967033452163],[0.02378764706875007,-0.015713844323681246],[0.023801478492819127,-0.015340375218088356],[0.023822351700267683,-0.01497931205138985],[0.023851385041243633,-0.014630646207371693],[0.023889657872852143,-0.01429431217372124],[0.023938205631402174,-0.013970188552666303],[0.023998015087052228,-0.013658099322267228],[0.02407001980410805,-0.01335781534090529],[0.02415509582924745,-0.013069056086316908],[0.024254057628854013,-0.012791491619379914],[0.02436765429543902,-0.012524744761765945],[0.024496566041824628,-0.012268393475542186],[0.024641401000358578,-0.012021973431838636],[0.024802692342938616,-0.011784980754799041],[0.024980895736050484,-0.011556874926211325],[0.025176387143376163,-0.011337081835467167],[0.02538946098681573,-0.011124996958838469],[0.025620328674998062,-0.010919988651479761],[0.025869117506538836,-0.010721401535076903],[0.026135869953451456,-0.010528559963662578],[0.02642054332823444,-0.0103407715498133],[0.026723009836259443,-0.010157330733228961],[0.027043057013175942,-0.009977522373578365],[0.02738038854514163,-0.0098006253494709],[0.027734625467793532,-0.009625916145485901],[0.02810530773799994,-0.009452672409358038],[0.02849189617059178,-0.009280176461675317],[0.028893774730468783,-0.009107718740797908],[0.02931025316872527,-0.00893460116614523],[0.029740569989745426,-0.008760140403526287],[0.030183895734594866,-0.008583671016798201],[0.03063933656448434,-0.008404548490829358],[0.03110593812661818,-0.008222152111510119],[0.03158268968336652,-0.008035887689393588],[0.03206852848442561,-0.007845190114455428],[0.03256234436046365,-0.007649525730429949],[0.03306298451568966,-0.007448394518206048],[0.0335692584958453,-0.007241332078842511],[0.03407994330729746,-0.007027911407885201],[0.034593788662219245,-0.006807744453828963],[0.03510952232427976,-0.0065804834547619475],[0.035625855528833406,-0.006345822048449497],[0.03614148845129946,-0.006103496152354998],[0.03665511569726007,-0.005853284611347874],[0.037165431787778785,-0.005595009612106913],[0.0376711366135493,-0.005328536864486132],[0.03817094083172971,-0.005053775551359544],[0.03866357117969417,-0.004770678049698543],[0.039147775680444245,-0.0044792394268494615],[0.039622328715059114,-0.004179496717167887],[0.04008603593832757,-0.0038715279853187125],[0.04053773901458743,-0.003555451183666249],[0.04097632015179837,-0.0032314228122453177],[0.04140070641298339,-0.002899636390821462],[0.041809873785388744,-0.0025603207535078204],[0.04220285098902445,-0.0022137381773027734],[0.042578723007649505,-0.0018601823567445293],[0.042936634326752966,-0.0014999762376369404],[0.043275791864641255,-0.0011334697234871183],[0.043595467584371966,-0.0007610372689000272],[0.043895000775957704,-0.0003830753747015124],[0.04417379999999999,-7.69383861705605e-18]],[[0.043649999999999994,-7.602607329106768e-18],[0.04337450669561038,-0.0003785329789540636],[0.04307852528099997,-0.0007520131115612918],[0.04276264018245184,-0.0011200293710347017],[0.04242750427544759,-0.0014821899581392692],[0.04207383696408054,-0.0018381248584432106],[0.04170242192591349,-0.002187488317492859],[0.04131410453101655,-0.0025299612188812454],[0.04090978894563577,-0.0028652533506140923],[0.04049043493260708,-0.003193105545696954],[0.04005705436224055,-0.0035132916834646733],[0.03961070744894028,-0.0038256205388524822],[0.03915249873029557,-0.0041299374675572],[0.03868357280676309,-0.004426125915859151],[0.038205109861357875,-0.004714108744761406],[0.03771832097997007,-0.004993849359050932],[0.037224443294021047,-0.005265352632891435],[0.03672473496816086,-0.005528665624611573],[0.03622047005658109,-0.005783878074454419],[0.0357129332522722,-0.006031122680192686],[0.03520341455418321,-0.006270575146689226],[0.0346932038777468,-0.006502454006681767],[0.034183585634604,-0.006727020211293441],[0.03367583330760619,-0.006944576490005139],[0.03317120404727796,-0.007155466481069675],[0.032670933315898876,-0.007360073634590955],[0.03217622960520124,-0.007558819891729199],[0.03168826925338499,-0.007752164144718802],[0.031208191386725807,-0.007940600483590502],[0.030737093010492274,-0.008124656236670079],[0.03027602427320587,-0.008304889813072487],[0.02982598392746529,-0.008481888356519961],[0.029387915009629874,-0.00865626522087578],[0.028962700759609956,-0.008828657278799635],[0.02855116080085848,-0.008999722075887262],[0.02815404759939899,-0.009170134843552684],[0.02777204321936753,-0.009340585384741142],[0.02740575639110033,-0.009511774847318083],[0.027055719906266432,-0.009684412400662944],[0.026722388352940656,-0.009859211831599175],[0.026406136201837394,-0.010036888076313203],[0.026107256253196084,-0.01021815370534911],[0.02582595845202713,-0.010403715379113219],[0.025562369077607543,-0.010594270291577968],[0.02531653031126291,-0.01079050262003929],[0.02508840018460052,-0.01099307999885224],[0.02487785290847447,-0.011202650035046606],[0.02468467958107755,-0.011419836883608028],[0.024508589271678476,-0.01164523789999905],[0.024349210474662628,-0.011879420387192328],[0.024206092926704177,-0.01212291845409307],[0.0240787097781018,-0.012376230001745004],[0.023966460107563255,-0.012639813853142206],[0.023868671768031077,-0.012914087041815124],[0.02378460454951388,-0.013199422273621829],[0.02371345364333224,-0.013496145575362871],[0.02365435339071361,-0.013804534142950891],[0.023606381297284727,-0.014124814400910317],[0.023568562293719005,-0.014457160283964125],[0.02353987322160838,-0.014801691750385228],[0.02351924752254855,-0.015158473535660431],[0.023505580107460546,-0.015527514153835222],[0.023497732382323635,-0.015908765152689356],[0.023494537405770136,-0.01630212062763772],[0.02349480515339464,-0.01670741699796953],[0.023497327863161867,-0.01712443304773309],[0.023500885435960746,-0.017552890232255664],[0.023504250865149484,-0.017992453249959694],[0.023506195668867542,-0.018442730877808327],[0.023505495298956403,-0.018903277067391828],[0.023500934500530885,-0.01937359229735507],[0.023491312596574932,-0.01985312517657803],[0.023475448672399625,-0.02034127429125583],[0.02345218663539204,-0.020837390287795923],[0.023420400126200044,-0.021340778182256725],[0.02337899725833505,-0.021850699885908938],[0.02332692516412806,-0.022366376935404313],[0.023263174326038232,-0.022886993415002527],[0.023186782673483283,-0.023411699057332185],[0.023096839426628397,-0.02393961250825606],[0.022992488669931373,-0.024469824740579765],[0.022872932639686382,-0.025001402600585174],[0.02273743471133016,-0.02553339247069786],[0.022585322073865436,-0.026064824031005546],[0.02241598808040676,-0.026594714101845354],[0.022228894265555865,-0.027122070549263036],[0.022023572022057902,-0.02764589623483146],[0.021799623930967186,-0.028165192991087676],[0.021556724741351525,-0.028678965603721504],[0.021294621997378662,-0.029186225781613312],[0.021013136312447823,-0.02968599609588203],[0.020712161291841537,-0.030177313869264834],[0.020391663107173073,-0.03065923499740146],[0.02005167972767728,-0.031130837683946932],[0.019692319815134498,-0.031591226071873216],[0.019313761290913188,-0.03203953375385263],[0.01891624958526391,-0.032474927145229184],[0.01850009558058124,-0.03289660870378647],[0.01806567326186801,-0.03330381998129785],[0.017613417089075156,-0.03369584449270234],[0.01714381910734708,-0.034072010389674647],[0.016657425812467985,-0.03443169292635157],[0.016154834789970565,-0.03477431670603152],[0.015636691147435086,-0.03509935769877306],[0.015103683760459695,-0.035406345020979106],[0.014556541353627184,-0.035694862469255545],[0.0139960284385153,-0.035964549802075425],[0.013422941131402782,-0.036215103764049975],[0.012838102873800331,-0.03644627884890509],[0.012242360079289371,-0.03665788779857444],[0.011636577730376543,-0.036849801837144196],[0.011021634949166689,-0.037021950639713024],[0.010398420565626948,-0.03717432203755375],[0.009767828707051642,-0.03730696146227863],[0.009130754432053117,-0.037419971133006234],[0.008488089431988869,-0.03751350899180161],[0.007840717822204028,-0.03758778739390396],[0.007189512044812307,-0.037643071560462524],[0.006535328903973433,-0.037679677802663424],[0.005879005753744137,-0.03769797152724456],[0.005221356857597885,-0.03769836503445446],[0.004563169937625318,-0.03768131512050902],[0.0039052029302494313,-0.037647320497534116],[0.0032481809640290834,-0.0375969190448441],[0.002592793573779186,-0.0375306849061955],[0.001939692163824779,-0.03744922544836473],[0.0012894877317252346,-0.03735317809702624],[0.0006427488622745064,-0.03724320706645116],[-9.588984437323771e-18,-0.03711999999999999],[-0.0006382799932327699,-0.03698426453874914],[-0.0012716589905522886,-0.03683672483586295],[-0.0018997524590585483,-0.03667811803450422],[-0.002522224023831705,-0.036509190727161724],[-0.003138785737038856,-0.0363306954142669],[-0.003749198053874134,-0.03614338697987065],[-0.004353269518724101,-0.0359480192019572],[-0.0049508561665750584,-0.03574534131468849],[-0.005541860646273912,-0.03553609463949552],[-0.006126231073799663,-0.035321009301473666],[-0.006703959625200972,-0.035100801046989434],[-0.007275080880287572,-0.03487616817777995],[-0.007839669929532151,-0.03464778861611857],[-0.008397840257928285,-0.03441631711484028],[-0.008949741420757645,-0.03418238262517048],[-0.00949555652733911,-0.03394658583438591],[-0.010035499549852729,-0.03370949688436196],[-0.010569812475255421,-0.033471653281031515],[-0.01109876231911847,-0.033233558003703714],[-0.011622638020924562,-0.032995677822069656],[-0.012141747240951007,-0.03275844182756649],[-0.01265641307934251,-0.032522240184583225],[-0.013166970738329314,-0.0322874231057822],[-0.013673764148782037,-0.03205430005458056],[-0.014177142582404722,-0.03182313917659961],[-0.014677457270856032,-0.03159416696064658],[-0.0151750580529559,-0.03136756812855473],[-0.015670290070877703,-0.031143485751978468],[-0.01616349053585319,-0.030922021593027104],[-0.016654985583422172,-0.0307032366644302],[-0.017145087237654497,-0.030487152003767216],[-0.017634090503051054,-0.03027374965516827],[-0.01812227060200782,-0.03006297385080848],[-0.018609880374798722,-0.029854732383482116],[-0.019097147858009794,-0.029648898160558407],[-0.019584274056243883,-0.02944531092869419],[-0.02007143092071509,-0.02924377915781633],[-0.020558759547078045,-0.02904408207208936],[-0.021046368603489265,-0.028845971814860566],[-0.02153433299849121,-0.028649175733924316],[-0.022022692796844733,-0.02845339877287727],[-0.022511452389928858,-0.02825832595384626],[-0.023000579925777975,-0.028063624936465695],[-0.02349000700225337,-0.027868948637660824],[-0.023979628625249716,-0.027673937896561734],[-0.02446930343223151,-0.027478224168728593],[-0.024958854179788086,-0.027281432233813255],[-0.025448068492294695,-0.027083182900817283],[-0.025936699867185227,-0.026883095695227312],[-0.026424468930783273,-0.026680791512520136],[-0.026911064937116924,-0.02647589522282496],[-0.02739614750066017,-0.026268038211910812],[-0.02787934855251827,-0.02605686084412969],[-0.028360274508202853,-0.025842014833487182],[-0.028838508633843362,-0.02562316550962928],[-0.029313613596453868,-0.0253999939662241],[-0.029785134182729912,-0.02517219907997504],[-0.03025260016979474,-0.024939499389322474],[-0.030715529330351855,-0.0247016348227735],[-0.031173430553840437,-0.024458368267731866],[-0.03162580706443333,-0.024209486971685356],[-0.03207215971607087,-0.023954803768632953],[-0.03251199034419044,-0.02369415812469815],[-0.03294480515339464,-0.023427416997969512],[-0.033370118120003456,-0.023154475508728737],[-0.03378745438825831,-0.022875257417364906],[-0.03419635363889143,-0.022589715408423798],[-0.034596373408841835,-0.022297831180396875],[-0.034987092341088745,-0.02199961534200972],[-0.035368113343886065,-0.021695107116917235],[-0.03573906663911222,-0.021384373859846526],[-0.036099612680000816,-0.021067510388342064],[-0.036449444919180826,-0.020744638135354647],[-0.03678829240873278,-0.020415904128970014],[-0.03711592221485007,-0.02008147980658884],[-0.037432141630681745,-0.019741559671841647],[-0.037736800172016347,-0.019396359803443865],[-0.038029791341642354,-0.019046116226063645],[-0.03831105414948099,-0.018691083154082397],[-0.0385805743769262,-0.018331531119871097],[-0.038838385575236736,-0.017967744998880656],[-0.03908456978929867,-0.0176000219444467],[-0.039319257999604985,-0.01722866924573693],[-0.03954263027687509,-0.016854002122717426],[-0.039754915645350566,-0.016476341472382174],[-0.03995639165244678,-0.016096011580774557],[-0.04014738364410383,-0.01571333781552976],[-0.04032826374685495,-0.015328644313781026],[-0.04049944955930704,-0.014942251680300651],[-0.04066140255739738,-0.014554474710687779],[-0.04081462621944324,-0.014165620154270158],[-0.040959663878627386,-0.013775984531156466],[-0.04109709631215491,-0.013385852017561302],[-0.04122753907786372,-0.012995492413128007],[-0.041351639610567426,-0.012605159203497278],[-0.04147007409184277,-0.012215087730814853],[-0.04158354410833998,-0.011825493484242514],[-0.04169277311498229,-0.011436570521836711],[-0.04179850272062583,-0.011048490034391987],[-0.04190148881486455,-0.010661399061016943],[-0.04200249755568066,-0.010275419365322518],[-0.04210230123855465,-0.009890646480161795],[-0.04220167406845231,-0.009507148927871696],[-0.04230138785679841,-0.009124967621936137],[-0.04240220766611881,-0.008744115454922806],[-0.042504887425486235,-0.008364577076447772],[-0.042610165540233495,-0.007986308863799852],[-0.04271876051960024,-0.007609239086716455],[-0.04283136664605441,-0.007233268266650483],[-0.042948649709976715,-0.00685826972971109],[-0.04307124283321399,-0.006484090351305072],[-0.04319974240469787,-0.006110551489358121],[-0.04333470415088895,-0.0057374501018616075],[-0.043476639363244585,-0.005364560043378025],[-0.04362601130422661,-0.004991633534052531],[-0.04378323181256144,-0.004618402793626086],[-0.043948658127549445,-0.004244581831932337],[-0.04412258995119267,-0.0038698683863926686],[-0.04430526676577746,-0.003493945996106333],[-0.04449686542331719,-0.003116486201271032],[-0.04469749802193531,-0.0027371508558686067],[-0.044907210082857904,-0.0023555945408150897],[-0.045125979040195004,-0.0019714670641088113],[-0.04535371305412895,-0.0015844160339183685],[-0.04559025015650339,-0.001194089490037057],[-0.04583535773612815,-0.0008001385786962581],[-0.04608873236939025,-0.00040222025537794325],[-0.04635,4.036435849989677e-18],[-0.04661871646991262,0.0004068454713320343],[-0.04689436840165841,0.0008186255139051009],[-0.04717637443049959,0.0012356328972122801],[-0.0474640867830179,0.0016581411988154844],[-0.047756793196932865,0.002086402264898149],[-0.048053719175168645,0.0025206437528858673],[-0.04835403056543348,0.0029610667711629287],[-0.04865683645486197,0.003407843630477792],[-0.04896119236760495,0.003861115721111576],[-0.04926610375164334,0.004320991529285165],[-0.04957052973955991,0.004787544805603603],[-0.04987338716653471,0.005260812897585971],[-0.05017355482744416,0.005740795257507986],[-0.050469877953646804,0.0062274521358978855],[-0.05076117288883937,0.006720703470078086],[-0.051046231942269676,0.007220427976140799],[-0.05132382839660563,0.007726462451690425],[-0.051592721646886455,0.008238601295585266],[-0.05185166244622821,0.008756596249770272],[-0.05209939823332573,0.009280156367119676],[-0.052334678516289895,0.009808948208007168],[-0.052556260286985575,0.010342596267100062],[-0.05276291343979471,0.010880683630638273],[-0.052953426168620824,0.011422752863215922],[-0.05312661031597854,0.011968307121839647],[-0.05328130664817206,0.012516811493799856],[-0.053416390030861904,0.013067694553666048],[-0.05353077447974605,0.01362035013351159],[-0.05362341806163945,0.014174139299293748],[-0.05369332762192063,0.014728392525166759],[-0.05373956331512411,0.015282412056397658],[-0.05376124291638592,0.015835474450489984],[-0.053757545892495234,0.01638683328510745],[-0.05372771721245926,0.0169357220204321],[-0.05367107087874801,0.017481357002696096],[-0.053586993161742355,0.018022940594796918],[-0.05347494552135551,0.018559664419147682],[-0.05333446720132992,0.0190907126972319],[-0.0531651774833162,0.0196152656697282],[-0.052966777589514534,0.02013250308055066],[-0.0527390522243905,0.020641607707714747],[-0.052481870747756884,0.02114176892359297],[-0.05219518797333524,0.021632186266867973],[-0.05187904458876157,0.02211207300832691],[-0.051533567194873335,0.022580659692569782],[-0.051158967963999165,0.023037197637727616],[-0.050755543918857865,0.02348096237540295],[-0.050323675835550606,0.02391125701325549],[-0.04986382677598961,0.024327415502958933],[-0.04937654025693834,0.024728805796649034],[-0.04886243806463172,0.025114832875467095],[-0.04832221772569477,0.025484941634373523],[-0.04775664964676843,0.025838619608061716],[-0.04716657393688067,0.02617539952353831],[-0.04655289692815626,0.02649486166574986],[-0.04591658741193271,0.026796636043522438],[-0.045258672608736575,0.027080404344036337],[-0.04458023389186461,0.0273459016650776],[-0.043882402285502935,0.027592918015385774],[-0.04316635375939775,0.02782129957454876],[-0.042433304343056595,0.02803094970507378],[-0.04168450508330837,0.02822182971048294],[-0.040921236869773524,0.028393959334536534],[-0.04014480515339462,0.028547416997969515],[-0.039356534583645686,0.028682339770431328],[-0.03855776359037527,0.02879892307663822],[-0.037749838936441286,0.02889742013707475],[-0.036934110267364116,0.028978141144909056],[-0.03611192468415906,0.029041452182109583],[-0.03528462136530901,0.02908777387905995],[-0.03445352626350629,0.029117579823259368],[-0.03361994690232846,0.029131394723959335],[-0.032785167297422715,0.029129792340818136],[-0.031950443026056354,0.029113393185846062],[-0.031116996468054225,0.029082862009059605],[-0.030286012240190945,0.02903890507935699],[-0.02945863284504126,0.02898226727316354],[-0.028635954554122788,0.02891372898436919],[-0.027819023543896797,0.028834102869985563],[-0.0270088323018328,0.028744230446783148],[-0.026206316318297774,0.028644978554924455],[-0.025412351078508574,0.02853723570528341],[-0.024627749367196757,0.028421908327731414],[-0.023853258896983188,0.028299916938172073],[-0.0230895602697587,0.028172192242518494],[-0.02233726527862265,0.028039671196126083],[-0.021596915556153843,0.027903293037418373],[-0.020868981572988263,0.027763995314573218],[-0.020153861988862924,0.027622709924169358],[-0.019451883356466776,0.02748035918063095],[-0.01876330017662592,0.027337851935148226],[-0.0180882953015523,0.027196079762498906],[-0.017426980681110052,0.027055913233846523],[-0.016779398445314585,0.026918198293152742],[-0.016145522314581127,0.026783752754311076],[-0.015525259327594168,0.02665336293549315],[-0.014918451875084128,0.02652778044649934],[-0.0143248800262809,0.026407719144125458],[-0.013744264133373943,0.026293852269702458],[-0.013176267697952698,0.02618680978203869],[-0.012620500482135677,0.02608717589800179],[-0.012076521845929647,0.02599548685192284],[-0.01154384429129544,0.02591222888389534],[-0.011021937192441893,0.025837836465882266],[-0.010510230691027593,0.025772690773340663],[-0.01000811973422554,0.025717118408832725],[-0.009514968233003499,0.02567139038282058],[-0.00903011331749341,0.02563572135554572],[-0.008552869665971005,0.02561026914258142],[-0.008082533883741728,0.02559513448532162],[-0.007618388908132952,0.025590361086343147],[-0.007159708415824594,0.025595935908253008],[-0.006705761208911022,0.025611789733319217],[-0.0062558155563739995,0.025637797979886003],[-0.00580914346805864,0.02567378177030133],[-0.0053650248787785355,0.025719509243842024],[-0.004922751720829033,0.025774697106915392],[-0.00448163186395599,0.02583901241165402],[-0.004040992902705331,0.025912074552906228],[-0.0036001857720625438,0.025993457472566147],[-0.0031585881733742645,0.026082692059188766],[-0.0027156077937206097,0.026179268729902054],[-0.0022706853031696905,0.026282640180765458],[-0.0018232971156884163,0.026392224290935528],[-0.0013729579008975245,0.02650740716528965],[-0.0009192228353368516,0.026627546299530826],[-0.0004616895834402944,0.02675197385125409],[2.3145824503884977e-18,0.02688],[0.0004661584524820546,0.027010916378956112],[0.0009370515765098216,0.02714399956069412],[0.0014128976056637789,0.027278514579150155],[0.0018938666656359217,0.02741371846996932],[0.002380080530159939,0.027548863811342632],[0.002871612670095932,0.027683202247565528],[0.0033684885922755045,0.02781598797774058],[0.0038706864630853963,0.027946481192332125],[0.00437813801017558,0.028073951440655266],[0.004890729694129786,0.028197680912843772],[0.005408304140440395,0.02831696762038849],[0.0059306618206950105,0.028431128459966024],[0.006457562970515381,0.028539502145984358],[0.006988729730498852,0.02864145199805196],[0.007523848495205047,0.028736368570427367],[0.008062572454112451,0.028823672111420826],[0.008604524307446935,0.02890281484169421],[0.00914929913886287,0.02897328304143431],[0.009696467426141928,0.029034598937452135],[0.0102455781703692,0.02908632238238115],[0.0107961621234553,0.02912805231930406],[0.011347735093398351,0.029159428026324923],[0.011899801306325486,0.02918013013681401],[0.012451856804119579,0.02918988143228081],[0.013003392856325825,0.029188447406068782],[0.013553899365044203,0.029175636597307764],[0.014102868241647783,0.02915130069579864],[0.01464979673442209,0.02911533441973485],[0.015194190686595926,0.029067675169377683],[0.01573556770472676,0.029008302460993094],[0.01627346021801089,0.02893723714651857],[0.01680741840980705,0.02885454042555407],[0.01733701300348651,0.028760312657355215],[0.017861837885650378,0.028654691981543835],[0.018381512550777558,0.02853785275723503],[0.018895684352481523,0.02841000383120618],[0.0194040305477524,0.028271386646596716],[0.019906260121836564,0.028122273204423624],[0.02040211538275233,0.02796296389092209],[0.02089137331584859,0.0277937851843704],[0.021373846690276307,0.027615087255628758],[0.021849384910751717,0.027427241477111265],[0.022317874609536627,0.027230637855315844],[0.022779239975136586,0.027025682402356595],[0.023233442815812494,0.026812794462175226],[0.023680482357607252,0.026592404007252667],[0.024120394778196105,0.026364948921696364],[0.0245532524794695,0.026130872286545606],[0.024979163103339978,0.025890619683014305],[0.025398268296822794,0.025644636529181215],[0.02581074223396258,0.025393365465341097],[0.02621678990365883,0.025137243802850467],[0.02661664517387103,0.024876701050838845],[0.027010568644053577,0.0246121565346156],[0.02739884529897142,0.024344017118984766],[0.027781781978274234,0.02407267504899105],[0.028159704677351315,0.02379850591986233],[0.02853295569604517,0.02352186678709252],[0.02890189065276362,0.02324309442672789],[0.029266875382391228,0.022962503754985514],[0.02962828273715745,0.02268038641534905],[0.029986489310265152,0.02239700954026093],[0.03034187210261713,0.022112614693466242],[0.03069480515339464,0.02182741699796952],[0.031045656155540217,0.021541604453445527],[0.03139478307737372,0.021255337445807373],[0.03174253081162572,0.020968748450485197],[0.03208922787310449,0.02068194192981231],[0.03243518316602259,0.02039499442376128],[0.032780682841697564,0.020107954832124478],[0.03312598726690909,0.01982084488510012],[0.03347132812264551,0.01953365979813124],[0.033816905652307674,0.019246369105758068],[0.03416288607766179,0.0189589176681901],[0.03450939919994945,0.018671226843287994],[0.0348565362025763,0.018383195815674092],[0.03520434767071719,0.018094703073768224],[0.03555284184200017,0.01780560802467845],[0.035901983101171285,0.01751575273606885],[0.036251690730302884,0.017224963793383435],[0.03660183792469869,0.016933054260130306],[0.036952251083174965,0.01663982572832751],[0.0373027093798689,0.01634507044568508],[0.03765294462314941,0.01604857350564876],[0.03800264140559224,0.01575011508606375],[0.038351437547337254,0.015449472721931621],[0.038698924833482765,0.015146423597534094],[0.039044650044497,0.01484074684308282],[0.03938811627694981,0.014532225821026711],[0.039728784550198994,0.014220650387207042],[0.04006607569301261,0.013905819112195607],[0.0403993725024825,0.013587541448381577],[0.0407280221659921,0.01326563982868747],[0.04105133893545403,0.01293995168319134],[0.041368607041537754,0.012610331360409793],[0.04167908383417304,0.012276651940550894],[0.04198200313424942,0.011938806928675086],[0.042276578780144215,0.011596711816402532],[0.042562008351505906,0.011250305501571823],[0.042837477051607314,0.010899551556085142],[0.043102161728566235,0.01054443933306231],[0.043355235014818666,0.010184984905367254],[0.043595869563425135,0.00982123182855889],[0.043823242359100366,0.009453251722349443],[0.0440365390812821,0.009081144665720582],[0.04423495849610336,0.008705039401945721],[0.04441771685380319,0.008325093350889077],[0.04458405226790872,0.007941492427092434],[0.04473322905244601,0.007554450663312469],[0.04486454199349085,0.007164209640328577],[0.04497732053155249,0.006771037724996916],[0.04507093283159285,0.006375229119674087],[0.045144789717920526,0.005977102727267405],[0.04519834845176012,0.0055770008372812456],[0.04523111632998065,0.005175287639314595],[0.04524265408426885,0.004772347571517061],[0.045232579060950746,0.004368583512523735],[0.045200568162691225,0.003964414826357165],[0.0451463605344346,0.003560275270702183],[0.04506975997718053,0.0031566107798208466],[0.0449706370745147,0.002753877134175547],[0.044848931018224215,0.0023525375295636282],[0.04470465112081842,0.0019530600592325275],[0.044537878004336576,0.0015559151230363755],[0.04434876445644807,0.0011615727782099004],[0.04413753594653023,0.0007705000467701217],[0.043904490796132754,0.0003831581949081267],[0.04365,0.0]]]}},{"type":"Feature","properties":{"kind":"land","demo":true},"geometry":{"type":"Polygon","coordinates":[[[0.062164,0.03],[0.0621707864212302,0.030008381585513614],[0.06217700095857414,0.030016854688523095],[0.062182633718838615,0.03002540940452334],[0.06218767674678231,0.030034035643316418],[0.06219212402988849,0.030042723188795712],[0.06219597149381931,0.030051461758459203],[0.06219921698865372,0.03006024106231009],[0.062201860266058145,0.03006905086080858],[0.06220390294758492,0.03007788102154661],[0.06220534848433843,0.030086721574326562],[0.062206202108292016,0.030095562764336455],[0.0622064707755805,0.030104395103126933],[0.06220616310213282,0.030113209417110005],[0.06220528929204693,0.030121996893315527],[0.06220386105914455,0.030130749122158972],[0.062201891542175806,0.03013945813699287],[0.06219939521417473,0.030148116450234307],[0.062196387786493085,0.030156717085882186],[0.062192886108065226,0.03016525360825996],[0.06218890806047756,0.030173720146842647],[0.06218447244943475,0.030182111417050697],[0.062179598893229424,0.030190422736917563],[0.06217430770883419,0.030198650039562635],[0.06216861979624268,0.03020678988142639],[0.06216255652169134,0.030214839446249725],[0.06215613960039516,0.03022279654480491],[0.06214939097942843,0.030230659610410736],[0.062142332721376196,0.030238427690289362],[0.06213498688937349,0.03024610043284688],[0.062127375434137176,0.030253678070983805],[0.06211952008357998,0.030261161401564766],[0.06211144223557795,0.03026855176119955],[0.06210316285444101,0.030275850998508963],[0.062094702371612104,0.03028306144306981],[0.06208608059109312,0.030290185871252536],[0.0620773166000662,0.030297227469183344],[0.062068428685147004,0.030304189793079278],[0.062059434254671975,0.03031107672722015],[0.06205034976738533,0.03031789243983496],[0.062041190667853255,0.030324641337192437],[0.06203197132889287,0.030331328016196056],[0.06202270500126233,0.030337957215792254],[0.062013403770815795,0.030344533767507644],[0.06200407852328398,0.030351062545436066],[0.0619947389167965,0.03035754841599936],[0.061985393362218,0.030363996187807163],[0.0619760490113253,0.03037041056194035],[0.061966711752808074,0.030376796082980263],[0.06195738621603123,0.030383157091101506],[0.061948075782453337,0.03038949767553984],[0.061938782604552454,0.030395821629738678],[0.0619295076320687,0.03040213240846787],[0.061920250645331985,0.030408433087196925],[0.061911010295404315,0.030414726323991656],[0.0619017841507282,0.030421014324188457],[0.06189256874993721,0.03042729880808412],[0.06188335966045091,0.030433580981861563],[0.061874151542445265,0.030439861511952722],[0.0618649382177606,0.030446140503019775],[0.06185571274328278,0.030452417479714642],[0.06184646748831002,0.030458691372354362],[0.06183719421539663,0.030464960506627035],[0.06182788416414774,0.03047122259741912],[0.061818528137423855,0.03047747474683058],[0.06180911658940312,0.030483713446419574],[0.0617996397149404,0.030489934583693208],[0.06179008753965753,0.03049613345283576],[0.0617804500101971,0.030502304769640307],[0.061770717084073695,0.030508442690584673],[0.0617608788185612,0.03051454083596765],[0.0617509254580627,0.030520592316996987],[0.06174084751942065,0.030526589766696678],[0.061730635874639235,0.03053252537447779],[0.061720281830508095,0.030538390924194716],[0.06170977720463656,0.0305441778354871],[0.0616991143974309,0.030549877208187352],[0.061688286459572333,0.030555479869554335],[0.06167728715458194,0.030560976424075837],[0.06166611101608906,0.030566357305565936],[0.06165475339945252,0.030571612831268184],[0.061643210527418564,0.030576733257662105],[0.06163147952953619,0.03058170883765865],[0.061619558475088335,0.030586529878860083],[0.061607446399336976,0.03059118680255155],[0.06159514332292097,0.030595670203085033],[0.06158265026428671,0.030599970907311806],[0.06156996924507403,0.03060408003371688],[0.06155710328842263,0.030607989050908103],[0.06154405641020673,0.03061168983511392],[0.06153083360324897,0.030615174726346766],[0.06151744081460673,0.0306184365828943],[0.061503884916066176,0.030621468833807633],[0.06149017366802073,0.030624265529064516],[0.06147631567695067,0.03062682138709627],[0.061462320346759636,0.030629131839379643],[0.06144819782426152,0.030631193071808994],[0.06143395893914696,0.030633002062580093],[0.06141961513879271,0.030634556616334224],[0.061405178418309225,0.030635855394330135],[0.061390661246251255,0.030636897940431698],[0.06137607648644394,0.030637684702720595],[0.061361437316401174,0.030638217050566106],[0.061346757142835356,0.030638497287007755],[0.06133204951477652,0.03063852865633114],[0.06131732803483535,0.030638315346742804],[0.06130260626915729,0.030637862488075856],[0.06128789765662547,0.030637176144484773],[0.06127321541787651,0.030636263302114587],[0.06125857246469712,0.030635131851756765],[0.06124398131036968,0.030633790566531375],[0.061229453981531914,0.030632249074662058],[0.061215001932109665,0.03063051782743733],[0.061200635959872136,0.030628608062478097],[0.061186366126146634,0.030626531762457384],[0.06117220167921374,0.030624301609443405],[0.0611581509818852,0.030621930935061756],[0.061144221443745074,0.030619433666696],[0.061130419458510124,0.030616824269968458],[0.06111675034693802,0.03061411768776433],[0.06110321830568228,0.030611329276082264],[0.06108982636246068,0.030608474737013076],[0.061076576337869226,0.030605570049165493],[0.0610634688141376,0.030602631395873117],[0.06105050311108362,0.030599675091530578],[0.061037677269484364,0.03059671750641891],[0.06102498804204026,0.030593774990390184],[0.061012430892066184,0.030590863795789663],[0.061,0.030587999999999997],[0.060987688277774926,0.03058519942799618],[0.06097548739105768,0.030582477575302237],[0.060963387789309396,0.03057984953174071],[0.06095137874358164,0.030577329906364213],[0.06093944839191547,0.030574932753954242],[0.06092758379216745,0.030572671503466608],[0.06091577098204335,0.030570558888794754],[0.06090399504607833,0.030568606882212385],[0.06089224018926119,0.030566826630844823],[0.060880489816961175,0.03056522839650493],[0.06086872662077789,0.030563821499213772],[0.060856932669899236,0.030562614264709045],[0.060845089507518435,0.03056161397622534],[0.060833178251830024,0.030560826830810007],[0.060821179701095705,0.030560257900416356],[0.060809074442244676,0.030559911097993032],[0.06079684296244978,0.030559789148763755],[0.06078446576310022,0.03055989356686641],[0.060771923475574106,0.030560224637493968],[0.060759196978200175,0.03056078140465256],[0.060746267513786575,0.0305615616646242],[0.06073311680708732,0.030562561965193216],[0.0607197271815726,0.030563777610666826],[0.06070608167486821,0.030565202672691173],[0.06069216415223212,0.03056683000683521],[0.060677959417441876,0.03056865127488581],[0.06066345332047638,0.030570656972768787],[0.06064863286138793,0.030572836463982095],[0.060633486289776696,0.03057517801839974],[0.06061800319929918,0.030577668856277742],[0.06060217461666442,0.030580295197267172],[0.060585993084597486,0.030583042314213913],[0.06056945273827784,0.030585894591500552],[0.06055254937479161,0.030588835587662715],[0.060535280515170396,0.030591848101990393],[0.06051764545862527,0.030594914244804663],[0.06049964532862331,0.030598015511081367],[0.060481283110494215,0.030601132857076302],[0.06046256368029699,0.030604246779591202],[0.060443493824720314,0.030607337397506287],[0.060424082251835896,0.030610384535193526],[0.060404339592570064,0.030613367807415255],[0.06038427839280643,0.03061626670530509],[0.06036391309608045,0.030619060683022514],[0.060343260016874754,0.030621729244669122],[0.060322337304573106,0.030624252031053074],[0.06030116489817872,0.03062660890588897],[0.060279764471951124,0.03062878004102338],[0.06025815937216275,0.030630746000280932],[0.06023637454522339,0.030632487821533074],[0.06021443645746556,0.03063398709660045],[0.06019237300692824,0.030635226048610933],[0.060170213427518555,0.03063618760644818],[0.06014798818597183,0.030636855475940382],[0.060125728872068726,0.030637214207455396],[0.060103468082604576,0.030637249259586607],[0.06008123929963983,0.030636947058633797],[0.060059076763591755,0.030636295053604434],[0.060037015341755755,0.030635281766483648],[0.06001509039287029,0.030633896837544885],[0.059993337628361565,0.03063213106549851],[0.059971792970923324,0.03062997644230146],[0.05995049241110278,0.030627426182478185],[0.05992947186257614,0.030624474746830582],[0.05990876701680604,0.030621117860442984],[0.05988841319777844,0.030617352524916812],[0.05986844521751849,0.030613177024798488],[0.059848897233082725,0.030608590928193253],[0.05982980260571992,0.03060359508158656],[0.05981119376288361,0.03059819159892357],[0.05979310206376702,0.030592383845025793],[0.05977555766901513,0.030586176413452053],[0.05975858941524916,0.030579575098938275],[0.05974222469501651,0.030572586864577398],[0.05972648934275284,0.03056521980392635],[0.059711407527314804,0.03055748309825192],[0.05969700165160982,0.03054938696915084],[0.059683292259814974,0.030540942626801695],[0.059670297952640276,0.030532162214127224],[0.05965803531105198,0.030523058747164964],[0.05964651882883046,0.03051364605196194],[0.059635760854293354,0.03050393869832529],[0.05962577154147004,0.030493951930774962],[0.05961655881096636,0.03048370159705715],[0.05960812832071106,0.030473204074587736],[0.059600483446726485,0.030462476195203595],[0.05959362527401625,0.03045153516860626],[0.05958755259761295,0.030440398504887046],[0.05958226193377823,0.030429083936525304],[0.05957774754129787,0.030417609340251946],[0.05957400145276385,0.030405992659168855],[0.05957101351568687,0.03039425182551118],[0.05956877144323339,0.030382404684433977],[0.05956726087433442,0.030370468919196952],[0.05956646544286679,0.030358461978111723],[0.05956636685556304,0.030346401003604466],[0.059566944978263356,0.0303343027637337],[0.059568177930082115,0.03032218358648802],[0.059570042185022945,0.03031005929717205],[0.059572512680540105,0.030297945159170565],[0.059575562932510345,0.030285855818361445],[0.05957916515604875,0.03027380525142687],[0.0595832903915739,0.030261806718290242],[0.05958790863550344,0.030249872718882846],[0.05959298897493881,0.03023801495442021],[0.05959849972568038,0.03022624429334281],[0.059604408572898934,0.030214570742050157],[0.05961068271377798,0.03020300342053074],[0.05961728900143391,0.030191550542963724],[0.05962419408941636,0.030180219403340928],[0.059631364576090515,0.030169016366130726],[0.05963876714820614,0.030157946861978077],[0.059646368722964284,0.030147015388407958],[0.05965413658790275,0.030136225515472764],[0.05966203853793482,0.030125579896257988],[0.05967004300889241,0.030115080282134693],[0.05967811920694507,0.030104727542622577],[0.05968623723328951,0.030094521689703113],[0.05969436820353053,0.030084461906399313],[0.05970248436120368,0.0300745465794167],[0.059710559184921776,0.030064773335619188],[0.059718567488662166,0.030055139082094378],[0.059726485514748455,0.030045640049544645],[0.05973429101911952,0.030036271838724087],[0.05974196334852001,0.03002702946962652],[0.05974948350928911,0.030017907433116674],[0.059756834227469,0.03000889974468539],[0.059764,0.03],[0.05977096713681626,0.029991201431913608],[0.05977772379370325,0.029982496968591017],[0.05978425999582657,0.02997387929240544],[0.05979056765188989,0.029965340899258036],[0.05979664055892813,0.02995687415797262],[0.059802474397790455,0.02994847136941967],[0.059808066719415055,0.029940124825027874],[0.05981341692204487,0.029931826864347196],[0.05981852621957927,0.029923569931335173],[0.05982339760130153,0.02991534662904766],[0.05982803578326535,0.029907149772426478],[0.059832447151665025,0.029898972438889428],[0.059836639698553955,0.0298908080164426],[0.05984062295031348,0.029882650249051106],[0.05984440788930963,0.029874493279021776],[0.059848006869208055,0.02986633168617029],[0.05985143352444763,0.0298581605235652],[0.05985470267440062,0.029849975349662567],[0.05985783022277188,0.02984177225666702],[0.05986083305281066,0.029833547894978076],[0.059863728918927106,0.029825299493604376],[0.05986653633532037,0.029817024876452703],[0.05986927446223683,0.029808722474423562],[0.059871962990485375,0.029800391333270147],[0.05987462202484127,0.029792031117202807],[0.05987727196697187,0.02978364210824646],[0.05987993339851518,0.02977522520138357],[0.059882626964936944,0.029766781895540252],[0.05988537326078331,0.029758314280497675],[0.059888192716933804,0.029749825019834822],[0.05989110549044427,0.029741317330032192],[0.05989413135755086,0.029732794955888424],[0.05989728961038487,0.029724262142423494],[0.059900598957923636,0.029715723603462824],[0.05990407743167587,0.029707184487115845],[0.059907742296569935,0.029698650338380952],[0.05991160996748151,0.02969012705912534],[0.05991569593180274,0.029681620865703702],[0.059920014678418475,0.029673138244493424],[0.0599245796334172,0.029664685905636038],[0.059929403102823894,0.029656270735285286],[0.05993449622260142,0.029647899746670557],[0.05993986891612398,0.02963958003029164],[0.05994552985928333,0.029631318703565557],[0.05995148645334387,0.029623122860249502],[0.059957744805618704,0.029614999519965227],[0.059964309717993686,0.029606955578149484],[0.05997118468328197,0.02959899775675282],[0.059978371889347175,0.029591132556004447],[0.05998587223088954,0.029583366207554855],[0.05999368532874623,0.029575704629299666],[0.06000180955651515,0.029568153382178462],[0.060010242074270664,0.02956071762923087],[0.06001897886910046,0.02955340209717878],[0.06002801480215518,0.029546211040789114],[0.060037343661866645,0.029539148210255016],[0.060046958222957005,0.029532216821815855],[0.060056850310829704,0.029525419531817435],[0.0600670108709043,0.029518758414393536],[0.060077430042430886,0.029512234942928817],[0.060088097236296226,0.02950584997544073],[0.06009900121631311,0.029499603743995143],[0.06011013018346657,0.029493495848246558],[0.060121471862576145,0.029487525253169417],[0.060133013590821585,0.02948169029102223],[0.06014474240757144,0.029475988667561154],[0.060156645144948444,0.029470417472494383],[0.060168708518564255,0.029464973194143363],[0.06018091921785728,0.029459651738251828],[0.06019326399547214,0.02945444845085857],[0.0602057297551272,0.029449358145125545],[0.060218303637427896,0.029444375131988845],[0.06023097310309751,0.029439493254476857],[0.06024372601311459,0.029434705925517467],[0.06025655070526618,0.029430006169034663],[0.060269436066649064,0.02942538666411445],[0.06028237160167688,0.029420839792000702],[0.06029534749517911,0.02941635768566362],[0.06030835467020839,0.0294119322816669],[0.06032138484020547,0.02940755537404462],[0.06033443055520565,0.029403218669885333],[0.06034748524180716,0.02939891384630906],[0.06036054323666001,0.02939463260851271],[0.06037359981327324,0.029390366748551167],[0.06038665120197925,0.029386108204514812],[0.060399694602935226,0.029381849119759613],[0.06041272819208414,0.029377581901843308],[0.060425751120040234,0.029373299280820404],[0.06043876350390695,0.029368994366549925],[0.06045176641207792,0.029364660704673043],[0.060464761842114266,0.029360292330922768],[0.060477752691833496,0.029355883823434813],[0.060490742723786406,0.029351430352737785],[0.0605037365233387,0.02934692772911133],[0.06051673945061312,0.029342372447013564],[0.060529757586585305,0.029337761726293193],[0.060542797673662545,0.02933309354991759],[0.06055586705110874,0.02932836669796559],[0.06056897358571058,0.02932358077765253],[0.06058212559810992,0.02931873624917547],[0.06059533178525451,0.029313834447187864],[0.060608601139443836,0.029308877597735854],[0.0606219428644692,0.029303868830511882],[0.06063536628936581,0.029298812186306047],[0.060648880780311214,0.029293712619561013],[0.060662495651217535,0.02928857599596224],[0.060676220073574635,0.029283409085021982],[0.06069006298610868,0.029278219547642224],[0.06070403300482351,0.02927301591866898],[0.060718138333993185,0.029267807584477435],[0.06073238667867059,0.02926260475565458],[0.060746785159270955,0.029257418434872808],[0.0607613402287798,0.029252260380074394],[0.060776057593121914,0.02924714306311287],[0.060790942135212474,0.029242079624022404],[0.06080599784319233,0.02923708382111106],[0.060821227743327974,0.029232169977097103],[0.060836633838032006,0.029227352921530263],[0.060852217049432694,0.029222647929761033],[0.06086797716889133,0.02921807065874119],[0.06088391281283402,0.029213637079957184],[0.06090002138523002,0.02920936340981533],[0.0609162990470123,0.02920526603781291],[0.06093274069269782,0.029201361452843338],[0.060949339934425105,0.02919766616799522],[0.06096608909358527,0.029194196644215496],[0.060982979200180455,0.029190969213214863],[0.061,0.029188],[0.061017139969660655,0.02918530484542138],[0.06103438633951267,0.02918289922912755],[0.06105172512436866,0.02918079819331702],[0.06106914116196745,0.029179016267676973],[0.061086618159040776,0.029177567395894034],[0.06110413874480665,0.02917646486411644],[0.06112168453167001,0.029175721231738862],[0.061139236182869275,0.02917534826487131],[0.06115677348676651,0.029175356872841524],[0.06117427543743929,0.029175757048066738],[0.06119172032119499,0.02917655780961488],[0.061209085808592106,0.02917776715075835],[0.061226349051519705,0.02917939199080434],[0.06124348678485475,0.02918143813146549],[0.061260475432188044,0.029183910218012653],[0.061277291215083386,0.02918681170542851],[0.06129391026531111,0.029190144829756275],[0.06131030873947671,0.02919391058481247],[0.06132646293544772,0.029198108704406183],[0.06134234940996801,0.0292027376501802],[0.0613579450968374,0.029207794605161406],[0.06137322742502707,0.0292132754730796],[0.061388174436096725,0.029219174883485036],[0.061402764900278926,0.02922548620266608],[0.06141697843059827,0.02923220155033934],[0.061430795594399214,0.02923931182205556],[0.06144419802166581,0.02924680671723606],[0.06145716850952925,0.029254674772725867],[0.06146969112237534,0.029262903401722135],[0.06148175128698315,0.029271478937909108],[0.06149333588214883,0.02928038668460467],[0.061504433322273705,0.029289610968698112],[0.06151503363442435,0.029299135199134473],[0.06152512852840358,0.029308941929677774],[0.06153471145940473,0.02931901292566366],[0.061543777682857945,0.029329329234431843],[0.06155232430111577,0.02933987125910983],[0.061560350301665276,0.02935061883540258],[0.06156785658659676,0.029361551311027207],[0.06157484599310271,0.02937264762741859],[0.06158132330482579,0.029383886403319955],[0.061587295253921544,0.029395246019863062],[0.06159277051374815,0.02940670470673487],[0.061597759682144176,0.02941824062902213],[0.061602275255303075,0.029429831974321752],[0.06160633159230214,0.029441457039703484],[0.061609944870391634,0.0294530943181122],[0.06161313303119817,0.029464722583799816],[0.061615915718043424,0.0294763209763819],[0.06161831420462622,0.029487869083120857],[0.06162035131536102,0.02949934701904682],[0.06162205133771008,0.02951073550453803],[0.061623439926888936,0.02952201593999574],[0.06162454400336533,0.029533170477263133],[0.06162539164361045,0.029544182087454463],[0.06162601196459732,0.029555034624878778],[0.06162643500257533,0.029565712886762355],[0.06162669158668082,0.029576202668495356],[0.06162681320797217,0.029586490814150802],[0.06162683188450313,0.02959656526204794],[0.06162678002307065,0.029606415085157132],[0.06162669027829228,0.029616030526169405],[0.061626595409684314,0.02962540302708084],[0.06162652813742386,0.029634525253169414],[0.0616265209974872,0.029643391111270425],[0.061626606196861965,0.02965199576228492],[0.06162681546953228,0.029660335627884855],[0.06162717993393463,0.029668408391407428],[0.061627729952576225,0.029676212992960322],[0.06162849499449917,0.029683749618788283],[0.061629503501260924,0.029691019684980086],[0.061630782757085695,0.029698025815622947],[0.06163235876382219,0.029704771815538936],[0.06163425612132037,0.02971126263776452],[0.06163649791381416,0.029717504345960294],[0.06163910560286835,0.029723504071962514],[0.061642098927416046,0.02972926996871183],[0.06164549581137878,0.029734811158816713],[0.06164931227932433,0.029740137679030165],[0.06165356238057809,0.02974526042093752],[0.061658258122162066,0.02975019106817107],[0.06166340941089265,0.029754942030483355],[0.061669024004922676,0.029759526375025106],[0.06167510747496701,0.02976395775518664],[0.061681663175402864,0.02976825033737173],[0.061688692225387386,0.029772418726081898],[0.06169619350008523,0.029776477887695486],[0.061704163632048996,0.029780443073330647],[0.061712597022745085,0.029784329741183765],[0.061721485864167105,0.029788153478735497],[0.06173082017042934,0.029791929925214917],[0.06174058781918313,0.029795674694708785],[0.06175077460265064,0.029799403300297286],[0.06176136428802289,0.029803131079589967],[0.06177233868692293,0.029806873122026258],[0.06178367773359013,0.02981064419829334],[0.061795359571399075,0.029814458692201125],[0.06180736064728549,0.029818330535339038],[0.06181965581361312,0.02982227314482284],[0.06183221843697936,0.029826299364421455],[0.061845020513423596,0.029830421409334274],[0.06185803278947203,0.029834650814868423],[0.06187122488842397,0.02983899838924332],[0.061884565441260746,0.0298434741707266],[0.06189802222153616,0.029848087389281137],[0.06191156228358944,0.029852846432877955],[0.06192515210340658,0.029857758818603836],[0.06193875772144489,0.02986283116866617],[0.06195234488672726,0.029868069191370784],[0.061965879201508825,0.02987347766712131],[0.06197932626581762,0.029879060439461622],[0.061992651821173896,0.029884820411155498],[0.0620058218927992,0.02989075954527076],[0.062018802929636206,0.029896878871208343],[0.06203156194151368,0.02990317849559058],[0.06204406663280788,0.029909657617897184],[0.06205628553197174,0.0299163145507126],[0.06206818811632641,0.029923146744424207],[0.06207974493153619,0.029930150816187877],[0.06209092770521695,0.029937322582955315],[0.062101709454160436,0.02994465709833697],[0.062112064584691026,0.029952148693054844],[0.06212196898570881,0.029959791018721555],[0.062131400114011935,0.0299675770946657],[0.06214033707153205,0.029975499357508616],[0.062148760674159996,0.029983549713184596],[0.062156653511882945,0.02999171959108538],[0.062164,0.03]]]}},{"type":"Feature","properties":{"kind":"coast","demo":true},"geometry":{"type":"LineString","coordinates":[[0.062164,0.03],[0.0621707864212302,0.030008381585513614],[0.06217700095857414,0.030016854688523095],[0.062182633718838615,0.03002540940452334],[0.06218767674678231,0.030034035643316418],[0.06219212402988849,0.030042723188795712],[0.06219597149381931,0.030051461758459203],[0.06219921698865372,0.03006024106231009],[0.062201860266058145,0.03006905086080858],[0.06220390294758492,0.03007788102154661],[0.06220534848433843,0.030086721574326562],[0.062206202108292016,0.030095562764336455],[0.0622064707755805,0.030104395103126933],[0.06220616310213282,0.030113209417110005],[0.06220528929204693,0.030121996893315527],[0.06220386105914455,0.030130749122158972],[0.062201891542175806,0.03013945813699287],[0.06219939521417473,0.030148116450234307],[0.062196387786493085,0.030156717085882186],[0.062192886108065226,0.03016525360825996],[0.06218890806047756,0.030173720146842647],[0.06218447244943475,0.030182111417050697],[0.062179598893229424,0.030190422736917563],[0.06217430770883419,0.030198650039562635],[0.06216861979624268,0.03020678988142639],[0.06216255652169134,0.030214839446249725],[0.06215613960039516,0.03022279654480491],[0.06214939097942843,0.030230659610410736],[0.062142332721376196,0.030238427690289362],[0.06213498688937349,0.03024610043284688],[0.062127375434137176,0.030253678070983805],[0.06211952008357998,0.030261161401564766],[0.06211144223557795,0.03026855176119955],[0.06210316285444101,0.030275850998508963],[0.062094702371612104,0.03028306144306981],[0.06208608059109312,0.030290185871252536],[0.0620773166000662,0.030297227469183344],[0.062068428685147004,0.030304189793079278],[0.062059434254671975,0.03031107672722015],[0.06205034976738533,0.03031789243983496],[0.062041190667853255,0.030324641337192437],[0.06203197132889287,0.030331328016196056],[0.06202270500126233,0.030337957215792254],[0.062013403770815795,0.030344533767507644],[0.06200407852328398,0.030351062545436066],[0.0619947389167965,0.03035754841599936],[0.061985393362218,0.030363996187807163],[0.0619760490113253,0.03037041056194035],[0.061966711752808074,0.030376796082980263],[0.06195738621603123,0.030383157091101506],[0.061948075782453337,0.03038949767553984],[0.061938782604552454,0.030395821629738678],[0.0619295076320687,0.03040213240846787],[0.061920250645331985,0.030408433087196925],[0.061911010295404315,0.030414726323991656],[0.0619017841507282,0.030421014324188457],[0.06189256874993721,0.03042729880808412],[0.06188335966045091,0.030433580981861563],[0.061874151542445265,0.030439861511952722],[0.0618649382177606,0.030446140503019775],[0.06185571274328278,0.030452417479714642],[0.06184646748831002,0.030458691372354362],[0.06183719421539663,0.030464960506627035],[0.06182788416414774,0.03047122259741912],[0.061818528137423855,0.03047747474683058],[0.06180911658940312,0.030483713446419574],[0.0617996397149404,0.030489934583693208],[0.06179008753965753,0.03049613345283576],[0.0617804500101971,0.030502304769640307],[0.061770717084073695,0.030508442690584673],[0.0617608788185612,0.03051454083596765],[0.0617509254580627,0.030520592316996987],[0.06174084751942065,0.030526589766696678],[0.061730635874639235,0.03053252537447779],[0.061720281830508095,0.030538390924194716],[0.06170977720463656,0.0305441778354871],[0.0616991143974309,0.030549877208187352],[0.061688286459572333,0.030555479869554335],[0.06167728715458194,0.030560976424075837],[0.06166611101608906,0.030566357305565936],[0.06165475339945252,0.030571612831268184],[0.061643210527418564,0.030576733257662105],[0.06163147952953619,0.03058170883765865],[0.061619558475088335,0.030586529878860083],[0.061607446399336976,0.03059118680255155],[0.06159514332292097,0.030595670203085033],[0.06158265026428671,0.030599970907311806],[0.06156996924507403,0.03060408003371688],[0.06155710328842263,0.030607989050908103],[0.06154405641020673,0.03061168983511392],[0.06153083360324897,0.030615174726346766],[0.06151744081460673,0.0306184365828943],[0.061503884916066176,0.030621468833807633],[0.06149017366802073,0.030624265529064516],[0.06147631567695067,0.03062682138709627],[0.061462320346759636,0.030629131839379643],[0.06144819782426152,0.030631193071808994],[0.06143395893914696,0.030633002062580093],[0.06141961513879271,0.030634556616334224],[0.061405178418309225,0.030635855394330135],[0.061390661246251255,0.030636897940431698],[0.06137607648644394,0.030637684702720595],[0.061361437316401174,0.030638217050566106],[0.061346757142835356,0.030638497287007755],[0.06133204951477652,0.03063852865633114],[0.06131732803483535,0.030638315346742804],[0.06130260626915729,0.030637862488075856],[0.06128789765662547,0.030637176144484773],[0.06127321541787651,0.030636263302114587],[0.06125857246469712,0.030635131851756765],[0.06124398131036968,0.030633790566531375],[0.061229453981531914,0.030632249074662058],[0.061215001932109665,0.03063051782743733],[0.061200635959872136,0.030628608062478097],[0.061186366126146634,0.030626531762457384],[0.06117220167921374,0.030624301609443405],[0.0611581509818852,0.030621930935061756],[0.061144221443745074,0.030619433666696],[0.061130419458510124,0.030616824269968458],[0.06111675034693802,0.03061411768776433],[0.06110321830568228,0.030611329276082264],[0.06108982636246068,0.030608474737013076],[0.061076576337869226,0.030605570049165493],[0.0610634688141376,0.030602631395873117],[0.06105050311108362,0.030599675091530578],[0.061037677269484364,0.03059671750641891],[0.06102498804204026,0.030593774990390184],[0.061012430892066184,0.030590863795789663],[0.061,0.030587999999999997],[0.060987688277774926,0.03058519942799618],[0.06097548739105768,0.030582477575302237],[0.060963387789309396,0.03057984953174071],[0.06095137874358164,0.030577329906364213],[0.06093944839191547,0.030574932753954242],[0.06092758379216745,0.030572671503466608],[0.06091577098204335,0.030570558888794754],[0.06090399504607833,0.030568606882212385],[0.06089224018926119,0.030566826630844823],[0.060880489816961175,0.03056522839650493],[0.06086872662077789,0.030563821499213772],[0.060856932669899236,0.030562614264709045],[0.060845089507518435,0.03056161397622534],[0.060833178251830024,0.030560826830810007],[0.060821179701095705,0.030560257900416356],[0.060809074442244676,0.030559911097993032],[0.06079684296244978,0.030559789148763755],[0.06078446576310022,0.03055989356686641],[0.060771923475574106,0.030560224637493968],[0.060759196978200175,0.03056078140465256],[0.060746267513786575,0.0305615616646242],[0.06073311680708732,0.030562561965193216],[0.0607197271815726,0.030563777610666826],[0.06070608167486821,0.030565202672691173],[0.06069216415223212,0.03056683000683521],[0.060677959417441876,0.03056865127488581],[0.06066345332047638,0.030570656972768787],[0.06064863286138793,0.030572836463982095],[0.060633486289776696,0.03057517801839974],[0.06061800319929918,0.030577668856277742],[0.06060217461666442,0.030580295197267172],[0.060585993084597486,0.030583042314213913],[0.06056945273827784,0.030585894591500552],[0.06055254937479161,0.030588835587662715],[0.060535280515170396,0.030591848101990393],[0.06051764545862527,0.030594914244804663],[0.06049964532862331,0.030598015511081367],[0.060481283110494215,0.030601132857076302],[0.06046256368029699,0.030604246779591202],[0.060443493824720314,0.030607337397506287],[0.060424082251835896,0.030610384535193526],[0.060404339592570064,0.030613367807415255],[0.06038427839280643,0.03061626670530509],[0.06036391309608045,0.030619060683022514],[0.060343260016874754,0.030621729244669122],[0.060322337304573106,0.030624252031053074],[0.06030116489817872,0.03062660890588897],[0.060279764471951124,0.03062878004102338],[0.06025815937216275,0.030630746000280932],[0.06023637454522339,0.030632487821533074],[0.06021443645746556,0.03063398709660045],[0.06019237300692824,0.030635226048610933],[0.060170213427518555,0.03063618760644818],[0.06014798818597183,0.030636855475940382],[0.060125728872068726,0.030637214207455396],[0.060103468082604576,0.030637249259586607],[0.06008123929963983,0.030636947058633797],[0.060059076763591755,0.030636295053604434],[0.060037015341755755,0.030635281766483648],[0.06001509039287029,0.030633896837544885],[0.059993337628361565,0.03063213106549851],[0.059971792970923324,0.03062997644230146],[0.05995049241110278,0.030627426182478185],[0.05992947186257614,0.030624474746830582],[0.05990876701680604,0.030621117860442984],[0.05988841319777844,0.030617352524916812],[0.05986844521751849,0.030613177024798488],[0.059848897233082725,0.030608590928193253],[0.05982980260571992,0.03060359508158656],[0.05981119376288361,0.03059819159892357],[0.05979310206376702,0.030592383845025793],[0.05977555766901513,0.030586176413452053],[0.05975858941524916,0.030579575098938275],[0.05974222469501651,0.030572586864577398],[0.05972648934275284,0.03056521980392635],[0.059711407527314804,0.03055748309825192],[0.05969700165160982,0.03054938696915084],[0.059683292259814974,0.030540942626801695],[0.059670297952640276,0.030532162214127224],[0.05965803531105198,0.030523058747164964],[0.05964651882883046,0.03051364605196194],[0.059635760854293354,0.03050393869832529],[0.05962577154147004,0.030493951930774962],[0.05961655881096636,0.03048370159705715],[0.05960812832071106,0.030473204074587736],[0.059600483446726485,0.030462476195203595],[0.05959362527401625,0.03045153516860626],[0.05958755259761295,0.030440398504887046],[0.05958226193377823,0.030429083936525304],[0.05957774754129787,0.030417609340251946],[0.05957400145276385,0.030405992659168855],[0.05957101351568687,0.03039425182551118],[0.05956877144323339,0.030382404684433977],[0.05956726087433442,0.030370468919196952],[0.05956646544286679,0.030358461978111723],[0.05956636685556304,0.030346401003604466],[0.059566944978263356,0.0303343027637337],[0.059568177930082115,0.03032218358648802],[0.059570042185022945,0.03031005929717205],[0.059572512680540105,0.030297945159170565],[0.059575562932510345,0.030285855818361445],[0.05957916515604875,0.03027380525142687],[0.0595832903915739,0.030261806718290242],[0.05958790863550344,0.030249872718882846],[0.05959298897493881,0.03023801495442021],[0.05959849972568038,0.03022624429334281],[0.059604408572898934,0.030214570742050157],[0.05961068271377798,0.03020300342053074],[0.05961728900143391,0.030191550542963724],[0.05962419408941636,0.030180219403340928],[0.059631364576090515,0.030169016366130726],[0.05963876714820614,0.030157946861978077],[0.059646368722964284,0.030147015388407958],[0.05965413658790275,0.030136225515472764],[0.05966203853793482,0.030125579896257988],[0.05967004300889241,0.030115080282134693],[0.05967811920694507,0.030104727542622577],[0.05968623723328951,0.030094521689703113],[0.05969436820353053,0.030084461906399313],[0.05970248436120368,0.0300745465794167],[0.059710559184921776,0.030064773335619188],[0.059718567488662166,0.030055139082094378],[0.059726485514748455,0.030045640049544645],[0.05973429101911952,0.030036271838724087],[0.05974196334852001,0.03002702946962652],[0.05974948350928911,0.030017907433116674],[0.059756834227469,0.03000889974468539],[0.059764,0.03],[0.05977096713681626,0.029991201431913608],[0.05977772379370325,0.029982496968591017],[0.05978425999582657,0.02997387929240544],[0.05979056765188989,0.029965340899258036],[0.05979664055892813,0.02995687415797262],[0.059802474397790455,0.02994847136941967],[0.059808066719415055,0.029940124825027874],[0.05981341692204487,0.029931826864347196],[0.05981852621957927,0.029923569931335173],[0.05982339760130153,0.02991534662904766],[0.05982803578326535,0.029907149772426478],[0.059832447151665025,0.029898972438889428],[0.059836639698553955,0.0298908080164426],[0.05984062295031348,0.029882650249051106],[0.05984440788930963,0.029874493279021776],[0.059848006869208055,0.02986633168617029],[0.05985143352444763,0.0298581605235652],[0.05985470267440062,0.029849975349662567],[0.05985783022277188,0.02984177225666702],[0.05986083305281066,0.029833547894978076],[0.059863728918927106,0.029825299493604376],[0.05986653633532037,0.029817024876452703],[0.05986927446223683,0.029808722474423562],[0.059871962990485375,0.029800391333270147],[0.05987462202484127,0.029792031117202807],[0.05987727196697187,0.02978364210824646],[0.05987993339851518,0.02977522520138357],[0.059882626964936944,0.029766781895540252],[0.05988537326078331,0.029758314280497675],[0.059888192716933804,0.029749825019834822],[0.05989110549044427,0.029741317330032192],[0.05989413135755086,0.029732794955888424],[0.05989728961038487,0.029724262142423494],[0.059900598957923636,0.029715723603462824],[0.05990407743167587,0.029707184487115845],[0.059907742296569935,0.029698650338380952],[0.05991160996748151,0.02969012705912534],[0.05991569593180274,0.029681620865703702],[0.059920014678418475,0.029673138244493424],[0.0599245796334172,0.029664685905636038],[0.059929403102823894,0.029656270735285286],[0.05993449622260142,0.029647899746670557],[0.05993986891612398,0.02963958003029164],[0.05994552985928333,0.029631318703565557],[0.05995148645334387,0.029623122860249502],[0.059957744805618704,0.029614999519965227],[0.059964309717993686,0.029606955578149484],[0.05997118468328197,0.02959899775675282],[0.059978371889347175,0.029591132556004447],[0.05998587223088954,0.029583366207554855],[0.05999368532874623,0.029575704629299666],[0.06000180955651515,0.029568153382178462],[0.060010242074270664,0.02956071762923087],[0.06001897886910046,0.02955340209717878],[0.06002801480215518,0.029546211040789114],[0.060037343661866645,0.029539148210255016],[0.060046958222957005,0.029532216821815855],[0.060056850310829704,0.029525419531817435],[0.0600670108709043,0.029518758414393536],[0.060077430042430886,0.029512234942928817],[0.060088097236296226,0.02950584997544073],[0.06009900121631311,0.029499603743995143],[0.06011013018346657,0.029493495848246558],[0.060121471862576145,0.029487525253169417],[0.060133013590821585,0.02948169029102223],[0.06014474240757144,0.029475988667561154],[0.060156645144948444,0.029470417472494383],[0.060168708518564255,0.029464973194143363],[0.06018091921785728,0.029459651738251828],[0.06019326399547214,0.02945444845085857],[0.0602057297551272,0.029449358145125545],[0.060218303637427896,0.029444375131988845],[0.06023097310309751,0.029439493254476857],[0.06024372601311459,0.029434705925517467],[0.06025655070526618,0.029430006169034663],[0.060269436066649064,0.02942538666411445],[0.06028237160167688,0.029420839792000702],[0.06029534749517911,0.02941635768566362],[0.06030835467020839,0.0294119322816669],[0.06032138484020547,0.02940755537404462],[0.06033443055520565,0.029403218669885333],[0.06034748524180716,0.02939891384630906],[0.06036054323666001,0.02939463260851271],[0.06037359981327324,0.029390366748551167],[0.06038665120197925,0.029386108204514812],[0.060399694602935226,0.029381849119759613],[0.06041272819208414,0.029377581901843308],[0.060425751120040234,0.029373299280820404],[0.06043876350390695,0.029368994366549925],[0.06045176641207792,0.029364660704673043],[0.060464761842114266,0.029360292330922768],[0.060477752691833496,0.029355883823434813],[0.060490742723786406,0.029351430352737785],[0.0605037365233387,0.02934692772911133],[0.06051673945061312,0.029342372447013564],[0.060529757586585305,0.029337761726293193],[0.060542797673662545,0.02933309354991759],[0.06055586705110874,0.02932836669796559],[0.06056897358571058,0.02932358077765253],[0.06058212559810992,0.02931873624917547],[0.06059533178525451,0.029313834447187864],[0.060608601139443836,0.029308877597735854],[0.0606219428644692,0.029303868830511882],[0.06063536628936581,0.029298812186306047],[0.060648880780311214,0.029293712619561013],[0.060662495651217535,0.02928857599596224],[0.060676220073574635,0.029283409085021982],[0.06069006298610868,0.029278219547642224],[0.06070403300482351,0.02927301591866898],[0.060718138333993185,0.029267807584477435],[0.06073238667867059,0.02926260475565458],[0.060746785159270955,0.029257418434872808],[0.0607613402287798,0.029252260380074394],[0.060776057593121914,0.02924714306311287],[0.060790942135212474,0.029242079624022404],[0.06080599784319233,0.02923708382111106],[0.060821227743327974,0.029232169977097103],[0.060836633838032006,0.029227352921530263],[0.060852217049432694,0.029222647929761033],[0.06086797716889133,0.02921807065874119],[0.06088391281283402,0.029213637079957184],[0.06090002138523002,0.02920936340981533],[0.0609162990470123,0.02920526603781291],[0.06093274069269782,0.029201361452843338],[0.060949339934425105,0.02919766616799522],[0.06096608909358527,0.029194196644215496],[0.060982979200180455,0.029190969213214863],[0.061,0.029188],[0.061017139969660655,0.02918530484542138],[0.06103438633951267,0.02918289922912755],[0.06105172512436866,0.02918079819331702],[0.06106914116196745,0.029179016267676973],[0.061086618159040776,0.029177567395894034],[0.06110413874480665,0.02917646486411644],[0.06112168453167001,0.029175721231738862],[0.061139236182869275,0.02917534826487131],[0.06115677348676651,0.029175356872841524],[0.06117427543743929,0.029175757048066738],[0.06119172032119499,0.02917655780961488],[0.061209085808592106,0.02917776715075835],[0.061226349051519705,0.02917939199080434],[0.06124348678485475,0.02918143813146549],[0.061260475432188044,0.029183910218012653],[0.061277291215083386,0.02918681170542851],[0.06129391026531111,0.029190144829756275],[0.06131030873947671,0.02919391058481247],[0.06132646293544772,0.029198108704406183],[0.06134234940996801,0.0292027376501802],[0.0613579450968374,0.029207794605161406],[0.06137322742502707,0.0292132754730796],[0.061388174436096725,0.029219174883485036],[0.061402764900278926,0.02922548620266608],[0.06141697843059827,0.02923220155033934],[0.061430795594399214,0.02923931182205556],[0.06144419802166581,0.02924680671723606],[0.06145716850952925,0.029254674772725867],[0.06146969112237534,0.029262903401722135],[0.06148175128698315,0.029271478937909108],[0.06149333588214883,0.02928038668460467],[0.061504433322273705,0.029289610968698112],[0.06151503363442435,0.029299135199134473],[0.06152512852840358,0.029308941929677774],[0.06153471145940473,0.02931901292566366],[0.061543777682857945,0.029329329234431843],[0.06155232430111577,0.02933987125910983],[0.061560350301665276,0.02935061883540258],[0.06156785658659676,0.029361551311027207],[0.06157484599310271,0.02937264762741859],[0.06158132330482579,0.029383886403319955],[0.061587295253921544,0.029395246019863062],[0.06159277051374815,0.02940670470673487],[0.061597759682144176,0.02941824062902213],[0.061602275255303075,0.029429831974321752],[0.06160633159230214,0.029441457039703484],[0.061609944870391634,0.0294530943181122],[0.06161313303119817,0.029464722583799816],[0.061615915718043424,0.0294763209763819],[0.06161831420462622,0.029487869083120857],[0.06162035131536102,0.02949934701904682],[0.06162205133771008,0.02951073550453803],[0.061623439926888936,0.02952201593999574],[0.06162454400336533,0.029533170477263133],[0.06162539164361045,0.029544182087454463],[0.06162601196459732,0.029555034624878778],[0.06162643500257533,0.029565712886762355],[0.06162669158668082,0.029576202668495356],[0.06162681320797217,0.029586490814150802],[0.06162683188450313,0.02959656526204794],[0.06162678002307065,0.029606415085157132],[0.06162669027829228,0.029616030526169405],[0.061626595409684314,0.02962540302708084],[0.06162652813742386,0.029634525253169414],[0.0616265209974872,0.029643391111270425],[0.061626606196861965,0.02965199576228492],[0.06162681546953228,0.029660335627884855],[0.06162717993393463,0.029668408391407428],[0.061627729952576225,0.029676212992960322],[0.06162849499449917,0.029683749618788283],[0.061629503501260924,0.029691019684980086],[0.061630782757085695,0.029698025815622947],[0.06163235876382219,0.029704771815538936],[0.06163425612132037,0.02971126263776452],[0.06163649791381416,0.029717504345960294],[0.06163910560286835,0.029723504071962514],[0.061642098927416046,0.02972926996871183],[0.06164549581137878,0.029734811158816713],[0.06164931227932433,0.029740137679030165],[0.06165356238057809,0.02974526042093752],[0.061658258122162066,0.02975019106817107],[0.06166340941089265,0.029754942030483355],[0.061669024004922676,0.029759526375025106],[0.06167510747496701,0.02976395775518664],[0.061681663175402864,0.02976825033737173],[0.061688692225387386,0.029772418726081898],[0.06169619350008523,0.029776477887695486],[0.061704163632048996,0.029780443073330647],[0.061712597022745085,0.029784329741183765],[0.061721485864167105,0.029788153478735497],[0.06173082017042934,0.029791929925214917],[0.06174058781918313,0.029795674694708785],[0.06175077460265064,0.029799403300297286],[0.06176136428802289,0.029803131079589967],[0.06177233868692293,0.029806873122026258],[0.06178367773359013,0.02981064419829334],[0.061795359571399075,0.029814458692201125],[0.06180736064728549,0.029818330535339038],[0.06181965581361312,0.02982227314482284],[0.06183221843697936,0.029826299364421455],[0.061845020513423596,0.029830421409334274],[0.06185803278947203,0.029834650814868423],[0.06187122488842397,0.02983899838924332],[0.061884565441260746,0.0298434741707266],[0.06189802222153616,0.029848087389281137],[0.06191156228358944,0.029852846432877955],[0.06192515210340658,0.029857758818603836],[0.06193875772144489,0.02986283116866617],[0.06195234488672726,0.029868069191370784],[0.061965879201508825,0.02987347766712131],[0.06197932626581762,0.029879060439461622],[0.061992651821173896,0.029884820411155498],[0.0620058218927992,0.02989075954527076],[0.062018802929636206,0.029896878871208343],[0.06203156194151368,0.02990317849559058],[0.06204406663280788,0.029909657617897184],[0.06205628553197174,0.0299163145507126],[0.06206818811632641,0.029923146744424207],[0.06207974493153619,0.029930150816187877],[0.06209092770521695,0.029937322582955315],[0.062101709454160436,0.02994465709833697],[0.062112064584691026,0.029952148693054844],[0.06212196898570881,0.029959791018721555],[0.062131400114011935,0.0299675770946657],[0.06214033707153205,0.029975499357508616],[0.062148760674159996,0.029983549713184596],[0.062156653511882945,0.02999171959108538],[0.062164,0.03]]}},{"type":"Feature","properties":{"kind":"land","demo":true},"geometry":{"type":"Polygon","coordinates":[[[0.066164,0.034],[0.06617078642123021,0.03400838158551362],[0.06617700095857414,0.0340168546885231],[0.06618263371883862,0.034025409404523345],[0.06618767674678232,0.034034035643316425],[0.0661921240298885,0.03404272318879571],[0.06619597149381931,0.03405146175845921],[0.06619921698865373,0.03406024106231009],[0.06620186026605815,0.03406905086080858],[0.06620390294758492,0.034077881021546616],[0.06620534848433844,0.034086721574326566],[0.06620620210829202,0.03409556276433646],[0.0662064707755805,0.03410439510312694],[0.06620616310213281,0.03411320941711001],[0.06620528929204694,0.03412199689331553],[0.06620386105914455,0.03413074912215898],[0.06620189154217582,0.03413945813699287],[0.06619939521417474,0.03414811645023431],[0.06619638778649309,0.03415671708588219],[0.06619288610806523,0.03416525360825996],[0.06618890806047757,0.03417372014684265],[0.06618447244943475,0.0341821114170507],[0.06617959889322943,0.03419042273691757],[0.06617430770883419,0.03419865003956264],[0.06616861979624268,0.0342067898814264],[0.06616255652169134,0.03421483944624973],[0.06615613960039517,0.03422279654480491],[0.06614939097942843,0.03423065961041074],[0.06614233272137619,0.03423842769028936],[0.0661349868893735,0.034246100432846885],[0.06612737543413719,0.034253678070983805],[0.06611952008357999,0.03426116140156477],[0.06611144223557795,0.034268551761199556],[0.06610316285444101,0.03427585099850897],[0.06609470237161211,0.034283061443069814],[0.06608608059109312,0.03429018587125254],[0.0660773166000662,0.03429722746918335],[0.06606842868514701,0.03430418979307928],[0.06605943425467198,0.034311076727220155],[0.06605034976738533,0.03431789243983496],[0.06604119066785326,0.03432464133719244],[0.06603197132889288,0.03433132801619606],[0.06602270500126232,0.034337957215792254],[0.0660134037708158,0.034344533767507644],[0.066004078523284,0.034351062545436066],[0.06599473891679651,0.03435754841599936],[0.065985393362218,0.034363996187807166],[0.0659760490113253,0.03437041056194035],[0.06596671175280808,0.03437679608298026],[0.06595738621603124,0.034383157091101506],[0.06594807578245335,0.034389497675539844],[0.06593878260455246,0.034395821629738685],[0.0659295076320687,0.03440213240846787],[0.06592025064533198,0.034408433087196925],[0.06591101029540432,0.03441472632399166],[0.06590178415072821,0.03442101432418846],[0.06589256874993722,0.03442729880808412],[0.0658833596604509,0.03443358098186157],[0.06587415154244528,0.034439861511952725],[0.0658649382177606,0.03444614050301978],[0.0658557127432828,0.03445241747971465],[0.06584646748831002,0.03445869137235437],[0.06583719421539663,0.03446496050662704],[0.06582788416414774,0.034471222597419124],[0.06581852813742387,0.034477474746830584],[0.06580911658940312,0.034483713446419574],[0.0657996397149404,0.03448993458369321],[0.06579008753965754,0.03449613345283576],[0.0657804500101971,0.03450230476964031],[0.0657707170840737,0.03450844269058467],[0.06576087881856121,0.03451454083596765],[0.0657509254580627,0.034520592316996994],[0.06574084751942065,0.03452658976669668],[0.06573063587463925,0.0345325253744778],[0.0657202818305081,0.034538390924194716],[0.06570977720463657,0.034544177835487105],[0.06569911439743091,0.034549877208187356],[0.06568828645957234,0.03455547986955434],[0.06567728715458195,0.034560976424075844],[0.06566611101608907,0.03456635730556594],[0.06565475339945252,0.03457161283126819],[0.06564321052741856,0.03457673325766211],[0.0656314795295362,0.03458170883765865],[0.06561955847508834,0.03458652987886009],[0.06560744639933698,0.034591186802551556],[0.06559514332292098,0.03459567020308504],[0.06558265026428671,0.03459997090731181],[0.06556996924507404,0.03460408003371688],[0.06555710328842262,0.0346079890509081],[0.06554405641020673,0.034611689835113923],[0.06553083360324898,0.034615174726346766],[0.06551744081460674,0.034618436582894305],[0.06550388491606618,0.034621468833807637],[0.06549017366802073,0.034624265529064516],[0.06547631567695068,0.034626821387096274],[0.06546232034675964,0.03462913183937965],[0.06544819782426152,0.034631193071809],[0.06543395893914696,0.0346330020625801],[0.06541961513879271,0.034634556616334224],[0.06540517841830923,0.03463585539433014],[0.06539066124625126,0.034636897940431705],[0.06537607648644395,0.0346376847027206],[0.06536143731640118,0.03463821705056611],[0.06534675714283536,0.034638497287007755],[0.06533204951477653,0.034638528656331144],[0.06531732803483535,0.03463831534674281],[0.06530260626915729,0.03463786248807586],[0.06528789765662547,0.03463717614448478],[0.06527321541787652,0.03463626330211459],[0.06525857246469711,0.03463513185175677],[0.06524398131036968,0.034633790566531375],[0.06522945398153192,0.034632249074662065],[0.06521500193210966,0.034630517827437333],[0.06520063595987213,0.034628608062478104],[0.06518636612614664,0.03462653176245739],[0.06517220167921374,0.03462430160944341],[0.0651581509818852,0.03462193093506176],[0.06514422144374508,0.034619433666696],[0.06513041945851013,0.03461682426996846],[0.06511675034693802,0.03461411768776434],[0.06510321830568228,0.034611329276082264],[0.06508982636246068,0.034608474737013076],[0.06507657633786923,0.0346055700491655],[0.0650634688141376,0.03460263139587312],[0.06505050311108362,0.03459967509153058],[0.06503767726948437,0.03459671750641891],[0.06502498804204027,0.03459377499039019],[0.0650124308920662,0.03459086379578967],[0.065,0.034588],[0.06498768827777493,0.034585199427996184],[0.06497548739105768,0.03458247757530224],[0.06496338778930941,0.03457984953174072],[0.06495137874358164,0.03457732990636422],[0.06493944839191548,0.03457493275395425],[0.06492758379216745,0.03457267150346661],[0.06491577098204336,0.034570558888794754],[0.06490399504607833,0.03456860688221239],[0.0648922401892612,0.03456682663084483],[0.06488048981696118,0.034565228396504936],[0.06486872662077789,0.034563821499213776],[0.06485693266989924,0.034562614264709045],[0.06484508950751844,0.03456161397622534],[0.06483317825183003,0.03456082683081001],[0.0648211797010957,0.034560257900416363],[0.06480907444224468,0.034559911097993036],[0.0647968429624498,0.03455978914876376],[0.06478446576310022,0.034559893566866416],[0.0647719234755741,0.03456022463749397],[0.06475919697820018,0.03456078140465257],[0.06474626751378658,0.0345615616646242],[0.06473311680708732,0.034562561965193216],[0.0647197271815726,0.034563777610666827],[0.06470608167486822,0.03456520267269118],[0.06469216415223213,0.03456683000683521],[0.06467795941744188,0.034568651274885814],[0.06466345332047638,0.034570656972768794],[0.06464863286138793,0.0345728364639821],[0.06463348628977669,0.034575178018399745],[0.06461800319929918,0.03457766885627775],[0.06460217461666443,0.03458029519726718],[0.06458599308459749,0.03458304231421391],[0.06456945273827784,0.034585894591500556],[0.06455254937479162,0.034588835587662715],[0.0645352805151704,0.0345918481019904],[0.06451764545862528,0.03459491424480467],[0.06449964532862332,0.03459801551108137],[0.06448128311049423,0.034601132857076305],[0.06446256368029699,0.03460424677959121],[0.06444349382472031,0.034607337397506294],[0.06442408225183589,0.03461038453519353],[0.06440433959257007,0.03461336780741526],[0.06438427839280644,0.03461626670530509],[0.06436391309608044,0.034619060683022514],[0.06434326001687475,0.03462172924466913],[0.06432233730457311,0.03462425203105308],[0.06430116489817873,0.03462660890588898],[0.06427976447195113,0.034628780041023384],[0.06425815937216275,0.03463074600028094],[0.0642363745452234,0.03463248782153308],[0.06421443645746557,0.034633987096600455],[0.06419237300692825,0.03463522604861094],[0.06417021342751855,0.03463618760644818],[0.06414798818597184,0.034636855475940385],[0.06412572887206873,0.0346372142074554],[0.06410346808260457,0.03463724925958661],[0.06408123929963984,0.0346369470586338],[0.06405907676359177,0.03463629505360444],[0.06403701534175577,0.03463528176648365],[0.06401509039287029,0.034633896837544885],[0.06399333762836157,0.03463213106549851],[0.06397179297092333,0.034629976442301466],[0.06395049241110279,0.03462742618247819],[0.06392947186257615,0.034624474746830586],[0.06390876701680605,0.03462111786044299],[0.06388841319777845,0.034617352524916815],[0.0638684452175185,0.03461317702479849],[0.06384889723308274,0.03460859092819326],[0.06382980260571992,0.034603595081586565],[0.06381119376288362,0.03459819159892358],[0.06379310206376702,0.0345923838450258],[0.06377555766901513,0.034586176413452054],[0.06375858941524917,0.03457957509893828],[0.06374222469501652,0.034572586864577405],[0.06372648934275285,0.03456521980392635],[0.06371140752731481,0.03455748309825192],[0.06369700165160982,0.034549386969150844],[0.06368329225981498,0.0345409426268017],[0.06367029795264027,0.03453216221412723],[0.06365803531105199,0.034523058747164964],[0.06364651882883046,0.034513646051961944],[0.06363576085429336,0.03450393869832529],[0.06362577154147005,0.034493951930774966],[0.06361655881096637,0.03448370159705715],[0.06360812832071107,0.03447320407458774],[0.06360048344672649,0.034462476195203595],[0.06359362527401625,0.03445153516860626],[0.06358755259761295,0.034440398504887046],[0.06358226193377824,0.03442908393652531],[0.06357774754129787,0.03441760934025195],[0.06357400145276386,0.034405992659168855],[0.06357101351568688,0.03439425182551119],[0.06356877144323339,0.03438240468443398],[0.06356726087433442,0.034370468919196956],[0.0635664654428668,0.03435846197811173],[0.06356636685556305,0.03434640100360447],[0.06356694497826336,0.0343343027637337],[0.06356817793008211,0.034322183586488024],[0.06357004218502295,0.034310059297172055],[0.06357251268054011,0.03429794515917057],[0.06357556293251035,0.034285855818361445],[0.06357916515604875,0.03427380525142688],[0.06358329039157391,0.034261806718290246],[0.06358790863550345,0.03424987271888285],[0.06359298897493881,0.034238014954420214],[0.0635984997256804,0.03422624429334282],[0.06360440857289894,0.03421457074205016],[0.06361068271377798,0.034203003420530745],[0.06361728900143392,0.034191550542963724],[0.06362419408941636,0.03418021940334093],[0.06363136457609052,0.03416901636613073],[0.06363876714820614,0.03415794686197808],[0.06364636872296428,0.03414701538840796],[0.06365413658790275,0.03413622551547277],[0.06366203853793483,0.03412557989625799],[0.06367004300889241,0.0341150802821347],[0.06367811920694508,0.03410472754262258],[0.06368623723328952,0.03409452168970312],[0.06369436820353054,0.03408446190639932],[0.06370248436120368,0.034074546579416706],[0.06371055918492177,0.03406477333561919],[0.06371856748866217,0.03405513908209438],[0.06372648551474847,0.03404564004954465],[0.06373429101911952,0.03403627183872409],[0.06374196334852002,0.03402702946962652],[0.0637494835092891,0.034017907433116674],[0.063756834227469,0.03400889974468539],[0.063764,0.034],[0.06377096713681626,0.03399120143191361],[0.06377772379370325,0.03398249696859102],[0.06378425999582658,0.03397387929240544],[0.0637905676518899,0.03396534089925804],[0.06379664055892814,0.03395687415797262],[0.06380247439779047,0.03394847136941967],[0.06380806671941507,0.033940124825027874],[0.06381341692204488,0.033931826864347196],[0.06381852621957927,0.033923569931335176],[0.06382339760130153,0.03391534662904766],[0.06382803578326535,0.03390714977242648],[0.06383244715166503,0.03389897243888943],[0.06383663969855397,0.033890808016442606],[0.06384062295031348,0.033882650249051106],[0.06384440788930963,0.033874493279021776],[0.06384800686920807,0.033866331686170294],[0.06385143352444762,0.0338581605235652],[0.06385470267440062,0.033849975349662574],[0.06385783022277189,0.03384177225666702],[0.06386083305281066,0.03383354789497808],[0.06386372891892711,0.03382529949360438],[0.06386653633532037,0.03381702487645271],[0.06386927446223684,0.03380872247442357],[0.06387196299048538,0.03380039133327015],[0.06387462202484127,0.03379203111720281],[0.06387727196697188,0.03378364210824646],[0.06387993339851518,0.033775225201383575],[0.06388262696493695,0.033766781895540256],[0.0638853732607833,0.03375831428049768],[0.06388819271693381,0.033749825019834825],[0.06389110549044427,0.033741317330032196],[0.06389413135755086,0.03373279495588843],[0.06389728961038488,0.0337242621424235],[0.06390059895792363,0.033715723603462824],[0.06390407743167587,0.03370718448711585],[0.06390774229656994,0.03369865033838095],[0.06391160996748152,0.033690127059125344],[0.06391569593180274,0.033681620865703706],[0.06392001467841849,0.033673138244493424],[0.0639245796334172,0.033664685905636045],[0.0639294031028239,0.033656270735285286],[0.06393449622260142,0.03364789974667056],[0.06393986891612399,0.03363958003029164],[0.06394552985928334,0.03363131870356556],[0.06395148645334386,0.03362312286024951],[0.06395774480561871,0.03361499951996523],[0.06396430971799369,0.03360695557814949],[0.06397118468328197,0.033598997756752826],[0.06397837188934717,0.03359113255600445],[0.06398587223088954,0.03358336620755486],[0.06399368532874623,0.033575704629299666],[0.06400180955651516,0.033568153382178466],[0.06401024207427067,0.03356071762923087],[0.06401897886910046,0.03355340209717878],[0.06402801480215518,0.03354621104078912],[0.06403734366186664,0.03353914821025502],[0.06404695822295702,0.03353221682181586],[0.06405685031082971,0.03352541953181744],[0.0640670108709043,0.03351875841439354],[0.06407743004243088,0.03351223494292882],[0.06408809723629623,0.03350584997544073],[0.06409900121631311,0.033499603743995146],[0.06411013018346658,0.03349349584824656],[0.06412147186257615,0.03348752525316942],[0.06413301359082159,0.03348169029102223],[0.06414474240757144,0.03347598866756116],[0.06415664514494844,0.033470417472494386],[0.06416870851856425,0.03346497319414337],[0.06418091921785729,0.033459651738251835],[0.06419326399547214,0.03345444845085857],[0.0642057297551272,0.03344935814512555],[0.06421830363742789,0.03344437513198885],[0.06423097310309751,0.033439493254476864],[0.0642437260131146,0.03343470592551747],[0.06425655070526619,0.033430006169034666],[0.06426943606664906,0.03342538666411445],[0.06428237160167688,0.03342083979200071],[0.06429534749517911,0.033416357685663624],[0.0643083546702084,0.0334119322816669],[0.06432138484020548,0.03340755537404463],[0.06433443055520566,0.03340321866988534],[0.06434748524180717,0.03339891384630907],[0.06436054323666,0.03339463260851271],[0.06437359981327324,0.03339036674855117],[0.06438665120197926,0.03338610820451481],[0.06439969460293524,0.03338184911975962],[0.06441272819208414,0.03337758190184331],[0.06442575112004023,0.03337329928082041],[0.06443876350390695,0.03336899436654993],[0.06445176641207792,0.033364660704673046],[0.06446476184211426,0.03336029233092277],[0.06447775269183349,0.033355883823434816],[0.06449074272378641,0.033351430352737785],[0.0645037365233387,0.03334692772911133],[0.06451673945061313,0.03334237244701357],[0.0645297575865853,0.0333377617262932],[0.06454279767366256,0.03333309354991759],[0.06455586705110875,0.03332836669796559],[0.06456897358571058,0.03332358077765253],[0.06458212559810993,0.033318736249175473],[0.0645953317852545,0.03331383444718787],[0.06460860113944385,0.03330887759773586],[0.0646219428644692,0.03330386883051189],[0.06463536628936581,0.03329881218630605],[0.06464888078031122,0.03329371261956102],[0.06466249565121754,0.033288575995962244],[0.06467622007357464,0.03328340908502198],[0.06469006298610869,0.03327821954764223],[0.06470403300482351,0.033273015918668984],[0.06471813833399319,0.033267807584477435],[0.0647323866786706,0.03326260475565458],[0.06474678515927096,0.03325741843487281],[0.0647613402287798,0.0332522603800744],[0.06477605759312191,0.03324714306311287],[0.06479094213521248,0.03324207962402241],[0.06480599784319234,0.03323708382111107],[0.06482122774332798,0.03323216997709711],[0.06483663383803201,0.033227352921530263],[0.0648522170494327,0.03322264792976104],[0.06486797716889134,0.03321807065874119],[0.06488391281283402,0.03321363707995719],[0.06490002138523003,0.03320936340981533],[0.0649162990470123,0.03320526603781292],[0.06493274069269782,0.03320136145284334],[0.0649493399344251,0.03319766616799522],[0.06496608909358527,0.0331941966442155],[0.06498297920018047,0.03319096921321486],[0.065,0.033188],[0.06501713996966066,0.033185304845421384],[0.06503438633951268,0.03318289922912755],[0.06505172512436866,0.033180798193317027],[0.06506914116196745,0.033179016267676976],[0.06508661815904078,0.03317756739589404],[0.06510413874480665,0.03317646486411644],[0.06512168453167001,0.03317572123173887],[0.06513923618286928,0.03317534826487131],[0.06515677348676652,0.033175356872841524],[0.0651742754374393,0.03317575704806674],[0.065191720321195,0.033176557809614884],[0.06520908580859211,0.033177767150758354],[0.06522634905151971,0.033179391990804344],[0.06524348678485475,0.03318143813146549],[0.06526047543218805,0.03318391021801266],[0.06527729121508338,0.03318681170542852],[0.06529391026531112,0.03319014482975628],[0.06531030873947671,0.033193910584812476],[0.06532646293544772,0.03319810870440618],[0.06534234940996801,0.033202737650180204],[0.06535794509683741,0.033207794605161406],[0.06537322742502708,0.033213275473079604],[0.06538817443609672,0.03321917488348504],[0.06540276490027892,0.033225486202666084],[0.06541697843059827,0.03323220155033934],[0.06543079559439921,0.03323931182205556],[0.06544419802166582,0.03324680671723606],[0.06545716850952926,0.03325467477272587],[0.06546969112237534,0.03326290340172214],[0.06548175128698315,0.03327147893790911],[0.06549333588214884,0.033280386684604674],[0.06550443332227371,0.03328961096869811],[0.06551503363442436,0.03329913519913447],[0.06552512852840359,0.033308941929677774],[0.06553471145940473,0.033319012925663666],[0.06554377768285795,0.03332932923443185],[0.06555232430111578,0.03333987125910983],[0.06556035030166528,0.033350618835402586],[0.06556785658659676,0.033361551311027214],[0.0655748459931027,0.033372647627418595],[0.0655813233048258,0.03338388640331996],[0.06558729525392154,0.033395246019863066],[0.06559277051374816,0.033406704706734874],[0.06559775968214418,0.033418240629022135],[0.06560227525530309,0.033429831974321755],[0.06560633159230214,0.033441457039703484],[0.06560994487039164,0.0334530943181122],[0.06561313303119817,0.03346472258379982],[0.06561591571804343,0.0334763209763819],[0.06561831420462623,0.03348786908312086],[0.06562035131536102,0.033499347019046825],[0.06562205133771008,0.033510735504538036],[0.06562343992688893,0.03352201593999574],[0.06562454400336534,0.03353317047726314],[0.06562539164361046,0.033544182087454466],[0.06562601196459733,0.03355503462487878],[0.06562643500257534,0.033565712886762356],[0.06562669158668083,0.03357620266849536],[0.06562681320797217,0.033586490814150806],[0.06562683188450313,0.03359656526204795],[0.06562678002307065,0.03360641508515713],[0.0656266902782923,0.03361603052616941],[0.06562659540968432,0.03362540302708084],[0.06562652813742385,0.03363452525316942],[0.06562652099748721,0.033643391111270425],[0.06562660619686196,0.03365199576228492],[0.06562681546953228,0.033660335627884855],[0.06562717993393463,0.03366840839140743],[0.06562772995257622,0.03367621299296032],[0.06562849499449917,0.03368374961878829],[0.06562950350126093,0.03369101968498009],[0.0656307827570857,0.03369802581562295],[0.0656323587638222,0.033704771815538936],[0.06563425612132037,0.03371126263776453],[0.06563649791381417,0.0337175043459603],[0.06563910560286836,0.033723504071962514],[0.06564209892741606,0.03372926996871183],[0.06564549581137878,0.03373481115881671],[0.06564931227932434,0.03374013767903017],[0.0656535623805781,0.03374526042093752],[0.06565825812216207,0.03375019106817108],[0.06566340941089266,0.033754942030483355],[0.06566902400492268,0.033759526375025106],[0.065675107474967,0.03376395775518664],[0.06568166317540287,0.033768250337371734],[0.0656886922253874,0.0337724187260819],[0.06569619350008524,0.03377647788769549],[0.06570416363204899,0.033780443073330654],[0.06571259702274508,0.03378432974118377],[0.06572148586416711,0.033788153478735504],[0.06573082017042935,0.03379192992521492],[0.06574058781918314,0.03379567469470879],[0.06575077460265064,0.033799403300297286],[0.0657613642880229,0.03380313107958997],[0.06577233868692293,0.03380687312202626],[0.06578367773359013,0.03381064419829335],[0.06579535957139908,0.03381445869220113],[0.0658073606472855,0.033818330535339045],[0.06581965581361313,0.03382227314482284],[0.06583221843697935,0.03382629936442146],[0.0658450205134236,0.03383042140933428],[0.06585803278947204,0.033834650814868424],[0.06587122488842397,0.03383899838924333],[0.06588456544126074,0.033843474170726605],[0.06589802222153616,0.03384808738928114],[0.06591156228358944,0.03385284643287796],[0.06592515210340659,0.03385775881860384],[0.06593875772144489,0.033862831168666174],[0.06595234488672726,0.03386806919137079],[0.06596587920150883,0.03387347766712131],[0.06597932626581762,0.03387906043946162],[0.06599265182117389,0.0338848204111555],[0.0660058218927992,0.033890759545270766],[0.06601880292963622,0.03389687887120835],[0.06603156194151369,0.03390317849559058],[0.06604406663280789,0.03390965761789719],[0.06605628553197174,0.033916314550712603],[0.06606818811632642,0.03392314674442421],[0.06607974493153619,0.03393015081618788],[0.06609092770521696,0.03393732258295532],[0.06610170945416044,0.033944657098336974],[0.06611206458469103,0.033952148693054844],[0.06612196898570882,0.033959791018721555],[0.06613140011401193,0.033967577094665705],[0.06614033707153205,0.03397549935750862],[0.06614876067416,0.033983549713184596],[0.06615665351188295,0.033991719591085386],[0.066164,0.034]]]}},{"type":"Feature","properties":{"kind":"coast","demo":true},"geometry":{"type":"LineString","coordinates":[[0.066164,0.034],[0.06617078642123021,0.03400838158551362],[0.06617700095857414,0.0340168546885231],[0.06618263371883862,0.034025409404523345],[0.06618767674678232,0.034034035643316425],[0.0661921240298885,0.03404272318879571],[0.06619597149381931,0.03405146175845921],[0.06619921698865373,0.03406024106231009],[0.06620186026605815,0.03406905086080858],[0.06620390294758492,0.034077881021546616],[0.06620534848433844,0.034086721574326566],[0.06620620210829202,0.03409556276433646],[0.0662064707755805,0.03410439510312694],[0.06620616310213281,0.03411320941711001],[0.06620528929204694,0.03412199689331553],[0.06620386105914455,0.03413074912215898],[0.06620189154217582,0.03413945813699287],[0.06619939521417474,0.03414811645023431],[0.06619638778649309,0.03415671708588219],[0.06619288610806523,0.03416525360825996],[0.06618890806047757,0.03417372014684265],[0.06618447244943475,0.0341821114170507],[0.06617959889322943,0.03419042273691757],[0.06617430770883419,0.03419865003956264],[0.06616861979624268,0.0342067898814264],[0.06616255652169134,0.03421483944624973],[0.06615613960039517,0.03422279654480491],[0.06614939097942843,0.03423065961041074],[0.06614233272137619,0.03423842769028936],[0.0661349868893735,0.034246100432846885],[0.06612737543413719,0.034253678070983805],[0.06611952008357999,0.03426116140156477],[0.06611144223557795,0.034268551761199556],[0.06610316285444101,0.03427585099850897],[0.06609470237161211,0.034283061443069814],[0.06608608059109312,0.03429018587125254],[0.0660773166000662,0.03429722746918335],[0.06606842868514701,0.03430418979307928],[0.06605943425467198,0.034311076727220155],[0.06605034976738533,0.03431789243983496],[0.06604119066785326,0.03432464133719244],[0.06603197132889288,0.03433132801619606],[0.06602270500126232,0.034337957215792254],[0.0660134037708158,0.034344533767507644],[0.066004078523284,0.034351062545436066],[0.06599473891679651,0.03435754841599936],[0.065985393362218,0.034363996187807166],[0.0659760490113253,0.03437041056194035],[0.06596671175280808,0.03437679608298026],[0.06595738621603124,0.034383157091101506],[0.06594807578245335,0.034389497675539844],[0.06593878260455246,0.034395821629738685],[0.0659295076320687,0.03440213240846787],[0.06592025064533198,0.034408433087196925],[0.06591101029540432,0.03441472632399166],[0.06590178415072821,0.03442101432418846],[0.06589256874993722,0.03442729880808412],[0.0658833596604509,0.03443358098186157],[0.06587415154244528,0.034439861511952725],[0.0658649382177606,0.03444614050301978],[0.0658557127432828,0.03445241747971465],[0.06584646748831002,0.03445869137235437],[0.06583719421539663,0.03446496050662704],[0.06582788416414774,0.034471222597419124],[0.06581852813742387,0.034477474746830584],[0.06580911658940312,0.034483713446419574],[0.0657996397149404,0.03448993458369321],[0.06579008753965754,0.03449613345283576],[0.0657804500101971,0.03450230476964031],[0.0657707170840737,0.03450844269058467],[0.06576087881856121,0.03451454083596765],[0.0657509254580627,0.034520592316996994],[0.06574084751942065,0.03452658976669668],[0.06573063587463925,0.0345325253744778],[0.0657202818305081,0.034538390924194716],[0.06570977720463657,0.034544177835487105],[0.06569911439743091,0.034549877208187356],[0.06568828645957234,0.03455547986955434],[0.06567728715458195,0.034560976424075844],[0.06566611101608907,0.03456635730556594],[0.06565475339945252,0.03457161283126819],[0.06564321052741856,0.03457673325766211],[0.0656314795295362,0.03458170883765865],[0.06561955847508834,0.03458652987886009],[0.06560744639933698,0.034591186802551556],[0.06559514332292098,0.03459567020308504],[0.06558265026428671,0.03459997090731181],[0.06556996924507404,0.03460408003371688],[0.06555710328842262,0.0346079890509081],[0.06554405641020673,0.034611689835113923],[0.06553083360324898,0.034615174726346766],[0.06551744081460674,0.034618436582894305],[0.06550388491606618,0.034621468833807637],[0.06549017366802073,0.034624265529064516],[0.06547631567695068,0.034626821387096274],[0.06546232034675964,0.03462913183937965],[0.06544819782426152,0.034631193071809],[0.06543395893914696,0.0346330020625801],[0.06541961513879271,0.034634556616334224],[0.06540517841830923,0.03463585539433014],[0.06539066124625126,0.034636897940431705],[0.06537607648644395,0.0346376847027206],[0.06536143731640118,0.03463821705056611],[0.06534675714283536,0.034638497287007755],[0.06533204951477653,0.034638528656331144],[0.06531732803483535,0.03463831534674281],[0.06530260626915729,0.03463786248807586],[0.06528789765662547,0.03463717614448478],[0.06527321541787652,0.03463626330211459],[0.06525857246469711,0.03463513185175677],[0.06524398131036968,0.034633790566531375],[0.06522945398153192,0.034632249074662065],[0.06521500193210966,0.034630517827437333],[0.06520063595987213,0.034628608062478104],[0.06518636612614664,0.03462653176245739],[0.06517220167921374,0.03462430160944341],[0.0651581509818852,0.03462193093506176],[0.06514422144374508,0.034619433666696],[0.06513041945851013,0.03461682426996846],[0.06511675034693802,0.03461411768776434],[0.06510321830568228,0.034611329276082264],[0.06508982636246068,0.034608474737013076],[0.06507657633786923,0.0346055700491655],[0.0650634688141376,0.03460263139587312],[0.06505050311108362,0.03459967509153058],[0.06503767726948437,0.03459671750641891],[0.06502498804204027,0.03459377499039019],[0.0650124308920662,0.03459086379578967],[0.065,0.034588],[0.06498768827777493,0.034585199427996184],[0.06497548739105768,0.03458247757530224],[0.06496338778930941,0.03457984953174072],[0.06495137874358164,0.03457732990636422],[0.06493944839191548,0.03457493275395425],[0.06492758379216745,0.03457267150346661],[0.06491577098204336,0.034570558888794754],[0.06490399504607833,0.03456860688221239],[0.0648922401892612,0.03456682663084483],[0.06488048981696118,0.034565228396504936],[0.06486872662077789,0.034563821499213776],[0.06485693266989924,0.034562614264709045],[0.06484508950751844,0.03456161397622534],[0.06483317825183003,0.03456082683081001],[0.0648211797010957,0.034560257900416363],[0.06480907444224468,0.034559911097993036],[0.0647968429624498,0.03455978914876376],[0.06478446576310022,0.034559893566866416],[0.0647719234755741,0.03456022463749397],[0.06475919697820018,0.03456078140465257],[0.06474626751378658,0.0345615616646242],[0.06473311680708732,0.034562561965193216],[0.0647197271815726,0.034563777610666827],[0.06470608167486822,0.03456520267269118],[0.06469216415223213,0.03456683000683521],[0.06467795941744188,0.034568651274885814],[0.06466345332047638,0.034570656972768794],[0.06464863286138793,0.0345728364639821],[0.06463348628977669,0.034575178018399745],[0.06461800319929918,0.03457766885627775],[0.06460217461666443,0.03458029519726718],[0.06458599308459749,0.03458304231421391],[0.06456945273827784,0.034585894591500556],[0.06455254937479162,0.034588835587662715],[0.0645352805151704,0.0345918481019904],[0.06451764545862528,0.03459491424480467],[0.06449964532862332,0.03459801551108137],[0.06448128311049423,0.034601132857076305],[0.06446256368029699,0.03460424677959121],[0.06444349382472031,0.034607337397506294],[0.06442408225183589,0.03461038453519353],[0.06440433959257007,0.03461336780741526],[0.06438427839280644,0.03461626670530509],[0.06436391309608044,0.034619060683022514],[0.06434326001687475,0.03462172924466913],[0.06432233730457311,0.03462425203105308],[0.06430116489817873,0.03462660890588898],[0.06427976447195113,0.034628780041023384],[0.06425815937216275,0.03463074600028094],[0.0642363745452234,0.03463248782153308],[0.06421443645746557,0.034633987096600455],[0.06419237300692825,0.03463522604861094],[0.06417021342751855,0.03463618760644818],[0.06414798818597184,0.034636855475940385],[0.06412572887206873,0.0346372142074554],[0.06410346808260457,0.03463724925958661],[0.06408123929963984,0.0346369470586338],[0.06405907676359177,0.03463629505360444],[0.06403701534175577,0.03463528176648365],[0.06401509039287029,0.034633896837544885],[0.06399333762836157,0.03463213106549851],[0.06397179297092333,0.034629976442301466],[0.06395049241110279,0.03462742618247819],[0.06392947186257615,0.034624474746830586],[0.06390876701680605,0.03462111786044299],[0.06388841319777845,0.034617352524916815],[0.0638684452175185,0.03461317702479849],[0.06384889723308274,0.03460859092819326],[0.06382980260571992,0.034603595081586565],[0.06381119376288362,0.03459819159892358],[0.06379310206376702,0.0345923838450258],[0.06377555766901513,0.034586176413452054],[0.06375858941524917,0.03457957509893828],[0.06374222469501652,0.034572586864577405],[0.06372648934275285,0.03456521980392635],[0.06371140752731481,0.03455748309825192],[0.06369700165160982,0.034549386969150844],[0.06368329225981498,0.0345409426268017],[0.06367029795264027,0.03453216221412723],[0.06365803531105199,0.034523058747164964],[0.06364651882883046,0.034513646051961944],[0.06363576085429336,0.03450393869832529],[0.06362577154147005,0.034493951930774966],[0.06361655881096637,0.03448370159705715],[0.06360812832071107,0.03447320407458774],[0.06360048344672649,0.034462476195203595],[0.06359362527401625,0.03445153516860626],[0.06358755259761295,0.034440398504887046],[0.06358226193377824,0.03442908393652531],[0.06357774754129787,0.03441760934025195],[0.06357400145276386,0.034405992659168855],[0.06357101351568688,0.03439425182551119],[0.06356877144323339,0.03438240468443398],[0.06356726087433442,0.034370468919196956],[0.0635664654428668,0.03435846197811173],[0.06356636685556305,0.03434640100360447],[0.06356694497826336,0.0343343027637337],[0.06356817793008211,0.034322183586488024],[0.06357004218502295,0.034310059297172055],[0.06357251268054011,0.03429794515917057],[0.06357556293251035,0.034285855818361445],[0.06357916515604875,0.03427380525142688],[0.06358329039157391,0.034261806718290246],[0.06358790863550345,0.03424987271888285],[0.06359298897493881,0.034238014954420214],[0.0635984997256804,0.03422624429334282],[0.06360440857289894,0.03421457074205016],[0.06361068271377798,0.034203003420530745],[0.06361728900143392,0.034191550542963724],[0.06362419408941636,0.03418021940334093],[0.06363136457609052,0.03416901636613073],[0.06363876714820614,0.03415794686197808],[0.06364636872296428,0.03414701538840796],[0.06365413658790275,0.03413622551547277],[0.06366203853793483,0.03412557989625799],[0.06367004300889241,0.0341150802821347],[0.06367811920694508,0.03410472754262258],[0.06368623723328952,0.03409452168970312],[0.06369436820353054,0.03408446190639932],[0.06370248436120368,0.034074546579416706],[0.06371055918492177,0.03406477333561919],[0.06371856748866217,0.03405513908209438],[0.06372648551474847,0.03404564004954465],[0.06373429101911952,0.03403627183872409],[0.06374196334852002,0.03402702946962652],[0.0637494835092891,0.034017907433116674],[0.063756834227469,0.03400889974468539],[0.063764,0.034],[0.06377096713681626,0.03399120143191361],[0.06377772379370325,0.03398249696859102],[0.06378425999582658,0.03397387929240544],[0.0637905676518899,0.03396534089925804],[0.06379664055892814,0.03395687415797262],[0.06380247439779047,0.03394847136941967],[0.06380806671941507,0.033940124825027874],[0.06381341692204488,0.033931826864347196],[0.06381852621957927,0.033923569931335176],[0.06382339760130153,0.03391534662904766],[0.06382803578326535,0.03390714977242648],[0.06383244715166503,0.03389897243888943],[0.06383663969855397,0.033890808016442606],[0.06384062295031348,0.033882650249051106],[0.06384440788930963,0.033874493279021776],[0.06384800686920807,0.033866331686170294],[0.06385143352444762,0.0338581605235652],[0.06385470267440062,0.033849975349662574],[0.06385783022277189,0.03384177225666702],[0.06386083305281066,0.03383354789497808],[0.06386372891892711,0.03382529949360438],[0.06386653633532037,0.03381702487645271],[0.06386927446223684,0.03380872247442357],[0.06387196299048538,0.03380039133327015],[0.06387462202484127,0.03379203111720281],[0.06387727196697188,0.03378364210824646],[0.06387993339851518,0.033775225201383575],[0.06388262696493695,0.033766781895540256],[0.0638853732607833,0.03375831428049768],[0.06388819271693381,0.033749825019834825],[0.06389110549044427,0.033741317330032196],[0.06389413135755086,0.03373279495588843],[0.06389728961038488,0.0337242621424235],[0.06390059895792363,0.033715723603462824],[0.06390407743167587,0.03370718448711585],[0.06390774229656994,0.03369865033838095],[0.06391160996748152,0.033690127059125344],[0.06391569593180274,0.033681620865703706],[0.06392001467841849,0.033673138244493424],[0.0639245796334172,0.033664685905636045],[0.0639294031028239,0.033656270735285286],[0.06393449622260142,0.03364789974667056],[0.06393986891612399,0.03363958003029164],[0.06394552985928334,0.03363131870356556],[0.06395148645334386,0.03362312286024951],[0.06395774480561871,0.03361499951996523],[0.06396430971799369,0.03360695557814949],[0.06397118468328197,0.033598997756752826],[0.06397837188934717,0.03359113255600445],[0.06398587223088954,0.03358336620755486],[0.06399368532874623,0.033575704629299666],[0.06400180955651516,0.033568153382178466],[0.06401024207427067,0.03356071762923087],[0.06401897886910046,0.03355340209717878],[0.06402801480215518,0.03354621104078912],[0.06403734366186664,0.03353914821025502],[0.06404695822295702,0.03353221682181586],[0.06405685031082971,0.03352541953181744],[0.0640670108709043,0.03351875841439354],[0.06407743004243088,0.03351223494292882],[0.06408809723629623,0.03350584997544073],[0.06409900121631311,0.033499603743995146],[0.06411013018346658,0.03349349584824656],[0.06412147186257615,0.03348752525316942],[0.06413301359082159,0.03348169029102223],[0.06414474240757144,0.03347598866756116],[0.06415664514494844,0.033470417472494386],[0.06416870851856425,0.03346497319414337],[0.06418091921785729,0.033459651738251835],[0.06419326399547214,0.03345444845085857],[0.0642057297551272,0.03344935814512555],[0.06421830363742789,0.03344437513198885],[0.06423097310309751,0.033439493254476864],[0.0642437260131146,0.03343470592551747],[0.06425655070526619,0.033430006169034666],[0.06426943606664906,0.03342538666411445],[0.06428237160167688,0.03342083979200071],[0.06429534749517911,0.033416357685663624],[0.0643083546702084,0.0334119322816669],[0.06432138484020548,0.03340755537404463],[0.06433443055520566,0.03340321866988534],[0.06434748524180717,0.03339891384630907],[0.06436054323666,0.03339463260851271],[0.06437359981327324,0.03339036674855117],[0.06438665120197926,0.03338610820451481],[0.06439969460293524,0.03338184911975962],[0.06441272819208414,0.03337758190184331],[0.06442575112004023,0.03337329928082041],[0.06443876350390695,0.03336899436654993],[0.06445176641207792,0.033364660704673046],[0.06446476184211426,0.03336029233092277],[0.06447775269183349,0.033355883823434816],[0.06449074272378641,0.033351430352737785],[0.0645037365233387,0.03334692772911133],[0.06451673945061313,0.03334237244701357],[0.0645297575865853,0.0333377617262932],[0.06454279767366256,0.03333309354991759],[0.06455586705110875,0.03332836669796559],[0.06456897358571058,0.03332358077765253],[0.06458212559810993,0.033318736249175473],[0.0645953317852545,0.03331383444718787],[0.06460860113944385,0.03330887759773586],[0.0646219428644692,0.03330386883051189],[0.06463536628936581,0.03329881218630605],[0.06464888078031122,0.03329371261956102],[0.06466249565121754,0.033288575995962244],[0.06467622007357464,0.03328340908502198],[0.06469006298610869,0.03327821954764223],[0.06470403300482351,0.033273015918668984],[0.06471813833399319,0.033267807584477435],[0.0647323866786706,0.03326260475565458],[0.06474678515927096,0.03325741843487281],[0.0647613402287798,0.0332522603800744],[0.06477605759312191,0.03324714306311287],[0.06479094213521248,0.03324207962402241],[0.06480599784319234,0.03323708382111107],[0.06482122774332798,0.03323216997709711],[0.06483663383803201,0.033227352921530263],[0.0648522170494327,0.03322264792976104],[0.06486797716889134,0.03321807065874119],[0.06488391281283402,0.03321363707995719],[0.06490002138523003,0.03320936340981533],[0.0649162990470123,0.03320526603781292],[0.06493274069269782,0.03320136145284334],[0.0649493399344251,0.03319766616799522],[0.06496608909358527,0.0331941966442155],[0.06498297920018047,0.03319096921321486],[0.065,0.033188],[0.06501713996966066,0.033185304845421384],[0.06503438633951268,0.03318289922912755],[0.06505172512436866,0.033180798193317027],[0.06506914116196745,0.033179016267676976],[0.06508661815904078,0.03317756739589404],[0.06510413874480665,0.03317646486411644],[0.06512168453167001,0.03317572123173887],[0.06513923618286928,0.03317534826487131],[0.06515677348676652,0.033175356872841524],[0.0651742754374393,0.03317575704806674],[0.065191720321195,0.033176557809614884],[0.06520908580859211,0.033177767150758354],[0.06522634905151971,0.033179391990804344],[0.06524348678485475,0.03318143813146549],[0.06526047543218805,0.03318391021801266],[0.06527729121508338,0.03318681170542852],[0.06529391026531112,0.03319014482975628],[0.06531030873947671,0.033193910584812476],[0.06532646293544772,0.03319810870440618],[0.06534234940996801,0.033202737650180204],[0.06535794509683741,0.033207794605161406],[0.06537322742502708,0.033213275473079604],[0.06538817443609672,0.03321917488348504],[0.06540276490027892,0.033225486202666084],[0.06541697843059827,0.03323220155033934],[0.06543079559439921,0.03323931182205556],[0.06544419802166582,0.03324680671723606],[0.06545716850952926,0.03325467477272587],[0.06546969112237534,0.03326290340172214],[0.06548175128698315,0.03327147893790911],[0.06549333588214884,0.033280386684604674],[0.06550443332227371,0.03328961096869811],[0.06551503363442436,0.03329913519913447],[0.06552512852840359,0.033308941929677774],[0.06553471145940473,0.033319012925663666],[0.06554377768285795,0.03332932923443185],[0.06555232430111578,0.03333987125910983],[0.06556035030166528,0.033350618835402586],[0.06556785658659676,0.033361551311027214],[0.0655748459931027,0.033372647627418595],[0.0655813233048258,0.03338388640331996],[0.06558729525392154,0.033395246019863066],[0.06559277051374816,0.033406704706734874],[0.06559775968214418,0.033418240629022135],[0.06560227525530309,0.033429831974321755],[0.06560633159230214,0.033441457039703484],[0.06560994487039164,0.0334530943181122],[0.06561313303119817,0.03346472258379982],[0.06561591571804343,0.0334763209763819],[0.06561831420462623,0.03348786908312086],[0.06562035131536102,0.033499347019046825],[0.06562205133771008,0.033510735504538036],[0.06562343992688893,0.03352201593999574],[0.06562454400336534,0.03353317047726314],[0.06562539164361046,0.033544182087454466],[0.06562601196459733,0.03355503462487878],[0.06562643500257534,0.033565712886762356],[0.06562669158668083,0.03357620266849536],[0.06562681320797217,0.033586490814150806],[0.06562683188450313,0.03359656526204795],[0.06562678002307065,0.03360641508515713],[0.0656266902782923,0.03361603052616941],[0.06562659540968432,0.03362540302708084],[0.06562652813742385,0.03363452525316942],[0.06562652099748721,0.033643391111270425],[0.06562660619686196,0.03365199576228492],[0.06562681546953228,0.033660335627884855],[0.06562717993393463,0.03366840839140743],[0.06562772995257622,0.03367621299296032],[0.06562849499449917,0.03368374961878829],[0.06562950350126093,0.03369101968498009],[0.0656307827570857,0.03369802581562295],[0.0656323587638222,0.033704771815538936],[0.06563425612132037,0.03371126263776453],[0.06563649791381417,0.0337175043459603],[0.06563910560286836,0.033723504071962514],[0.06564209892741606,0.03372926996871183],[0.06564549581137878,0.03373481115881671],[0.06564931227932434,0.03374013767903017],[0.0656535623805781,0.03374526042093752],[0.06565825812216207,0.03375019106817108],[0.06566340941089266,0.033754942030483355],[0.06566902400492268,0.033759526375025106],[0.065675107474967,0.03376395775518664],[0.06568166317540287,0.033768250337371734],[0.0656886922253874,0.0337724187260819],[0.06569619350008524,0.03377647788769549],[0.06570416363204899,0.033780443073330654],[0.06571259702274508,0.03378432974118377],[0.06572148586416711,0.033788153478735504],[0.06573082017042935,0.03379192992521492],[0.06574058781918314,0.03379567469470879],[0.06575077460265064,0.033799403300297286],[0.0657613642880229,0.03380313107958997],[0.06577233868692293,0.03380687312202626],[0.06578367773359013,0.03381064419829335],[0.06579535957139908,0.03381445869220113],[0.0658073606472855,0.033818330535339045],[0.06581965581361313,0.03382227314482284],[0.06583221843697935,0.03382629936442146],[0.0658450205134236,0.03383042140933428],[0.06585803278947204,0.033834650814868424],[0.06587122488842397,0.03383899838924333],[0.06588456544126074,0.033843474170726605],[0.06589802222153616,0.03384808738928114],[0.06591156228358944,0.03385284643287796],[0.06592515210340659,0.03385775881860384],[0.06593875772144489,0.033862831168666174],[0.06595234488672726,0.03386806919137079],[0.06596587920150883,0.03387347766712131],[0.06597932626581762,0.03387906043946162],[0.06599265182117389,0.0338848204111555],[0.0660058218927992,0.033890759545270766],[0.06601880292963622,0.03389687887120835],[0.06603156194151369,0.03390317849559058],[0.06604406663280789,0.03390965761789719],[0.06605628553197174,0.033916314550712603],[0.06606818811632642,0.03392314674442421],[0.06607974493153619,0.03393015081618788],[0.06609092770521696,0.03393732258295532],[0.06610170945416044,0.033944657098336974],[0.06611206458469103,0.033952148693054844],[0.06612196898570882,0.033959791018721555],[0.06613140011401193,0.033967577094665705],[0.06614033707153205,0.03397549935750862],[0.06614876067416,0.033983549713184596],[0.06615665351188295,0.033991719591085386],[0.066164,0.034]]}},{"type":"Feature","properties":{"kind":"land","demo":true},"geometry":{"type":"Polygon","coordinates":[[[-0.052836,0.042],[-0.052829213578769796,0.04200838158551362],[-0.05282299904142586,0.0420168546885231],[-0.05281736628116138,0.042025409404523345],[-0.05281232325321769,0.042034035643316425],[-0.05280787597011151,0.04204272318879571],[-0.052804028506180684,0.04205146175845921],[-0.052800783011346275,0.04206024106231009],[-0.05279813973394185,0.04206905086080858],[-0.05279609705241508,0.042077881021546616],[-0.05279465151566157,0.042086721574326566],[-0.05279379789170798,0.04209556276433646],[-0.052793529224419496,0.04210439510312694],[-0.05279383689786718,0.04211320941711001],[-0.052794710707953066,0.04212199689331553],[-0.052796138940855455,0.04213074912215898],[-0.05279810845782419,0.04213945813699287],[-0.05280060478582527,0.04214811645023431],[-0.05280361221350691,0.042156717085882194],[-0.05280711389193477,0.04216525360825996],[-0.052811091939522437,0.04217372014684265],[-0.05281552755056525,0.0421821114170507],[-0.052820401106770574,0.04219042273691757],[-0.05282569229116581,0.04219865003956264],[-0.05283138020375732,0.0422067898814264],[-0.05283744347830866,0.04221483944624973],[-0.052843860399604835,0.04222279654480491],[-0.052850609020571565,0.04223065961041074],[-0.0528576672786238,0.04223842769028936],[-0.05286501311062651,0.042246100432846885],[-0.05287262456586282,0.042253678070983805],[-0.05288047991642002,0.04226116140156477],[-0.05288855776442205,0.042268551761199556],[-0.05289683714555899,0.04227585099850897],[-0.052905297628387894,0.042283061443069814],[-0.05291391940890688,0.04229018587125254],[-0.0529226833999338,0.04229722746918335],[-0.052931571314852995,0.04230418979307928],[-0.05294056574532802,0.042311076727220155],[-0.05294965023261467,0.04231789243983496],[-0.05295880933214674,0.04232464133719244],[-0.05296802867110713,0.04233132801619606],[-0.05297729499873767,0.042337957215792255],[-0.0529865962291842,0.042344533767507644],[-0.052995921476716015,0.042351062545436066],[-0.0530052610832035,0.04235754841599936],[-0.053014606637782,0.04236399618780717],[-0.0530239509886747,0.04237041056194035],[-0.053033288247191925,0.04237679608298026],[-0.05304261378396877,0.042383157091101506],[-0.05305192421754666,0.042389497675539844],[-0.053061217395447544,0.042395821629738685],[-0.0530704923679313,0.04240213240846787],[-0.05307974935466801,0.042408433087196926],[-0.053088989704595684,0.04241472632399166],[-0.053098215849271796,0.04242101432418846],[-0.05310743125006279,0.04242729880808412],[-0.05311664033954909,0.04243358098186157],[-0.053125848457554734,0.042439861511952726],[-0.053135061782239396,0.04244614050301978],[-0.053144287256717215,0.04245241747971465],[-0.05315353251168998,0.04245869137235437],[-0.05316280578460337,0.04246496050662704],[-0.05317211583585226,0.042471222597419124],[-0.05318147186257614,0.042477474746830585],[-0.05319088341059688,0.042483713446419574],[-0.053200360285059596,0.04248993458369321],[-0.05320991246034247,0.04249613345283576],[-0.0532195499898029,0.04250230476964031],[-0.0532292829159263,0.04250844269058467],[-0.053239121181438795,0.04251454083596765],[-0.0532490745419373,0.042520592316996994],[-0.05325915248057935,0.04252658976669668],[-0.05326936412536076,0.0425325253744778],[-0.0532797181694919,0.042538390924194716],[-0.05329022279536344,0.042544177835487106],[-0.0533008856025691,0.042549877208187356],[-0.053311713540427665,0.04255547986955434],[-0.053322712845418056,0.042560976424075844],[-0.053333888983910935,0.04256635730556594],[-0.05334524660054748,0.04257161283126819],[-0.053356789472581434,0.04257673325766211],[-0.05336852047046381,0.042581708837658654],[-0.05338044152491166,0.04258652987886009],[-0.05339255360066302,0.042591186802551556],[-0.053404856677079025,0.04259567020308504],[-0.053417349735713285,0.04259997090731181],[-0.053430030754925965,0.04260408003371688],[-0.05344289671157737,0.0426079890509081],[-0.05345594358979327,0.042611689835113924],[-0.053469166396751026,0.042615174726346766],[-0.05348255918539327,0.042618436582894305],[-0.05349611508393382,0.04262146883380764],[-0.05350982633197927,0.042624265529064516],[-0.053523684323049325,0.042626821387096274],[-0.05353767965324036,0.04262913183937965],[-0.053551802175738475,0.042631193071809],[-0.05356604106085304,0.0426330020625801],[-0.05358038486120729,0.042634556616334224],[-0.05359482158169077,0.04263585539433014],[-0.05360933875374874,0.042636897940431705],[-0.053623923513556056,0.0426376847027206],[-0.05363856268359882,0.04263821705056611],[-0.05365324285716464,0.042638497287007755],[-0.05366795048522348,0.042638528656331144],[-0.05368267196516465,0.04263831534674281],[-0.05369739373084271,0.04263786248807586],[-0.05371210234337453,0.04263717614448478],[-0.05372678458212349,0.04263626330211459],[-0.05374142753530288,0.04263513185175677],[-0.05375601868963032,0.042633790566531375],[-0.053770546018468084,0.042632249074662065],[-0.05378499806789033,0.042630517827437334],[-0.05379936404012786,0.042628608062478104],[-0.053813633873853364,0.04262653176245739],[-0.053827798320786255,0.04262430160944341],[-0.0538418490181148,0.04262193093506176],[-0.053855778556254924,0.042619433666696],[-0.053869580541489874,0.04261682426996846],[-0.05388324965306198,0.04261411768776434],[-0.05389678169431772,0.042611329276082265],[-0.05391017363753932,0.042608474737013076],[-0.05392342366213077,0.0426055700491655],[-0.0539365311858624,0.04260263139587312],[-0.05394949688891638,0.04259967509153058],[-0.053962322730515634,0.04259671750641891],[-0.053975011957959736,0.04259377499039019],[-0.053987569107933814,0.04259086379578967],[-0.054,0.042588],[-0.05401231172222507,0.042585199427996184],[-0.05402451260894232,0.04258247757530224],[-0.0540366122106906,0.04257984953174072],[-0.05404862125641836,0.04257732990636422],[-0.054060551608084526,0.04257493275395425],[-0.05407241620783255,0.04257267150346661],[-0.05408422901795665,0.042570558888794754],[-0.05409600495392167,0.04256860688221239],[-0.05410775981073881,0.04256682663084482],[-0.05411951018303882,0.04256522839650494],[-0.054131273379222106,0.042563821499213776],[-0.05414306733010076,0.042562614264709045],[-0.05415491049248156,0.04256161397622534],[-0.054166821748169974,0.04256082683081001],[-0.05417882029890429,0.042560257900416364],[-0.05419092555775532,0.042559911097993036],[-0.054203157037550215,0.04255978914876376],[-0.05421553423689978,0.042559893566866416],[-0.05422807652442589,0.04256022463749397],[-0.05424080302179982,0.04256078140465257],[-0.05425373248621342,0.0425615616646242],[-0.05426688319291268,0.042562561965193216],[-0.0542802728184274,0.04256377761066683],[-0.054293918325131786,0.04256520267269118],[-0.054307835847767875,0.04256683000683521],[-0.05432204058255812,0.042568651274885815],[-0.05433654667952362,0.042570656972768794],[-0.05435136713861207,0.0425728364639821],[-0.0543665137102233,0.042575178018399745],[-0.05438199680070082,0.04257766885627775],[-0.054397825383335575,0.04258029519726718],[-0.05441400691540251,0.04258304231421391],[-0.05443054726172216,0.042585894591500556],[-0.054447450625208386,0.042588835587662716],[-0.0544647194848296,0.0425918481019904],[-0.054482354541374726,0.04259491424480467],[-0.05450035467137669,0.04259801551108137],[-0.05451871688950578,0.042601132857076306],[-0.05453743631970301,0.04260424677959121],[-0.054556506175279684,0.042607337397506294],[-0.0545759177481641,0.04261038453519353],[-0.054595660407429934,0.04261336780741526],[-0.054615721607193565,0.04261626670530509],[-0.05463608690391955,0.042619060683022514],[-0.054656739983125244,0.04262172924466913],[-0.05467766269542689,0.04262425203105308],[-0.054698835101821275,0.04262660890588898],[-0.054720235528048874,0.042628780041023384],[-0.05474184062783725,0.04263074600028094],[-0.05476362545477661,0.04263248782153308],[-0.05478556354253443,0.042633987096600455],[-0.054807626993071755,0.04263522604861094],[-0.05482978657248144,0.04263618760644818],[-0.05485201181402817,0.042636855475940386],[-0.05487427112793127,0.0426372142074554],[-0.05489653191739542,0.04263724925958661],[-0.05491876070036017,0.0426369470586338],[-0.05494092323640824,0.04263629505360444],[-0.05496298465824424,0.04263528176648365],[-0.054984909607129706,0.042633896837544885],[-0.05500666237163843,0.04263213106549851],[-0.055028207029076674,0.042629976442301466],[-0.05504950758889722,0.04262742618247819],[-0.05507052813742386,0.042624474746830586],[-0.05509123298319396,0.04262111786044299],[-0.05511158680222156,0.042617352524916816],[-0.05513155478248151,0.04261317702479849],[-0.05515110276691727,0.04260859092819326],[-0.05517019739428008,0.042603595081586565],[-0.05518880623711639,0.04259819159892358],[-0.05520689793623298,0.0425923838450258],[-0.05522444233098487,0.042586176413452054],[-0.055241410584750836,0.04257957509893828],[-0.055257775304983485,0.042572586864577405],[-0.05527351065724716,0.04256521980392635],[-0.055288592472685194,0.04255748309825192],[-0.05530299834839018,0.042549386969150844],[-0.055316707740185024,0.0425409426268017],[-0.05532970204735972,0.04253216221412723],[-0.05534196468894802,0.042523058747164964],[-0.05535348117116954,0.042513646051961944],[-0.055364239145706644,0.04250393869832529],[-0.055374228458529955,0.042493951930774966],[-0.05538344118903364,0.04248370159705715],[-0.05539187167928894,0.04247320407458774],[-0.05539951655327351,0.0424624761952036],[-0.05540637472598375,0.04245153516860626],[-0.05541244740238705,0.042440398504887046],[-0.055417738066221765,0.04242908393652531],[-0.05542225245870213,0.042417609340251954],[-0.05542599854723615,0.042405992659168855],[-0.05542898648431313,0.04239425182551119],[-0.05543122855676661,0.04238240468443398],[-0.05543273912566558,0.042370468919196956],[-0.05543353455713321,0.04235846197811173],[-0.05543363314443696,0.04234640100360447],[-0.05543305502173664,0.0423343027637337],[-0.05543182206991788,0.042322183586488024],[-0.05542995781497705,0.042310059297172055],[-0.055427487319459894,0.04229794515917057],[-0.05542443706748965,0.042285855818361445],[-0.05542083484395125,0.04227380525142688],[-0.055416709608426096,0.042261806718290246],[-0.055412091364496555,0.04224987271888285],[-0.05540701102506119,0.042238014954420214],[-0.055401500274319615,0.04222624429334282],[-0.055395591427101064,0.04221457074205016],[-0.05538931728622202,0.042203003420530745],[-0.055382710998566086,0.042191550542963724],[-0.055375805910583636,0.04218021940334093],[-0.05536863542390948,0.042169016366130734],[-0.055361232851793854,0.04215794686197808],[-0.055353631277035714,0.04214701538840796],[-0.05534586341209725,0.04213622551547277],[-0.055337961462065176,0.04212557989625799],[-0.05532995699110759,0.0421150802821347],[-0.05532188079305493,0.04210472754262258],[-0.05531376276671049,0.04209452168970312],[-0.05530563179646947,0.04208446190639932],[-0.05529751563879632,0.042074546579416706],[-0.05528944081507822,0.04206477333561919],[-0.05528143251133783,0.04205513908209438],[-0.05527351448525154,0.04204564004954465],[-0.05526570898088048,0.04203627183872409],[-0.05525803665147999,0.04202702946962652],[-0.05525051649071089,0.042017907433116675],[-0.055243165772531,0.04200889974468539],[-0.055236,0.042],[-0.05522903286318374,0.04199120143191361],[-0.05522227620629675,0.04198249696859102],[-0.055215740004173425,0.04197387929240544],[-0.055209432348110106,0.04196534089925804],[-0.05520335944107187,0.04195687415797262],[-0.05519752560220954,0.04194847136941967],[-0.05519193328058494,0.041940124825027875],[-0.055186583077955126,0.041931826864347196],[-0.05518147378042073,0.041923569931335176],[-0.05517660239869847,0.04191534662904766],[-0.05517196421673465,0.04190714977242648],[-0.05516755284833497,0.04189897243888943],[-0.05516336030144604,0.041890808016442606],[-0.05515937704968652,0.04188265024905111],[-0.05515559211069037,0.04187449327902178],[-0.05515199313079194,0.041866331686170294],[-0.05514856647555237,0.041858160523565204],[-0.05514529732559938,0.041849975349662574],[-0.05514216977722812,0.04184177225666702],[-0.05513916694718934,0.04183354789497808],[-0.05513627108107289,0.04182529949360438],[-0.05513346366467963,0.04181702487645271],[-0.055130725537763166,0.04180872247442357],[-0.05512803700951462,0.04180039133327015],[-0.05512537797515873,0.04179203111720281],[-0.055122728033028125,0.04178364210824646],[-0.055120066601484816,0.041775225201383576],[-0.055117373035063054,0.041766781895540256],[-0.05511462673921669,0.04175831428049768],[-0.055111807283066194,0.041749825019834826],[-0.05510889450955573,0.041741317330032196],[-0.05510586864244914,0.04173279495588843],[-0.05510271038961513,0.0417242621424235],[-0.05509940104207636,0.041715723603462825],[-0.05509592256832413,0.04170718448711585],[-0.05509225770343006,0.04169865033838095],[-0.05508839003251849,0.041690127059125344],[-0.05508430406819726,0.041681620865703706],[-0.05507998532158152,0.041673138244493424],[-0.0550754203665828,0.041664685905636045],[-0.055070596897176104,0.041656270735285286],[-0.05506550377739858,0.04164789974667056],[-0.055060131083876016,0.04163958003029164],[-0.05505447014071667,0.04163131870356556],[-0.05504851354665613,0.04162312286024951],[-0.055042255194381294,0.04161499951996523],[-0.05503569028200631,0.04160695557814949],[-0.05502881531671803,0.041598997756752826],[-0.05502162811065282,0.04159113255600445],[-0.05501412776911046,0.04158336620755486],[-0.05500631467125377,0.041575704629299666],[-0.05499819044348485,0.041568153382178466],[-0.054989757925729334,0.04156071762923087],[-0.05498102113089954,0.04155340209717878],[-0.05497198519784482,0.04154621104078912],[-0.05496265633813335,0.04153914821025502],[-0.054953041777042994,0.04153221682181586],[-0.054943149689170294,0.04152541953181744],[-0.0549329891290957,0.04151875841439354],[-0.05492256995756911,0.04151223494292882],[-0.05491190276370377,0.04150584997544073],[-0.054900998783686886,0.041499603743995146],[-0.054889869816533425,0.04149349584824656],[-0.05487852813742385,0.04148752525316942],[-0.05486698640917841,0.04148169029102223],[-0.054855257592428555,0.04147598866756116],[-0.054843354855051554,0.041470417472494386],[-0.05483129148143574,0.04146497319414337],[-0.05481908078214272,0.041459651738251835],[-0.05480673600452786,0.04145444845085857],[-0.054794270244872795,0.04144935814512555],[-0.0547816963625721,0.04144437513198885],[-0.05476902689690249,0.041439493254476864],[-0.05475627398688541,0.04143470592551747],[-0.05474344929473382,0.04143000616903467],[-0.054730563933350934,0.04142538666411445],[-0.054717628398323115,0.04142083979200071],[-0.054704652504820886,0.041416357685663624],[-0.05469164532979161,0.041411932281666904],[-0.054678615159794525,0.04140755537404463],[-0.05466556944479435,0.04140321866988534],[-0.05465251475819284,0.04139891384630907],[-0.05463945676333999,0.04139463260851271],[-0.05462640018672676,0.04139036674855117],[-0.054613348798020746,0.04138610820451481],[-0.05460030539706477,0.04138184911975962],[-0.05458727180791586,0.04137758190184331],[-0.054574248879959764,0.04137329928082041],[-0.05456123649609305,0.04136899436654993],[-0.05454823358792208,0.04136466070467305],[-0.05453523815788573,0.04136029233092277],[-0.0545222473081665,0.041355883823434816],[-0.05450925727621359,0.041351430352737785],[-0.0544962634766613,0.04134692772911133],[-0.054483260549386875,0.04134237244701357],[-0.05447024241341469,0.0413377617262932],[-0.05445720232633745,0.04133309354991759],[-0.054444132948891256,0.04132836669796559],[-0.054431026414289416,0.04132358077765254],[-0.054417874401890075,0.041318736249175474],[-0.05440466821474549,0.04131383444718787],[-0.05439139886055616,0.04130887759773586],[-0.054378057135530795,0.04130386883051189],[-0.054364633710634186,0.04129881218630605],[-0.054351119219688784,0.04129371261956102],[-0.05433750434878246,0.041288575995962244],[-0.05432377992642536,0.04128340908502198],[-0.05430993701389132,0.04127821954764223],[-0.05429596699517649,0.041273015918668984],[-0.05428186166600681,0.041267807584477435],[-0.05426761332132941,0.04126260475565458],[-0.05425321484072904,0.04125741843487281],[-0.0542386597712202,0.0412522603800744],[-0.054223942406878084,0.04124714306311287],[-0.054209057864787524,0.04124207962402241],[-0.05419400215680767,0.04123708382111107],[-0.054178772256672024,0.04123216997709711],[-0.05416336616196799,0.041227352921530264],[-0.054147782950567304,0.04122264792976104],[-0.05413202283110867,0.04121807065874119],[-0.05411608718716598,0.04121363707995719],[-0.05409997861476998,0.04120936340981533],[-0.0540837009529877,0.04120526603781292],[-0.054067259307302176,0.04120136145284334],[-0.05405066006557489,0.04119766616799522],[-0.054033910906414725,0.0411941966442155],[-0.05401702079981954,0.04119096921321486],[-0.054,0.041188],[-0.05398286003033934,0.041185304845421385],[-0.05396561366048733,0.04118289922912755],[-0.053948274875631336,0.04118079819331703],[-0.05393085883803255,0.04117901626767698],[-0.05391338184095922,0.04117756739589404],[-0.05389586125519335,0.04117646486411644],[-0.05387831546832999,0.04117572123173887],[-0.05386076381713072,0.04117534826487131],[-0.05384322651323349,0.041175356872841525],[-0.053825724562560705,0.04117575704806674],[-0.053808279678805006,0.041176557809614885],[-0.05379091419140789,0.041177767150758354],[-0.053773650948480294,0.041179391990804344],[-0.05375651321514525,0.04118143813146549],[-0.053739524567811954,0.04118391021801266],[-0.05372270878491661,0.04118681170542851],[-0.053706089734688885,0.04119014482975628],[-0.05368969126052329,0.041193910584812476],[-0.05367353706455228,0.04119810870440618],[-0.05365765059003199,0.041202737650180205],[-0.053642054903162595,0.041207794605161406],[-0.05362677257497293,0.041213275473079604],[-0.05361182556390327,0.04121917488348504],[-0.05359723509972107,0.041225486202666084],[-0.05358302156940173,0.04123220155033934],[-0.053569204405600784,0.04123931182205556],[-0.053555801978334185,0.04124680671723606],[-0.053542831490470746,0.04125467477272587],[-0.05353030887762466,0.04126290340172214],[-0.05351824871301685,0.04127147893790911],[-0.05350666411785117,0.041280386684604674],[-0.05349556667772629,0.04128961096869811],[-0.05348496636557565,0.041299135199134474],[-0.053474871471596415,0.041308941929677774],[-0.05346528854059527,0.041319012925663666],[-0.05345622231714205,0.04132932923443185],[-0.05344767569888423,0.04133987125910983],[-0.05343964969833472,0.041350618835402586],[-0.05343214341340324,0.041361551311027214],[-0.05342515400689729,0.041372647627418595],[-0.05341867669517421,0.04138388640331996],[-0.053412704746078454,0.041395246019863066],[-0.053407229486251845,0.041406704706734875],[-0.05340224031785582,0.041418240629022135],[-0.05339772474469692,0.041429831974321756],[-0.05339366840769786,0.041441457039703485],[-0.053390055129608364,0.0414530943181122],[-0.05338686696880183,0.04146472258379982],[-0.053384084281956574,0.0414763209763819],[-0.05338168579537378,0.04148786908312086],[-0.05337964868463898,0.041499347019046826],[-0.05337794866228992,0.041510735504538036],[-0.05337656007311106,0.04152201593999574],[-0.053375455996634666,0.04153317047726314],[-0.05337460835638955,0.041544182087454466],[-0.05337398803540268,0.04155503462487878],[-0.05337356499742467,0.041565712886762356],[-0.05337330841331918,0.04157620266849536],[-0.05337318679202783,0.041586490814150806],[-0.05337316811549687,0.04159656526204795],[-0.05337321997692935,0.04160641508515713],[-0.053373309721707715,0.04161603052616941],[-0.053373404590315685,0.04162540302708084],[-0.05337347186257614,0.04163452525316942],[-0.0533734790025128,0.041643391111270425],[-0.05337339380313803,0.04165199576228492],[-0.053373184530467715,0.041660335627884855],[-0.05337282006606537,0.04166840839140743],[-0.05337227004742377,0.04167621299296033],[-0.05337150500550083,0.04168374961878829],[-0.053370496498739074,0.04169101968498009],[-0.0533692172429143,0.04169802581562295],[-0.05336764123617781,0.04170477181553894],[-0.05336574387867963,0.04171126263776453],[-0.053363502086185836,0.0417175043459603],[-0.053360894397131646,0.041723504071962514],[-0.05335790107258395,0.04172926996871183],[-0.05335450418862122,0.04173481115881671],[-0.053350687720675666,0.04174013767903017],[-0.053346437619421906,0.04174526042093752],[-0.05334174187783793,0.04175019106817108],[-0.05333659058910735,0.041754942030483355],[-0.05333097599507732,0.04175952637502511],[-0.05332489252503299,0.04176395775518664],[-0.053318336824597135,0.041768250337371735],[-0.05331130777461261,0.0417724187260819],[-0.05330380649991477,0.04177647788769549],[-0.053295836367951,0.041780443073330654],[-0.053287402977254913,0.04178432974118377],[-0.05327851413583289,0.041788153478735504],[-0.053269179829570655,0.04179192992521492],[-0.05325941218081687,0.04179567469470879],[-0.05324922539734936,0.041799403300297286],[-0.05323863571197711,0.04180313107958997],[-0.05322766131307707,0.04180687312202626],[-0.05321632226640987,0.04181064419829335],[-0.05320464042860092,0.04181445869220113],[-0.05319263935271451,0.041818330535339045],[-0.05318034418638687,0.04182227314482284],[-0.05316778156302064,0.04182629936442146],[-0.0531549794865764,0.04183042140933428],[-0.05314196721052797,0.041834650814868424],[-0.05312877511157603,0.04183899838924333],[-0.05311543455873925,0.041843474170726605],[-0.05310197777846384,0.04184808738928114],[-0.05308843771641056,0.04185284643287796],[-0.05307484789659342,0.04185775881860384],[-0.05306124227855511,0.041862831168666174],[-0.05304765511327274,0.04186806919137079],[-0.05303412079849117,0.04187347766712131],[-0.05302067373418238,0.04187906043946162],[-0.0530073481788261,0.0418848204111555],[-0.0529941781072008,0.041890759545270766],[-0.05298119707036379,0.04189687887120835],[-0.05296843805848632,0.04190317849559058],[-0.05295593336719212,0.04190965761789719],[-0.05294371446802826,0.041916314550712604],[-0.05293181188367359,0.04192314674442421],[-0.05292025506846381,0.04193015081618788],[-0.05290907229478305,0.04193732258295532],[-0.052898290545839555,0.041944657098336974],[-0.05288793541530897,0.041952148693054844],[-0.052878031014291185,0.041959791018721555],[-0.05286859988598806,0.041967577094665705],[-0.05285966292846795,0.04197549935750862],[-0.05285123932584,0.0419835497131846],[-0.05284334648811705,0.041991719591085386],[-0.052836,0.042]]]}},{"type":"Feature","properties":{"kind":"coast","demo":true},"geometry":{"type":"LineString","coordinates":[[-0.052836,0.042],[-0.052829213578769796,0.04200838158551362],[-0.05282299904142586,0.0420168546885231],[-0.05281736628116138,0.042025409404523345],[-0.05281232325321769,0.042034035643316425],[-0.05280787597011151,0.04204272318879571],[-0.052804028506180684,0.04205146175845921],[-0.052800783011346275,0.04206024106231009],[-0.05279813973394185,0.04206905086080858],[-0.05279609705241508,0.042077881021546616],[-0.05279465151566157,0.042086721574326566],[-0.05279379789170798,0.04209556276433646],[-0.052793529224419496,0.04210439510312694],[-0.05279383689786718,0.04211320941711001],[-0.052794710707953066,0.04212199689331553],[-0.052796138940855455,0.04213074912215898],[-0.05279810845782419,0.04213945813699287],[-0.05280060478582527,0.04214811645023431],[-0.05280361221350691,0.042156717085882194],[-0.05280711389193477,0.04216525360825996],[-0.052811091939522437,0.04217372014684265],[-0.05281552755056525,0.0421821114170507],[-0.052820401106770574,0.04219042273691757],[-0.05282569229116581,0.04219865003956264],[-0.05283138020375732,0.0422067898814264],[-0.05283744347830866,0.04221483944624973],[-0.052843860399604835,0.04222279654480491],[-0.052850609020571565,0.04223065961041074],[-0.0528576672786238,0.04223842769028936],[-0.05286501311062651,0.042246100432846885],[-0.05287262456586282,0.042253678070983805],[-0.05288047991642002,0.04226116140156477],[-0.05288855776442205,0.042268551761199556],[-0.05289683714555899,0.04227585099850897],[-0.052905297628387894,0.042283061443069814],[-0.05291391940890688,0.04229018587125254],[-0.0529226833999338,0.04229722746918335],[-0.052931571314852995,0.04230418979307928],[-0.05294056574532802,0.042311076727220155],[-0.05294965023261467,0.04231789243983496],[-0.05295880933214674,0.04232464133719244],[-0.05296802867110713,0.04233132801619606],[-0.05297729499873767,0.042337957215792255],[-0.0529865962291842,0.042344533767507644],[-0.052995921476716015,0.042351062545436066],[-0.0530052610832035,0.04235754841599936],[-0.053014606637782,0.04236399618780717],[-0.0530239509886747,0.04237041056194035],[-0.053033288247191925,0.04237679608298026],[-0.05304261378396877,0.042383157091101506],[-0.05305192421754666,0.042389497675539844],[-0.053061217395447544,0.042395821629738685],[-0.0530704923679313,0.04240213240846787],[-0.05307974935466801,0.042408433087196926],[-0.053088989704595684,0.04241472632399166],[-0.053098215849271796,0.04242101432418846],[-0.05310743125006279,0.04242729880808412],[-0.05311664033954909,0.04243358098186157],[-0.053125848457554734,0.042439861511952726],[-0.053135061782239396,0.04244614050301978],[-0.053144287256717215,0.04245241747971465],[-0.05315353251168998,0.04245869137235437],[-0.05316280578460337,0.04246496050662704],[-0.05317211583585226,0.042471222597419124],[-0.05318147186257614,0.042477474746830585],[-0.05319088341059688,0.042483713446419574],[-0.053200360285059596,0.04248993458369321],[-0.05320991246034247,0.04249613345283576],[-0.0532195499898029,0.04250230476964031],[-0.0532292829159263,0.04250844269058467],[-0.053239121181438795,0.04251454083596765],[-0.0532490745419373,0.042520592316996994],[-0.05325915248057935,0.04252658976669668],[-0.05326936412536076,0.0425325253744778],[-0.0532797181694919,0.042538390924194716],[-0.05329022279536344,0.042544177835487106],[-0.0533008856025691,0.042549877208187356],[-0.053311713540427665,0.04255547986955434],[-0.053322712845418056,0.042560976424075844],[-0.053333888983910935,0.04256635730556594],[-0.05334524660054748,0.04257161283126819],[-0.053356789472581434,0.04257673325766211],[-0.05336852047046381,0.042581708837658654],[-0.05338044152491166,0.04258652987886009],[-0.05339255360066302,0.042591186802551556],[-0.053404856677079025,0.04259567020308504],[-0.053417349735713285,0.04259997090731181],[-0.053430030754925965,0.04260408003371688],[-0.05344289671157737,0.0426079890509081],[-0.05345594358979327,0.042611689835113924],[-0.053469166396751026,0.042615174726346766],[-0.05348255918539327,0.042618436582894305],[-0.05349611508393382,0.04262146883380764],[-0.05350982633197927,0.042624265529064516],[-0.053523684323049325,0.042626821387096274],[-0.05353767965324036,0.04262913183937965],[-0.053551802175738475,0.042631193071809],[-0.05356604106085304,0.0426330020625801],[-0.05358038486120729,0.042634556616334224],[-0.05359482158169077,0.04263585539433014],[-0.05360933875374874,0.042636897940431705],[-0.053623923513556056,0.0426376847027206],[-0.05363856268359882,0.04263821705056611],[-0.05365324285716464,0.042638497287007755],[-0.05366795048522348,0.042638528656331144],[-0.05368267196516465,0.04263831534674281],[-0.05369739373084271,0.04263786248807586],[-0.05371210234337453,0.04263717614448478],[-0.05372678458212349,0.04263626330211459],[-0.05374142753530288,0.04263513185175677],[-0.05375601868963032,0.042633790566531375],[-0.053770546018468084,0.042632249074662065],[-0.05378499806789033,0.042630517827437334],[-0.05379936404012786,0.042628608062478104],[-0.053813633873853364,0.04262653176245739],[-0.053827798320786255,0.04262430160944341],[-0.0538418490181148,0.04262193093506176],[-0.053855778556254924,0.042619433666696],[-0.053869580541489874,0.04261682426996846],[-0.05388324965306198,0.04261411768776434],[-0.05389678169431772,0.042611329276082265],[-0.05391017363753932,0.042608474737013076],[-0.05392342366213077,0.0426055700491655],[-0.0539365311858624,0.04260263139587312],[-0.05394949688891638,0.04259967509153058],[-0.053962322730515634,0.04259671750641891],[-0.053975011957959736,0.04259377499039019],[-0.053987569107933814,0.04259086379578967],[-0.054,0.042588],[-0.05401231172222507,0.042585199427996184],[-0.05402451260894232,0.04258247757530224],[-0.0540366122106906,0.04257984953174072],[-0.05404862125641836,0.04257732990636422],[-0.054060551608084526,0.04257493275395425],[-0.05407241620783255,0.04257267150346661],[-0.05408422901795665,0.042570558888794754],[-0.05409600495392167,0.04256860688221239],[-0.05410775981073881,0.04256682663084482],[-0.05411951018303882,0.04256522839650494],[-0.054131273379222106,0.042563821499213776],[-0.05414306733010076,0.042562614264709045],[-0.05415491049248156,0.04256161397622534],[-0.054166821748169974,0.04256082683081001],[-0.05417882029890429,0.042560257900416364],[-0.05419092555775532,0.042559911097993036],[-0.054203157037550215,0.04255978914876376],[-0.05421553423689978,0.042559893566866416],[-0.05422807652442589,0.04256022463749397],[-0.05424080302179982,0.04256078140465257],[-0.05425373248621342,0.0425615616646242],[-0.05426688319291268,0.042562561965193216],[-0.0542802728184274,0.04256377761066683],[-0.054293918325131786,0.04256520267269118],[-0.054307835847767875,0.04256683000683521],[-0.05432204058255812,0.042568651274885815],[-0.05433654667952362,0.042570656972768794],[-0.05435136713861207,0.0425728364639821],[-0.0543665137102233,0.042575178018399745],[-0.05438199680070082,0.04257766885627775],[-0.054397825383335575,0.04258029519726718],[-0.05441400691540251,0.04258304231421391],[-0.05443054726172216,0.042585894591500556],[-0.054447450625208386,0.042588835587662716],[-0.0544647194848296,0.0425918481019904],[-0.054482354541374726,0.04259491424480467],[-0.05450035467137669,0.04259801551108137],[-0.05451871688950578,0.042601132857076306],[-0.05453743631970301,0.04260424677959121],[-0.054556506175279684,0.042607337397506294],[-0.0545759177481641,0.04261038453519353],[-0.054595660407429934,0.04261336780741526],[-0.054615721607193565,0.04261626670530509],[-0.05463608690391955,0.042619060683022514],[-0.054656739983125244,0.04262172924466913],[-0.05467766269542689,0.04262425203105308],[-0.054698835101821275,0.04262660890588898],[-0.054720235528048874,0.042628780041023384],[-0.05474184062783725,0.04263074600028094],[-0.05476362545477661,0.04263248782153308],[-0.05478556354253443,0.042633987096600455],[-0.054807626993071755,0.04263522604861094],[-0.05482978657248144,0.04263618760644818],[-0.05485201181402817,0.042636855475940386],[-0.05487427112793127,0.0426372142074554],[-0.05489653191739542,0.04263724925958661],[-0.05491876070036017,0.0426369470586338],[-0.05494092323640824,0.04263629505360444],[-0.05496298465824424,0.04263528176648365],[-0.054984909607129706,0.042633896837544885],[-0.05500666237163843,0.04263213106549851],[-0.055028207029076674,0.042629976442301466],[-0.05504950758889722,0.04262742618247819],[-0.05507052813742386,0.042624474746830586],[-0.05509123298319396,0.04262111786044299],[-0.05511158680222156,0.042617352524916816],[-0.05513155478248151,0.04261317702479849],[-0.05515110276691727,0.04260859092819326],[-0.05517019739428008,0.042603595081586565],[-0.05518880623711639,0.04259819159892358],[-0.05520689793623298,0.0425923838450258],[-0.05522444233098487,0.042586176413452054],[-0.055241410584750836,0.04257957509893828],[-0.055257775304983485,0.042572586864577405],[-0.05527351065724716,0.04256521980392635],[-0.055288592472685194,0.04255748309825192],[-0.05530299834839018,0.042549386969150844],[-0.055316707740185024,0.0425409426268017],[-0.05532970204735972,0.04253216221412723],[-0.05534196468894802,0.042523058747164964],[-0.05535348117116954,0.042513646051961944],[-0.055364239145706644,0.04250393869832529],[-0.055374228458529955,0.042493951930774966],[-0.05538344118903364,0.04248370159705715],[-0.05539187167928894,0.04247320407458774],[-0.05539951655327351,0.0424624761952036],[-0.05540637472598375,0.04245153516860626],[-0.05541244740238705,0.042440398504887046],[-0.055417738066221765,0.04242908393652531],[-0.05542225245870213,0.042417609340251954],[-0.05542599854723615,0.042405992659168855],[-0.05542898648431313,0.04239425182551119],[-0.05543122855676661,0.04238240468443398],[-0.05543273912566558,0.042370468919196956],[-0.05543353455713321,0.04235846197811173],[-0.05543363314443696,0.04234640100360447],[-0.05543305502173664,0.0423343027637337],[-0.05543182206991788,0.042322183586488024],[-0.05542995781497705,0.042310059297172055],[-0.055427487319459894,0.04229794515917057],[-0.05542443706748965,0.042285855818361445],[-0.05542083484395125,0.04227380525142688],[-0.055416709608426096,0.042261806718290246],[-0.055412091364496555,0.04224987271888285],[-0.05540701102506119,0.042238014954420214],[-0.055401500274319615,0.04222624429334282],[-0.055395591427101064,0.04221457074205016],[-0.05538931728622202,0.042203003420530745],[-0.055382710998566086,0.042191550542963724],[-0.055375805910583636,0.04218021940334093],[-0.05536863542390948,0.042169016366130734],[-0.055361232851793854,0.04215794686197808],[-0.055353631277035714,0.04214701538840796],[-0.05534586341209725,0.04213622551547277],[-0.055337961462065176,0.04212557989625799],[-0.05532995699110759,0.0421150802821347],[-0.05532188079305493,0.04210472754262258],[-0.05531376276671049,0.04209452168970312],[-0.05530563179646947,0.04208446190639932],[-0.05529751563879632,0.042074546579416706],[-0.05528944081507822,0.04206477333561919],[-0.05528143251133783,0.04205513908209438],[-0.05527351448525154,0.04204564004954465],[-0.05526570898088048,0.04203627183872409],[-0.05525803665147999,0.04202702946962652],[-0.05525051649071089,0.042017907433116675],[-0.055243165772531,0.04200889974468539],[-0.055236,0.042],[-0.05522903286318374,0.04199120143191361],[-0.05522227620629675,0.04198249696859102],[-0.055215740004173425,0.04197387929240544],[-0.055209432348110106,0.04196534089925804],[-0.05520335944107187,0.04195687415797262],[-0.05519752560220954,0.04194847136941967],[-0.05519193328058494,0.041940124825027875],[-0.055186583077955126,0.041931826864347196],[-0.05518147378042073,0.041923569931335176],[-0.05517660239869847,0.04191534662904766],[-0.05517196421673465,0.04190714977242648],[-0.05516755284833497,0.04189897243888943],[-0.05516336030144604,0.041890808016442606],[-0.05515937704968652,0.04188265024905111],[-0.05515559211069037,0.04187449327902178],[-0.05515199313079194,0.041866331686170294],[-0.05514856647555237,0.041858160523565204],[-0.05514529732559938,0.041849975349662574],[-0.05514216977722812,0.04184177225666702],[-0.05513916694718934,0.04183354789497808],[-0.05513627108107289,0.04182529949360438],[-0.05513346366467963,0.04181702487645271],[-0.055130725537763166,0.04180872247442357],[-0.05512803700951462,0.04180039133327015],[-0.05512537797515873,0.04179203111720281],[-0.055122728033028125,0.04178364210824646],[-0.055120066601484816,0.041775225201383576],[-0.055117373035063054,0.041766781895540256],[-0.05511462673921669,0.04175831428049768],[-0.055111807283066194,0.041749825019834826],[-0.05510889450955573,0.041741317330032196],[-0.05510586864244914,0.04173279495588843],[-0.05510271038961513,0.0417242621424235],[-0.05509940104207636,0.041715723603462825],[-0.05509592256832413,0.04170718448711585],[-0.05509225770343006,0.04169865033838095],[-0.05508839003251849,0.041690127059125344],[-0.05508430406819726,0.041681620865703706],[-0.05507998532158152,0.041673138244493424],[-0.0550754203665828,0.041664685905636045],[-0.055070596897176104,0.041656270735285286],[-0.05506550377739858,0.04164789974667056],[-0.055060131083876016,0.04163958003029164],[-0.05505447014071667,0.04163131870356556],[-0.05504851354665613,0.04162312286024951],[-0.055042255194381294,0.04161499951996523],[-0.05503569028200631,0.04160695557814949],[-0.05502881531671803,0.041598997756752826],[-0.05502162811065282,0.04159113255600445],[-0.05501412776911046,0.04158336620755486],[-0.05500631467125377,0.041575704629299666],[-0.05499819044348485,0.041568153382178466],[-0.054989757925729334,0.04156071762923087],[-0.05498102113089954,0.04155340209717878],[-0.05497198519784482,0.04154621104078912],[-0.05496265633813335,0.04153914821025502],[-0.054953041777042994,0.04153221682181586],[-0.054943149689170294,0.04152541953181744],[-0.0549329891290957,0.04151875841439354],[-0.05492256995756911,0.04151223494292882],[-0.05491190276370377,0.04150584997544073],[-0.054900998783686886,0.041499603743995146],[-0.054889869816533425,0.04149349584824656],[-0.05487852813742385,0.04148752525316942],[-0.05486698640917841,0.04148169029102223],[-0.054855257592428555,0.04147598866756116],[-0.054843354855051554,0.041470417472494386],[-0.05483129148143574,0.04146497319414337],[-0.05481908078214272,0.041459651738251835],[-0.05480673600452786,0.04145444845085857],[-0.054794270244872795,0.04144935814512555],[-0.0547816963625721,0.04144437513198885],[-0.05476902689690249,0.041439493254476864],[-0.05475627398688541,0.04143470592551747],[-0.05474344929473382,0.04143000616903467],[-0.054730563933350934,0.04142538666411445],[-0.054717628398323115,0.04142083979200071],[-0.054704652504820886,0.041416357685663624],[-0.05469164532979161,0.041411932281666904],[-0.054678615159794525,0.04140755537404463],[-0.05466556944479435,0.04140321866988534],[-0.05465251475819284,0.04139891384630907],[-0.05463945676333999,0.04139463260851271],[-0.05462640018672676,0.04139036674855117],[-0.054613348798020746,0.04138610820451481],[-0.05460030539706477,0.04138184911975962],[-0.05458727180791586,0.04137758190184331],[-0.054574248879959764,0.04137329928082041],[-0.05456123649609305,0.04136899436654993],[-0.05454823358792208,0.04136466070467305],[-0.05453523815788573,0.04136029233092277],[-0.0545222473081665,0.041355883823434816],[-0.05450925727621359,0.041351430352737785],[-0.0544962634766613,0.04134692772911133],[-0.054483260549386875,0.04134237244701357],[-0.05447024241341469,0.0413377617262932],[-0.05445720232633745,0.04133309354991759],[-0.054444132948891256,0.04132836669796559],[-0.054431026414289416,0.04132358077765254],[-0.054417874401890075,0.041318736249175474],[-0.05440466821474549,0.04131383444718787],[-0.05439139886055616,0.04130887759773586],[-0.054378057135530795,0.04130386883051189],[-0.054364633710634186,0.04129881218630605],[-0.054351119219688784,0.04129371261956102],[-0.05433750434878246,0.041288575995962244],[-0.05432377992642536,0.04128340908502198],[-0.05430993701389132,0.04127821954764223],[-0.05429596699517649,0.041273015918668984],[-0.05428186166600681,0.041267807584477435],[-0.05426761332132941,0.04126260475565458],[-0.05425321484072904,0.04125741843487281],[-0.0542386597712202,0.0412522603800744],[-0.054223942406878084,0.04124714306311287],[-0.054209057864787524,0.04124207962402241],[-0.05419400215680767,0.04123708382111107],[-0.054178772256672024,0.04123216997709711],[-0.05416336616196799,0.041227352921530264],[-0.054147782950567304,0.04122264792976104],[-0.05413202283110867,0.04121807065874119],[-0.05411608718716598,0.04121363707995719],[-0.05409997861476998,0.04120936340981533],[-0.0540837009529877,0.04120526603781292],[-0.054067259307302176,0.04120136145284334],[-0.05405066006557489,0.04119766616799522],[-0.054033910906414725,0.0411941966442155],[-0.05401702079981954,0.04119096921321486],[-0.054,0.041188],[-0.05398286003033934,0.041185304845421385],[-0.05396561366048733,0.04118289922912755],[-0.053948274875631336,0.04118079819331703],[-0.05393085883803255,0.04117901626767698],[-0.05391338184095922,0.04117756739589404],[-0.05389586125519335,0.04117646486411644],[-0.05387831546832999,0.04117572123173887],[-0.05386076381713072,0.04117534826487131],[-0.05384322651323349,0.041175356872841525],[-0.053825724562560705,0.04117575704806674],[-0.053808279678805006,0.041176557809614885],[-0.05379091419140789,0.041177767150758354],[-0.053773650948480294,0.041179391990804344],[-0.05375651321514525,0.04118143813146549],[-0.053739524567811954,0.04118391021801266],[-0.05372270878491661,0.04118681170542851],[-0.053706089734688885,0.04119014482975628],[-0.05368969126052329,0.041193910584812476],[-0.05367353706455228,0.04119810870440618],[-0.05365765059003199,0.041202737650180205],[-0.053642054903162595,0.041207794605161406],[-0.05362677257497293,0.041213275473079604],[-0.05361182556390327,0.04121917488348504],[-0.05359723509972107,0.041225486202666084],[-0.05358302156940173,0.04123220155033934],[-0.053569204405600784,0.04123931182205556],[-0.053555801978334185,0.04124680671723606],[-0.053542831490470746,0.04125467477272587],[-0.05353030887762466,0.04126290340172214],[-0.05351824871301685,0.04127147893790911],[-0.05350666411785117,0.041280386684604674],[-0.05349556667772629,0.04128961096869811],[-0.05348496636557565,0.041299135199134474],[-0.053474871471596415,0.041308941929677774],[-0.05346528854059527,0.041319012925663666],[-0.05345622231714205,0.04132932923443185],[-0.05344767569888423,0.04133987125910983],[-0.05343964969833472,0.041350618835402586],[-0.05343214341340324,0.041361551311027214],[-0.05342515400689729,0.041372647627418595],[-0.05341867669517421,0.04138388640331996],[-0.053412704746078454,0.041395246019863066],[-0.053407229486251845,0.041406704706734875],[-0.05340224031785582,0.041418240629022135],[-0.05339772474469692,0.041429831974321756],[-0.05339366840769786,0.041441457039703485],[-0.053390055129608364,0.0414530943181122],[-0.05338686696880183,0.04146472258379982],[-0.053384084281956574,0.0414763209763819],[-0.05338168579537378,0.04148786908312086],[-0.05337964868463898,0.041499347019046826],[-0.05337794866228992,0.041510735504538036],[-0.05337656007311106,0.04152201593999574],[-0.053375455996634666,0.04153317047726314],[-0.05337460835638955,0.041544182087454466],[-0.05337398803540268,0.04155503462487878],[-0.05337356499742467,0.041565712886762356],[-0.05337330841331918,0.04157620266849536],[-0.05337318679202783,0.041586490814150806],[-0.05337316811549687,0.04159656526204795],[-0.05337321997692935,0.04160641508515713],[-0.053373309721707715,0.04161603052616941],[-0.053373404590315685,0.04162540302708084],[-0.05337347186257614,0.04163452525316942],[-0.0533734790025128,0.041643391111270425],[-0.05337339380313803,0.04165199576228492],[-0.053373184530467715,0.041660335627884855],[-0.05337282006606537,0.04166840839140743],[-0.05337227004742377,0.04167621299296033],[-0.05337150500550083,0.04168374961878829],[-0.053370496498739074,0.04169101968498009],[-0.0533692172429143,0.04169802581562295],[-0.05336764123617781,0.04170477181553894],[-0.05336574387867963,0.04171126263776453],[-0.053363502086185836,0.0417175043459603],[-0.053360894397131646,0.041723504071962514],[-0.05335790107258395,0.04172926996871183],[-0.05335450418862122,0.04173481115881671],[-0.053350687720675666,0.04174013767903017],[-0.053346437619421906,0.04174526042093752],[-0.05334174187783793,0.04175019106817108],[-0.05333659058910735,0.041754942030483355],[-0.05333097599507732,0.04175952637502511],[-0.05332489252503299,0.04176395775518664],[-0.053318336824597135,0.041768250337371735],[-0.05331130777461261,0.0417724187260819],[-0.05330380649991477,0.04177647788769549],[-0.053295836367951,0.041780443073330654],[-0.053287402977254913,0.04178432974118377],[-0.05327851413583289,0.041788153478735504],[-0.053269179829570655,0.04179192992521492],[-0.05325941218081687,0.04179567469470879],[-0.05324922539734936,0.041799403300297286],[-0.05323863571197711,0.04180313107958997],[-0.05322766131307707,0.04180687312202626],[-0.05321632226640987,0.04181064419829335],[-0.05320464042860092,0.04181445869220113],[-0.05319263935271451,0.041818330535339045],[-0.05318034418638687,0.04182227314482284],[-0.05316778156302064,0.04182629936442146],[-0.0531549794865764,0.04183042140933428],[-0.05314196721052797,0.041834650814868424],[-0.05312877511157603,0.04183899838924333],[-0.05311543455873925,0.041843474170726605],[-0.05310197777846384,0.04184808738928114],[-0.05308843771641056,0.04185284643287796],[-0.05307484789659342,0.04185775881860384],[-0.05306124227855511,0.041862831168666174],[-0.05304765511327274,0.04186806919137079],[-0.05303412079849117,0.04187347766712131],[-0.05302067373418238,0.04187906043946162],[-0.0530073481788261,0.0418848204111555],[-0.0529941781072008,0.041890759545270766],[-0.05298119707036379,0.04189687887120835],[-0.05296843805848632,0.04190317849559058],[-0.05295593336719212,0.04190965761789719],[-0.05294371446802826,0.041916314550712604],[-0.05293181188367359,0.04192314674442421],[-0.05292025506846381,0.04193015081618788],[-0.05290907229478305,0.04193732258295532],[-0.052898290545839555,0.041944657098336974],[-0.05288793541530897,0.041952148693054844],[-0.052878031014291185,0.041959791018721555],[-0.05286859988598806,0.041967577094665705],[-0.05285966292846795,0.04197549935750862],[-0.05285123932584,0.0419835497131846],[-0.05284334648811705,0.041991719591085386],[-0.052836,0.042]]}},{"type":"Feature","properties":{"kind":"contour","demo":true,"depth_m":2},"geometry":{"type":"LineString","coordinates":[[0.04671759465960813,0.0],[0.04698997032646566,0.00041008543505670076],[0.04723939321016913,0.0008246485422729816],[0.04746546624354587,0.001243204724399657],[0.04766787013987796,0.0016652602988033837],[0.04784636358445799,0.002090315422522233],[0.04800078305214491,0.00251786700407032],[0.04813104225501772,0.0029474115852640656],[0.0482371312261111,0.003378448176628175],[0.04831911504706174,0.003810481030315949],[0.048377132229292026,0.004243022334943752],[0.04841139276009566,0.004675594817290514],[0.048422175826660634,0.005107734236446719],[0.0484098272326602,0.005538991756709724],[0.04837475652355226,0.005968936186309286],[0.048317433838145615,0.006397156069904168],[0.048238386505309934,0.006823261623712816],[0.04813819540591844,0.007246886503123049],[0.04801749112121129,0.007667689393661567],[0.04787694988974981,0.008085355417288423],[0.047717289395989515,0.008499597347107717],[0.047539264414231897,0.008910156624747645],[0.0473436623323149,0.009316804175853786],[0.04713129857987009,0.009719341020352731],[0.046903011986305164,0.010117598675371448],[0.04665966009386581,0.01051143934993485],[0.04640211445118781,0.010900755931802399],[0.04613125591266969,0.011285471768037425],[0.045847969968780204,0.011665540242123405],[0.04555314213206206,0.012040944151642424],[0.04524765340311038,0.012411694891706331],[0.04493237584018929,0.012777831450473396],[0.04460816825541173,0.013139419224186672],[0.04427587205954574,0.013496548660228393],[0.0439363072765345,0.013849333737691797],[0.04359026874772862,0.014197910295921528],[0.043238522544639085,0.01454243422236232],[0.04288180260772832,0.01488307951187597],[0.04252080762737912,0.01522003621043615],[0.04215619818171946,0.01555350825678389],[0.04178859414444584,0.015883711236219983],[0.041418572374187654,0.016210870061221568],[0.04104666469529846,0.016535216593994827],[0.04067335617825656,0.01685698722641249],[0.04029908372611605,0.0171764204330315],[0.03992423497168103,0.017493754313041374],[0.03954914748828943,0.01780922413705666],[0.03917410831529773,0.018123059914637304],[0.038799353797566175,0.018435483998298127],[0.03842506973646326,0.018746708739555248],[0.03805139184814937,0.01905693421225186],[0.03767840652317263,0.01936634601801304],[0.037306151879723165,0.019675113188198545],[0.036934619101256436,0.019983386196158606],[0.036563754047619086,0.02029129509295276],[0.03619345912730174,0.0205989477789693],[0.03582359541701021,0.020906428423087698],[0.03545398501339746,0.02121379604016207],[0.03508441360054062,0.02152108323667583],[0.03471463321558737,0.02182829513343064],[0.03434436519394031,0.02213540847309336],[0.033973303274402115,0.02244237091933685],[0.03360111684387331,0.02274910055318257],[0.0332274543004833,0.02305548557098917],[0.03285194651344654,0.023361384187339757],[0.03247421035747398,0.02366662474486714],[0.032093852299235726,0.023971006031827863],[0.031710472013168074,0.02427429780700022],[0.03132366600384461,0.024576241530243823],[0.030933031212190785,0.024876551295827498],[0.030538168583010204,0.025174914964414367],[0.030138686571609848,0.025470995488394335],[0.02973420456775766,0.025764432424083075],[0.02932435621577678,0.026054843623168192],[0.02890879261027299,0.026341827094684925],[0.028487185347801185,0.026624963027751133],[0.02805922941569851,0.02690381596429128],[0.027624645900341173,0.027177937110036587],[0.027183184498211752,0.027446866771208885],[0.02673462581438892,0.02771013690348532],[0.026278783434384292,0.027967273759102525],[0.025815505756643625,0.02821780061729858],[0.025344677574494778,0.028461240582711773],[0.024866221397853668,0.028697119435859973],[0.024380098506583577,0.02892496851941809],[0.02388630972903304,0.02914432764369362],[0.023384895940945172,0.029354747994475964],[0.02287593828162509,0.02955579502630411],[0.022359558085964903,0.02974705132416124],[0.021835916532645567,0.029928119416663384],[0.021305214010554,0.030098624523963842],[0.02076768920716038,0.030258217223843375],[0.020223617924287098,0.030406576019798497],[0.019673311628355682,0.030543409795374253],[0.019117115743813202,0.030668460139511754],[0.018555407700005456,0.030781503528291364],[0.017988594743271507,0.030882353349148038],[0.017417111527475167,0.030970861754410304],[0.016841417497554294,0.03104692133186686],[0.016261994081951465,0.031110466580988382],[0.015679341710982408,0.03116147518442405],[0.015093976679293507,0.031199969065444977],[0.014506427871552235,0.0312260152231169],[0.013917233371396883,0.031239726338144598],[0.013326936974440824,0.03124126114353531],[0.01273608462677639,0.031230824555470615],[0.012145220810950619,0.03120866756105074],[0.011554884901786916,0.031175086860872978],[0.010965607514699606,0.031130424265722108],[0.01037790686929192,0.031075065847976584],[0.009792285191040032,0.03100944084966383],[0.00920922517374688,0.030934020350423277],[0.008629186525199256,0.030849315699949812],[0.008052602618082291,0.030755876720786446],[0.007479877267697544,0.03065428968860515],[0.006911381657398226,0.030545175098353118],[0.006347451431900185,0.03042918522584058],[0.005788383977754288,0.0303070014954996],[0.00523443590927983,0.03017933166614443],[0.004685820777163942,0.030046906847607205],[0.004142707015735527,0.02991047836210159],[0.0036052161436298056,0.029770814465077143],[0.0030734212311783905,0.02962869694116195],[0.0025473456463971883,0.029484917591547588],[0.0020269620899088796,0.029340274629842827],[0.0015121919275356535,0.02919556900400797],[0.001002904827641068,0.029051600662476265],[0.0004989187085958034,0.02890916478297003],[2.4772445526573283e-18,0.028769047982823974],[-0.0004941357804748453,0.02863202452983561],[-0.0009838231345503492,0.028498852572770437],[-0.0014694453768347533,0.028370270410657365],[-0.0019514331178640107,0.02824699281991729],[-0.002430262441993379,0.028129707458174804],[-0.0029064527872053186,0.028019071363310846],[-0.003380564535631866,0.027915707565923494],[-0.0038531963252807847,0.027820201832877603],[-0.0043249820950960124,0.027733099559042833],[-0.004796587877064834,0.02765490282364802],[-0.005268708350597461,0.02758606762691976],[-0.005742063175841669,0.027527001321829465],[-0.006217393123946707,0.02747806025484935],[-0.006695456023549861,0.027439547628619346],[-0.007177022543918189,0.02741171159835785],[-0.0076628718362308935,0.027394743612716443],[-0.008153787055427486,0.027388777008586215],[-0.008650550785869284,0.027393885868119434],[-0.009153940394760397,0.02741008414493903],[-0.009664723337846192,0.02743732506517858],[-0.010183652442348347,0.027475500807632856],[-0.01071146119240261,0.027524442465910508],[-0.011248859042437576,0.02758392029407449],[-0.011796526783967002,0.02765364423583802],[-0.012355111991165443,0.027733264735963634],[-0.012925224570356102,0.027822373831095162],[-0.013507432438162737,0.027920506515847567],[-0.014102257352564537,0.028027142378592086],[-0.014710170920447973,0.028141707500013206],[-0.015331590804474401,0.028263576606186183],[-0.01596687715118101,0.02839207546663538],[-0.016616329261210643,0.028526483526593174],[-0.017280182521426327,0.028666036761490665],[-0.01795860561741731,0.028809930740583398],[-0.018651698043549162,0.02895732388555256],[-0.01935948792625921,0.029107340908930027],[-0.020081930174757463,0.029259076416280377],[-0.02081890497166993,0.029411598655238434],[-0.021570216614464646,0.029563953393752097],[-0.02233559271673991,0.02971516790922087],[-0.02311468377663644,0.029864255069653546],[-0.023907063117773922,0.030010217487498457],[-0.02471222720621258,0.03015205172642693],[-0.02552959634501608,0.03028875254107907],[-0.026358515746050828,0.03041931712961047],[-0.027198256976710633,0.030542749378811605],[-0.028048019777312933,0.0306580640816066],[-0.028906934242986376,0.030764291106877017],[-0.029774063361967144,0.030860479501796767],[-0.03064840590035436,0.03094570150720557],[-0.03152889962155455,0.031019056466989246],[-0.032414424826876766,0.031079674612972178],[-0.03330380820203929,0.031126720707458495],[-0.03419582695271946,0.031159397526280722],[-0.03508921321073161,0.031176949166022885],[-0.035982658690962864,0.03117866415997661],[-0.03687481957783848,0.031163878388357734],[-0.037764321618837464,0.031131977769353038],[-0.03864976540143964,0.031082400718675546],[-0.0395297317888657,0.031014640366478212],[-0.040402787489075755,0.03092824652170116],[-0.041267490730725054,0.03082282737520318],[-0.04212239701914338,0.03069805093434521],[-0.04296606494490808,0.030553646183045752],[-0.043797062017225455,0.030389403962709605],[-0.044613970494120844,0.030205177570832253],[-0.04541539318136787,0.030000883075498256],[-0.04619995917216027,0.02977649934541345],[-0.04696632949974771,0.0295320677965313],[-0.047713202675616385,0.029267691857745665],[-0.04843932008629701,0.028983536159518458],[-0.049143471222523195,0.02867982545068331],[-0.04982449871523759,0.028356843250008975],[-0.05048130315385174,0.02801493024041151],[-0.05111284766319921,0.027654482414965178],[-0.05171816221677754,0.027275948985072934],[-0.05229634766514712,0.02687983006231093],[-0.05284657945973582,0.02646667412655252],[-0.05336811105378231,0.02603707529400005],[-0.05386027696372896,0.025591670399701765],[-0.05432249547603986,0.02513113591000193],[-0.05475427098616245,0.024656184681160154],[-0.055155195958162005,0.024167562581077356],[-0.05552495249542955,0.023666044991676478],[-0.05586331351478417,0.02315243321000411],[-0.056170143518250885,0.02262755076654103],[-0.056445398958785344,0.022092239679534033],[-0.056689128198225795,0.021547356664386657],[-0.0569014710577707,0.020993769317271222],[-0.05708265796329658,0.020432352292149233],[-0.05723300868983537,0.019863983490311404],[-0.05735293071151139,0.01928954028137271],[-0.057442917165187804,0.018709895774383926],[-0.05750354443797761,0.018125915157350438],[-0.05753546939062714,0.01753845212298338],[-0.05753942623057151,0.016948345397951245],[-0.05751622305017903,0.01635641539225416],[-0.05746673804734087,0.01576346098461267],[-0.057391915447110683,0.01517025645895137],[-0.057292761144551466,0.014577548606170308],[-0.05717033809029414,0.01398605400443847],[-0.05702576144154837,0.013396456490219146],[-0.05686019350242477,0.012809404831152482],[-0.05667483847842185,0.012225510610781205],[-0.05647093707079769,0.011645346333919638],[-0.05624976093727955,0.01106944376023727],[-0.05601260704616113,0.010498292472365828],[-0.05576079195129475,0.009932338683548191],[-0.055495646015801016,0.009371984288536361],[-0.05521850761249099,0.008817586160120844],[-0.05493071732902422,0.008269455692342621],[-0.05463361220571125,0.007727858590108603],[-0.05432852003361025,0.00719301490360893],[-0.05401675374016871,0.006665099304627452],[-0.05369960588912167,0.006144241600551176],[-0.05337834332068432,0.005630527480629094],[-0.053054201957269426,0.005123999487809887],[-0.05272838179902573,0.004624658208310299],[-0.052402042132436814,0.0041324636699365674],[-0.05207629697404549,0.0036473369391062747],[-0.0517522107700853,0.0031691619055034216],[-0.05143079437141277,0.00269778724235041],[-0.05111300130165042,0.0022330285294020636],[-0.050799724334879594,0.0017746705249635393],[-0.05049179239757116,0.0013224695725095196],[-0.0501899678077208,0.0008761561268415097],[-0.04989494386237287,0.00043543738416465516],[-0.04960734278288286,4.3201047860098165e-18],[-0.049327714025391385,-0.00043048712152647927],[-0.049056532962074885,-0.0008563699837582302],[-0.04879419993680783,-0.0012780066158728388],[-0.048541039696929536,-0.0016957641705562948],[-0.04829730120086603,-0.0021100160180023623],[-0.04806315779942321,-0.0025211388531542977],[-0.047838707786653153,-0.00292950983291338],[-0.047623975314310764,-0.0033355037597535392],[-0.04741891166207099,-0.00373949032780427],[-0.047223396853881286,-0.004141831446999414],[-0.0470372416090847,-0.004542878660337956],[-0.046860189615278464,-0.004942970668669537],[-0.04669192010827814,-0.005342430976705002],[-0.04653205074304751,-0.0057415656731652776],[-0.04638014073803592,-0.00614066135712481],[-0.046235694274047195,-0.006539983221683791],[-0.04609816412755196,-0.006939773305121338],[-0.04596695551725518,-0.0073402489186461155],[-0.045841430141750954,-0.0077416012587762555],[-0.045720910385236076,-0.008143994211254663],[-0.04560468366752419,-0.00854756335224369],[-0.045492006914000925,-0.008952415151352509],[-0.04538211112069341,-0.009358626379837311],[-0.04527420598929618,-0.009766243726086159],[-0.045167484606800694,-0.010175283619263183],[-0.04506112814431875,-0.010585732260748649],[-0.04495431054977023,-0.010997545861778356],[-0.044846203209322935,-0.011410651084465437],[-0.04473597955282302,-0.011824945682186592],[-0.04462281957894044,-0.012240299334139532],[-0.0445059142763657,-0.012656554667736054],[-0.04438446991813579,-0.013073528461391998],[-0.044257712207026,-0.013491013019216831],[-0.04412489025092307,-0.013908777708099129],[-0.04398528034818166,-0.014326570646733712],[-0.043838189564158234,-0.014744120535248557],[-0.043682959081405806,-0.015161138613268472],[-0.043518967307391625,-0.01557732073350353],[-0.043345632725061894,-0.015992349537276847],[-0.043162416473112,-0.016405896717812805],[-0.042968824644422074,-0.01681762535659591],[-0.04276441029277339,-0.017227192317685776],[-0.042548775139665554,-0.017634250684537032],[-0.04232157097479492,-0.018038452223626295],[-0.042082500745523485,-0.01843944985903309],[-0.041831319332454084,-0.018836900142058854],[-0.041567834010022474,-0.019230465699997885],[-0.041291904592808744,-0.019619817648296227],[-0.04100344327005157,-0.02000463795054871],[-0.040702414132607605,-0.020384621711088815],[-0.04038883239832509,-0.020759479385319746],[-0.04006276334348758,-0.02112893889341499],[-0.03972432094961994,-0.021492747623581287],[-0.03937366627652501,-0.02185067431172144],[-0.039011005573929045,-0.02220251078505722],[-0.03863658814554704,-0.022548073558067542],[-0.038250703980727795,-0.022887205269961738],[-0.037853681170097284,-0.023219775953835484],[-0.0374458831227781,-0.023545684128643905],[-0.037027705603819426,-0.02386485770616615],[-0.03659957361141685,-0.024177254706223304],[-0.036161938114333325,-0.024482863774539475],[-0.03571527267064298,-0.02478170449879984],[-0.03526006994950881,-0.0250738275196507],[-0.03479683817816684,-0.02535931443460043],[-0.034326097536623405,-0.025638277494007957],[-0.03384837652277589,-0.02591085908958214],[-0.03336420831073908,-0.026177231037051985],[-0.03287412712510155,-0.02643759365589905],[-0.03237866465364634,-0.026692174650261444],[-0.03187834652075177,-0.026941227796316945],[-0.03137368884324191,-0.027185031442624276],[-0.030865194889885535,-0.027423886831040363],[-0.03035335186505013,-0.027658116246928637],[-0.029838627836208043,-0.027888061008427615],[-0.029321468824070517,-0.02811407930554746],[-0.02880229607309556,-0.028336543900806227],[-0.02828150351898606,-0.028555839703996076],[-0.02775945546856979,-0.02877236123448077],[-0.02723648450613903,-0.028986509985164076],[-0.026712889638937132,-0.029198691702929103],[-0.026188934693011447,-0.029409313600928064],[-0.02566484696912606,-0.029618781518596548],[-0.02514081616684146,-0.029827497045674153],[-0.02461699358323975,-0.03003585462682876],[-0.024093491591105683,-0.030244238663708452],[-0.023570383399680733,-0.030453020631373916],[-0.023047703099393725,-0.03066255622610212],[-0.022525445990252333,-0.03087318256149225],[-0.02200356919186119,-0.031085215429650908],[-0.021481992531324,-0.03129894664398533],[-0.020960599703603238,-0.03151464147979071],[-0.02043923969725327,-0.031732536228384164],[-0.019917728476830307,-0.03195283588001361],[-0.019395850911714408,-0.032175711950159655],[-0.018873362939573528,-0.03240130046315241],[-0.018349993951256888,-0.03262970010625101],[-0.017825449382541447,-0.03286097056648039],[-0.0172994134968706,-0.03309513106159657],[-0.01677155234203314,-0.0333321590755604],[-0.016241516862634958,-0.03357198930784564],[-0.015708946149222688,-0.03381451284479887],[-0.01517347080403789,-0.03405957656010713],[-0.014634716402608954,-0.03430698275022565],[-0.014092307029740896,-0.03455648900937453],[-0.013545868867933243,-0.03480780834744051],[-0.012995033815857147,-0.03506060955282024],[-0.012439443114247509,-0.03531451780092719],[-0.011878750956424032,-0.035569115507757286],[-0.01131262806064266,-0.035823943426578984],[-0.010740765181596786,-0.036078501984489],[-0.010162876538639742,-0.0363322528542597],[-0.009578703138677227,-0.0365846207556093],[-0.008988015972188604,-0.036834995478754684],[-0.008390619061466245,-0.03708273412186971],[-0.007786352340919586,-0.03732716353287165],[-0.007175094350160766,-0.03756758294480644],[-0.006556764721577743,-0.037803266793001035],[-0.005931326445192636,-0.038033467701109394],[-0.005298787894801258,-0.03825741962219841],[-0.004659204600682243,-0.03847434112011103],[-0.004012680755543721,-0.0386834387755087],[-0.003359370441840564,-0.038883910700238375],[-0.0026994785701281877,-0.039074950142998055],[-0.00203326151972259,-0.039255749168687994],[-0.0013610274745903383,-0.0394255023933417],[-0.0006831364490993347,-0.03958341075612831],[-1.0262870289580355e-17,-0.03972868530961405],[0.0006879193772202678,-0.03986055100926274],[0.0013801091676810316,-0.039978250483047525],[0.0020760080704234646,-0.0400810477620386],[0.0027750075421730303,-0.040168231952923586],[0.00347645364624435,-0.04023912083361118],[0.0041796491995167665,-0.04029306435335981],[0.004883856208680159,-0.04032944801926469],[0.005588298585255974,-0.04034769615142239],[0.0062921651272605395,-0.04034727498967376],[0.006994612753792713,-0.04032769563549745],[0.007694769977317566,-0.04028851681338627],[0.00839174059697808,-0.04022934743688278],[0.009084607594917742,-0.04014984896537348],[0.009772437216336265,-0.04004973753874049],[0.0104542832128413,-0.0399287858780379],[0.011129191227608085,-0.0397868249414931],[0.011796203299916153,-0.03962374532632607],[0.012454362465813381,-0.039439498408123386],[0.01310271743095553,-0.039234097210794856],[0.013740327291100897,-0.03900761700147073],[0.014366266275295692,-0.03876019560606037],[0.014979628486481232,-0.038492033442580745],[0.015579532614079685,-0.03820339327077066],[0.016165126593082745,-0.03789459965792294],[0.016735592184269305,-0.0375660381622881],[0.017290149450418797,-0.037218154236820615],[0.017828061103765704,-0.036851451857443054],[0.01834863670045099,-0.03646649188139237],[0.018851236658374067,-0.03606389014257175],[0.019335276075621317,-0.035644315292161076],[0.019800228327551024,-0.035208486394025955],[0.020245628421634358,-0.03475717028570726],[0.020671076090293523,-0.034291178716960365],[0.021076238603226185,-0.03381136527894197],[0.021460853282059763,-0.033318622138205876],[0.021824729701631084,-0.03281387659065918],[0.022167751563726884,-0.032298087451548343],[0.02248987823074525,-0.031772241298376316],[0.022791145908433248,-0.03123734858440355],[0.023071668468618703,-0.030694439641042497],[0.023331637904669376,-0.03014456058802451],[0.023571324414276916,-0.029588769170685966],[0.023791076106060172,-0.02902813054409543],[0.023991318328408943,-0.02846371302401318],[0.024172552620928878,-0.027896583824846055],[0.024335355290795564,-0.027327804804828243],[0.024480375618267793,-0.026758428238621092],[0.024608333697536917,-0.026189492637389598],[0.02472001792099155,-0.025622018636169336],[0.02481628211684346,-0.025057004967999424],[0.024898042351882168,-0.02449542454385357],[0.024966273412892266,-0.0239382206568666],[0.025022004981969912,-0.023386303328720263],[0.025066317522603635,-0.02284054581533284],[0.025100337894930682,-0.022301781288185683],[0.025125234720036686,-0.02177079970673076],[0.025142213514523122,-0.021248344896353574],[0.02515251161781906,-0.020735111845322802],[0.025157392935852684,-0.020231744233051026],[0.025158142525717984,-0.0197388322008176],[0.025156061046868215,-0.019256910374881232],[0.02515245910513407,-0.018786456150632642],[0.025148651516497412,-0.01832788824512239],[0.02514595151804726,-0.01788156552394473],[0.02514566495390081,-0.017447786107079394],[0.02514908446408577,-0.01702678675688981],[0.025157483704451086,-0.0166187425500619],[0.025172111625599444,-0.01622376683384607],[0.025194186838617738,-0.015841911465543243],[0.0252248920950215,-0.015473167332765662],[0.02526536890782823,-0.015117465150605355],[0.025316712340034037,-0.014774676530471952],[0.025379965985993205,-0.014444615314017556],[0.02545611717029235,-0.014127039164262717],[0.02554609238767716,-0.013821651404774727],[0.025650753006433186,-0.0135281030965406],[0.025770891256350577,-0.013245995341021862],[0.025907226521021155,-0.01297488179678816],[0.026060401952732487,-0.012714271396103923],[0.026230981426645945,-0.012463631246892598],[0.026419446849280333,-0.012222389704633274],[0.026626195834581066,-0.011989939597955374],[0.0268515397590425,-0.011765641590997121],[0.027095702205481412,-0.011548827664981328],[0.02735881780313792,-0.011338804700945428],[0.027640931469820943,-0.01113485814513958],[0.027941998059824384,-0.010936255738283449],[0.02826188241933204,-0.010742251289646143],[0.02860035984901065,-0.010552088476789527],[0.02895711697147414,-0.010365004651790468],[0.029331752999298744,-0.01018023463483304],[0.029723781397285928,-0.00999701447623818],[0.030132631930722464,-0.009814585168271323],[0.030557653089479934,-0.009632196288440505],[0.030998114875944616,-0.00944910955646186],[0.03145321194297599,-0.009264602287627441],[0.03192206706637595,-0.009077970725955311],[0.03240373493470994,-0.0088885332412332],[0.032897206237774396,-0.008695633374877661],[0.03340141203355166,-0.008498642720418541],[0.03391522837214578,-0.008296963625377336],[0.03443748115395817,-0.008090031702331907],[0.03496695119824171,-0.007877318138045568],[0.035502379497179486,-0.007658331790676417],[0.03604247262976579,-0.00743262106627043],[0.03658590830903627,-0.007199775566969035],[0.037131341035594956,-0.006959427504625511],[0.03767740782993083,-0.0067112528748142055],[0.038222734015699734,-0.006454972387528323],[0.038765939025975464,-0.006190352152186857],[0.03930564220444618,-0.005917204115901779],[0.0398404685736459,-0.0056353862552880295],[0.040369054542571246,-0.005344802523420053],[0.04089005352643103,-0.005045402554847134],[0.04140214145181667,-0.004737181132863566],[0.041904022121254755,-0.004420177424487188],[0.04239443241191094,-0.004094473989818601],[0.04287214728414757,-0.003760195573632872],[0.043335984576695886,-0.0034175076881836687],[0.043784809566376384,-0.0030666149972754463],[0.04421753927158558,-0.002707759512674047],[0.04463314648015535,-0.0023412186148742166],[0.045030663483673586,-0.0019673029111225543],[0.04540918550192788,-0.0015863539443961492],[0.0457678737827825,-0.001198741767763002],[0.04610595836452321,-0.0008048623991897158],[0.04642274048948418,-0.0004051351724185548],[0.04671759465960812,-8.136896393067032e-18]]}},{"type":"Feature","properties":{"kind":"contour","demo":true,"depth_m":5},"geometry":{"type":"LineString","coordinates":[[0.04908889254265849,0.0],[0.04937509348983962,0.00043090060610959964],[0.0496371766134467,0.000866506162657774],[0.049874724691918705,0.001306307475143713],[0.05008740223214,0.0017497858025253125],[0.05027495567071919,0.002196415930745103],[0.05043721318228434,0.0026456692323326507],[0.05057408409910071,0.003097016694506935],[0.050685557948298404,0.003549931898502244],[0.05077170311493649,0.004003893933236742],[0.05083266514101856,0.0044583902269317065],[0.050868664672401274,0.004912919280868434],[0.05087999506729308,0.005366993290135583],[0.050867019681716044,0.005820140636968221],[0.05083016884889089,0.006271908243106883],[0.0507699365709946,0.006721863768505397],[0.050686876943125764,0.0071695976446851896],[0.050581600330586195,0.0076147249320655305],[0.05045476932174253,0.008056886991687686],[0.050307094479762914,0.008495752962890284],[0.0501393299174259,0.00893102103967644],[0.04995226871996737,0.009362419539734126],[0.049746738241561866,0.009789707761322373],[0.04952359530152664,0.010212676624510744],[0.04928372130668402,0.010631149094550126],[0.04902801732652307,0.011044980386452796],[0.048757399147861126,0.011454057951160867],[0.04847279233562143,0.011858301244977712],[0.048175127326115695,0.012257661285219462],[0.047865334578850095,0.012652119996305585],[0.047544339812365076,0.013041689351742535],[0.04721305934897415,0.013426410318654707],[0.04687239559248969,0.013806351612676347],[0.046523232662119406,0.01418160827212996],[0.04616643220469085,0.014552300061474741],[0.045802829406217625,0.014918569715006866],[0.04543322922257035,0.015280581032726722],[0.045058402847659045,0.01563851684115044],[0.04467908443608589,0.0159925768326305],[0.044295968095691335,0.01634297529745767],[0.04390970516380341,0.016689938763640107],[0.04352090177931853,0.017033703559792394],[0.04313011676100152,0.0173745133170134],[0.04273785980060256,0.01771261642598597],[0.042344589977559036,0.018048263465790332],[0.04195071460019251,0.01838170462108632],[0.04155658837643326,0.018713187104385638],[0.041162512915219614,0.01904295260010405],[0.04076873655783567,0.019371234746954923],[0.040375454536580486,0.01969825667502085],[0.03998280945631338,0.020024228613519775],[0.0395908920926054,0.02034934558486874],[0.03919974249845483,0.020673785200143745],[0.0388093514098058,0.02099770557044135],[0.038419661938451845,0.02132124334797006],[0.038030571539320775,0.021644511909940434],[0.03764193423763136,0.021967599697487114],[0.037253563099994814,0.022290568720948034],[0.03686523293221215,0.022613453241850837],[0.036476683185299626,0.022936258640919506],[0.03608762105016513,0.023258960480322093],[0.03569772472036474,0.02358150376723722],[0.035306646801495346,0.023903802424631915],[0.03491401784503179,0.024225738973920753],[0.03451944998379907,0.02454716443292378],[0.034122540645783725,0.02486789843126633],[0.033722876322638796,0.025187729544072522],[0.033320036369022345,0.025506415843506092],[0.03291359680883345,0.025823685666411817],[0.03250313412447146,0.026139238595017406],[0.032088229005443225,0.026452746646375994],[0.03166847003297815,0.02676385566497007],[0.031243457277779385,0.027072186911666844],[0.030812805788639902,0.027377338841019054],[0.030376148950379076,0.027678889057751087],[0.02993314169040606,0.027976396442164205],[0.029483463514184696,0.028269403433143974],[0.02902682135095638,0.028557438456462407],[0.028562952192264464,0.028840018485143438],[0.02809162550711102,0.0291166517178082],[0.027612645418956274,0.029386840360141348],[0.027125852631234123,0.029650083493925145],[0.02663112608959685,0.029905880017479656],[0.02612838437070837,0.030153731640827224],[0.025617586789070113,0.030393145918471916],[0.02509873421507605,0.030623639302351614],[0.024571869599245698,0.030844740197284316],[0.02403707819936381,0.031055992001092735],[0.023494487509055084,0.03125695611155308],[0.02294426688812941,0.03144721488237603],[0.02238662689683947,0.03162637451058958],[0.021821818337985806,0.03179406783795501],[0.02125013101257638,0.03194995704940655],[0.02067189219648678,0.03209373625196152],[0.020087464847264095,0.03222513391809812],[0.01949724555186305,0.032343915178239875],[0.018901662227686557,0.032449883947716356],[0.018301171590817053,0.032542884874384316],[0.017696256406759658,0.032622805093989134],[0.017087422540365858,0.03268957578131692],[0.01647519582285991,0.032743173486229786],[0.01586011875504053,0.03278362124478316],[0.015242747066773471,0.03281098945679026],[0.014623646153817902,0.032825396522418074],[0.01400338741383727,0.03282700923166494],[0.013382544504128267,0.032816042901875224],[0.012761689544155472,0.03279276125978576],[0.012141389286401303,0.03275747606596222],[0.011522201279327864,0.03271054648086668],[0.010904670046397924,0.0326523781731907],[0.010289323305115174,0.03258342217248564],[0.009676668249918797,0.032504173469513904],[0.00906718792250457,0.03241516936912621],[0.00846133769274601,0.03231698760183133],[0.00785954187285546,0.03221024420155977],[0.007262190486760138,0.03209559115842377],[0.006669636215875022,0.03197371385653589],[0.006082191541537079,0.031845328308160135],[0.005500126103329348,0.031711178196626805],[0.004923664291373144,0.031572031741538116],[0.004352983089409436,0.03142867840082057],[0.00378821018413249,0.031281925425136026],[0.0032294223547875323,0.031132594281040687],[0.0026766441555073285,0.03098151696007632],[0.002129846901249134,0.030829532191684217],[0.0015889479665110813,0.03067748157844776],[0.0010538104042661935,0.030526205672689183],[0.0005242428907615934,0.030376540013867366],[2.6029848611281585e-18,0.03022931114654433],[-0.0005192171901389546,0.030085332638905424],[-0.001033760160059761,0.029945401121932013],[-0.0015440316807045255,0.029810292369333313],[-0.0020504842195960557,0.029680757438246854],[-0.0025536180262426306,0.029557518890514403],[-0.0030539789043289092,0.029441267114033023],[-0.003552155679937714,0.02933265676327077],[-0.004048777376824426,0.029232303337524922],[-0.004544510111490208,0.029140779914890474],[-0.0050400537224625395,0.029058614059200526],[-0.005536138149781525,0.028986284916401837],[-0.006033519582200433,0.0289242205159421],[-0.006532976391029026,0.028872795291775177],[-0.007035304870871353,0.02883232783654091],[-0.007541314808727625,0.028803078901353286],[-0.008051824904036223,0.028785249652439993],[-0.00856765806321924,0.02877898019462378],[-0.009089636593159079,0.028784348370328647],[-0.00961857731876779,0.028801368841437382],[-0.01015528665041153,0.02882999245992942],[-0.010700555627416217,0.028870105931796466],[-0.011255154964202919,0.02892153177727409],[-0.01181983012578247,0.028984028588950415],[-0.012395296459374825,0.02905729158782308],[-0.012982234408810616,0.029140953475883385],[-0.013581284838119318,0.02923458558231688],[-0.014193044490312206,0.02933769929893334],[-0.01481806160682937,0.029449747798981338],[-0.01545683173244235,0.029570128032072412],[-0.016109793729589414,0.029698182986544787],[-0.01677732602517358,0.029833204209242677],[-0.01745974311177953,0.02997443457138373],[-0.01815729232406799,0.03012107126793836],[-0.018870150909793784,0.030272269036759402],[-0.019598423413470713,0.03042714358258381],[-0.020342139389181564,0.030584775189985747],[-0.02110125145741202,0.030744212508398615],[-0.021875633719081893,0.030904476491446762],[-0.022665080538164066,0.031064564472040687],[-0.023469305702431636,0.031223454353996757],[-0.024287941969963468,0.03138010890034688],[-0.025120541007082792,0.03153348009800938],[-0.02596657372140714,0.03168251357810097],[-0.026825430991665983,0.03182615307088407],[-0.027696424793902566,0.0319633448741649],[-0.028578789721631588,0.032093042313887155],[-0.029471684895483092,0.03221421017570317],[-0.030374196255838568,0.032325829086450174],[-0.03128533922996647,0.032426899824712065],[-0.03220406176320242,0.03251644754000571],[-0.03312924770180665,0.03259352586059411],[-0.03405972051327315,0.032657220870492894],[-0.034994247328077835,0.032706654936900156],[-0.03593154328514118,0.0327409903700381],[-0.03687027616165555,0.032759432898244616],[-0.0378090712663983,0.032761234942089525],[-0.03874651657422502,0.03274569867230836],[-0.03968116807812247,0.03271217883744152],[-0.040611555334003686,0.03266008534823212],[-0.04153618717235594,0.03258888560706601],[-0.04245355754991138,0.03249810657202561],[-0.04336215151370359,0.03238733654646922],[-0.04426045124920975,0.03225622668643123],[-0.04514694218375604,0.03210449221955986],[-0.04602011911599054,0.03193191337076011],[-0.04687849234200289,0.03173833599118221],[-0.04772059374859631,0.03152367188868342],[-0.04854498284429458,0.031287898859384516],[-0.04935025269889496,0.031031060421435455],[-0.05013503576275655,0.03075326525358763],[-0.05089800953754022,0.030454686342637843],[-0.051637902070789235,0.030135559845250907],[-0.052353497247553706,0.029796183671078957],[-0.0530436398532163,0.029436915795466805],[-0.05370724038276299,0.02905817231135785],[-0.054343279572957114,0.028660425231287177],[-0.05495081263521218,0.02824420005156084],[-0.05552897316841002,0.027810073091866543],[-0.05607697673246945,0.027358668624635853],[-0.056594124065129967,0.026890655809475094],[-0.05707980392616259,0.02640674544889719],[-0.057533495555053,0.02590768658241459],[-0.05795477073010327,0.02539426293679033],[-0.05834329541886609,0.024867289250886115],[-0.05869883101184224,0.024327607494090596],[-0.05902123513343253,0.023776082997754223],[-0.05931046202622587,0.02321360051939795],[-0.059566562506817196,0.022641060259699707],[-0.059789683493467936,0.02205937385239371],[-0.059980067108041886,0.021469460347243587],[-0.06013804935675458,0.020872242206170507],[-0.060264058396356145,0.020268641332433064],[-0.060358612394416235,0.019659575152467332],[-0.06042231699438157,0.01904595276960656],[-0.06045586239802361,0.018428671208410057],[-0.060460020079776126,0.01780861176774609],[-0.06043563914926734,0.017186636500094686],[-0.060383642380073745,0.01656358483376874],[-0.06030502192434985,0.015940270353899274],[-0.060200834734514076,0.01531747775709816],[-0.06007219771458681,0.014695959993704379],[-0.05992028262507568,0.014076435610443383],[-0.05974631076647795,0.013459586305189477],[-0.059551547467514954,0.01284605470432419],[-0.05933729640512425,0.01223644237193735],[-0.05910489378400514,0.011631308058826478],[-0.058855702404140495,0.011031166197923629],[-0.05859110564519813,0.01043648565142281],[-0.0583125013970469,0.009847688713503302],[-0.05802129596580297,0.009265150371152168],[-0.05771889798485264,0.008689197824190538],[-0.057406712360176346,0.008120110264210327],[-0.05708613427902738,0.0075581189107384915],[-0.056758543310599235,0.0070034073015725175],[-0.056425297626748916,0.006456111832880023],[-0.056087728370135745,0.005916322543336301],[-0.05574713419628668,0.005384084135290678],[-0.055404776015117625,0.004859397224715165],[-0.055061871956329674,0.004342219810502073],[-0.054719592581865456,0.0038324689525477094],[-0.05437905636726204,0.003330022646993213],[-0.05404132547227815,0.002834721885996283],[-0.053707401819615155,0.002346372888484411],[-0.05337822349889995,0.0018647494874961792],[-0.053054661511363475,0.0013895956589559538],[-0.05273751686883961,0.0009206281760542056],[-0.05242751805883629,0.0004575393728221186],[-0.05212531888550334,4.539385239300746e-18],[-0.05183149669434922,-0.0004523378440945821],[-0.05154655098655453,-0.0008998377252887996],[-0.05127090242670136,-0.0013428758456528512],[-0.051004892245697674,-0.0017818379938575929],[-0.05074878203863441,-0.002217116491670741],[-0.05050275395528067,-0.0026491071543675807],[-0.05026691127891117,-0.0030782062826295474],[-0.05004127938717877,-0.0035048077032043897],[-0.04982580708680569,-0.0039292998752053976],[-0.04962036831197892,-0.004352063078438966],[-0.0494247641745088,-0.004773466699570376],[-0.04923872535205349,-0.0051938666312720426],[-0.04906191479903744,-0.005613602798749949],[-0.04889393076330423,-0.006032996827217026],[-0.04873431009005462,-0.00645234986298166],[-0.04858253179323576,-0.006871940559850689],[-0.04843802087327356,-0.007292023241514396],[-0.04830015235888494,-0.007712826249492672],[-0.048168255549676325,-0.008134550485081951],[-0.04804161843533145,-0.00855736815255947],[-0.04791949226642409,-0.008981421709680457],[-0.047801096251259785,-0.009406823030252672],[-0.04768562235265971,-0.009833652782297937],[-0.04757224015825191,-0.010261960024019724],[-0.047460101797630064,-0.010691762018495865],[-0.04734834687968033,-0.01112304426671445],[-0.04723610742346126,-0.011555760757275352],[-0.04712251275624954,-0.011989834429797498],[-0.04700669435273355,-0.012425157847809882],[-0.04688779058984665,-0.0128615940756696],[-0.04676495139237573,-0.013298977752849685],[-0.04663734274525901,-0.013737116357780443],[-0.04650415104939025,-0.014175791652315705],[-0.04636458729877448,-0.0146147612968379],[-0.04621789105802196,-0.015053760625017065],[-0.046063334220420395,-0.015492504566306194],[-0.04590022452817918,-0.015930689703392554],[-0.045727908837889096,-0.016367996451037637],[-0.045545776115776426,-0.016804091342030626],[-0.04535326014894278,-0.017238629405356927],[-0.045149841960465,-0.017671256621146214],[-0.04493505191796877,-0.018101612436518415],[-0.044708471527080566,-0.018529332326092007],[-0.04446973490299187,-0.018954050380660108],[-0.04421852991522736,-0.01937540190737652],[-0.04395459900258691,-0.01979302602472795],[-0.04367773965711646,-0.020206568235600044],[-0.0433878045778459,-0.020615682961872907],[-0.04308470149690361,-0.021020036024207215],[-0.042768392682465184,-0.02141930705100166],[-0.0424388941248084,-0.021813191800916298],[-0.042096274413519125,-0.02220140438386059],[-0.041740653315611595,-0.02258367936593828],[-0.04137220006598356,-0.022959773744518363],[-0.0409911313832123,-0.023329468780361046],[-0.04059770922520394,-0.023692571674562773],[-0.04019223830062521,-0.024048917078992926],[-0.03977506335336973,-0.02439836842986977],[-0.03934656623852864,-0.02474081909516005],[-0.03890716280944615,-0.025076193327579425],[-0.03845729963643277,-0.025404447016113458],[-0.0379974505785839,-0.02572556823016443],[-0.03752811323089738,-0.026039577551651837],[-0.03704980526950311,-0.02634652819164665],[-0.03656306071830274,-0.026646505889394406],[-0.036068426160668576,-0.0269396285928727],[-0.03556645692006454,-0.027226045921327675],[-0.03505771323352807,-0.02750593841153397],[-0.03454275644189043,-0.02777951655081602],[-0.034022145220413885,-0.028047019601148866],[-0.03349643187318884,-0.028308714219915272],[-0.032966158714165784,-0.028564892884127117],[-0.03243185455709658,-0.028815872126115572],[-0.03189403133593279,-0.0290619905898474],[-0.03135318087637779,-0.029303606918132594],[-0.03080977183832139,-0.029541097482037496],[-0.030264246847803832,-0.02977485396480961],[-0.02971701983596879,-0.03000528081354354],[-0.02916847360117847,-0.030232792572669382],[-0.02861895760908288,-0.030457811114121085],[-0.028068786043974798,-0.030680762779736047],[-0.02751823612321918,-0.0309020754520458],[-0.026967546684942518,-0.031122175570137984],[-0.02641691705750083,-0.03134148510769762],[-0.025866506217533627,-0.03156041853066748],[-0.025316432241658422,-0.03177937975220565],[-0.024766772055081106,-0.031998759102753335],[-0.024217561478597018,-0.032218930333066435],[-0.023668795573650994,-0.03244024766800105],[-0.023120429283318866,-0.032663042928681524],[-0.022572378365277798,-0.03288762274041883],[-0.0220245206110637,-0.033114265843386864],[-0.021476697344171902,-0.03334322052260885],[-0.020928715187863083,-0.033574702173254985],[-0.020380348091888677,-0.033808891016611435],[-0.019831339605768335,-0.034045929981349365],[-0.019281405384736015,-0.03428592276390892],[-0.018730235913038653,-0.03452893208091699],[-0.01817749942792153,-0.034774978125587004],[-0.017622845026382675,-0.03502403723900771],[-0.01706590593562787,-0.03527604080612009],[-0.016506302927113706,-0.03553087438501699],[-0.0159436478531412,-0.0357883770769797],[-0.015377547284151605,-0.03604834114340063],[-0.014807606224196482,-0.03631051187443507],[-0.01423343188149695,-0.03657458771288741],[-0.013654637470587953,-0.03684022063547171],[-0.013070846022253899,-0.03710701679220521],[-0.012481694177313029,-0.037374537403299414],[-0.011886835940294719,-0.03764229991151611],[-0.011285946369177968,-0.037909779386564146],[-0.010678725177624032,-0.038176410176730874],[-0.010064900226532683,-0.038441587801581446],[-0.009444230882287583,-0.038704671078223424],[-0.008816511219718551,-0.03896498447233427],[-0.008181573048604488,-0.039221820663888324],[-0.007539288743455019,-0.03947444331630925],[-0.006889573857348155,-0.039722090036615844],[-0.006232389501748636,-0.039963975513034086],[-0.005567744475490519,-0.04019929481551876],[-0.004895697127465705,-0.04042722684367241],[-0.004216356939009661,-0.040646937905672205],[-0.0035298858135149945,-0.040857585411019554],[-0.0028364990624143477,-0.04105832165922258],[-0.002136466078359136,-0.04124829770590428],[-0.001430110688158691,-0.04142666728731169],[-0.0007178111798380808,-0.04159259078377803],[-1.0783794424673795e-17,-0.041745239202370735],[0.000722836880460693,-0.04188379815873998],[0.001450160932365097,-0.04200747183806886],[0.0021813823641656654,-0.042115486915018735],[0.0029158617440673976,-0.04220709641265993],[0.003652911942779668,-0.042281583480581496],[0.004391800389468257,-0.042338265072679876],[0.005131751631660455,-0.04237649550553768],[0.0058719501880754995,-0.04239566987881441],[0.006611543681631544,-0.04239522733968173],[0.007349646238214935,-0.042374654174042126],[0.008085342135210543,-0.042333486708067546],[0.008817689682279056,-0.04227131400448212],[0.009545725315449638,-0.042187780338982864],[0.010268467884271664,-0.04208258744324229],[0.01098492311055104,-0.04195549650205949],[0.011694088196092358,-0.041806329893417114],[0.012394956555877499,-0.04163497266145428],[0.013086522652250788,-0.0414413737136731],[0.013767786904943137,-0.04122554673505275],[0.014437760651170207,-0.040987570813142464],[0.01509547112957301,-0.04072759076963748],[0.015739966461449477,-0.04044581719539908],[0.016370320602542253,-0.040142526187359875],[0.01698563823861402,-0.03981805878724249],[0.017585059598148458,-0.0394728201235144],[0.018167765155767835,-0.039107278259490376],[0.018732980200356165,-0.03872196275196991],[0.0192799792424132,-0.038317462926256186],[0.019808090235845014,-0.037894425874831515],[0.02031669859020888,-0.03745355418836134],[0.020805250950379467,-0.036995603429050575],[0.02127325872167533,-0.036521379357681974],[0.021720301319683725,-0.03603173492691297],[0.022146029125333377,-0.03552756705459371],[0.02255016612718794,-0.03500981319198657],[0.022932512234458472,-0.03447944770280766],[0.023292945245851543,-0.033937478069975234],[0.023631422461076433,-0.033384940947824335],[0.02394798192361633,-0.03282289807833641],[0.024242743285220445,-0.032252432090622764],[0.024515908284481434,-0.03167464220349921],[0.02476776083382131,-0.0310906398514806],[0.024998666711202506,-0.03050154425491811],[0.025209072854904948,-0.029908477955285465],[0.025399506261748292,-0.029312562336800314],[0.025570572491184405,-0.02871491315563832],[0.025722953779725794,-0.02811663609795803],[0.02585740677220055,-0.027518822387812284],[0.025974759878323005,-0.026922544465765516],[0.02607591026503085,-0.026328851758681295],[0.02616182049695355,-0.025738766560677924],[0.02623351483923295,-0.025153280044688604],[0.026292075238705994,-0.024573348423396653],[0.026338637001170655,-0.02399988927756039],[0.0263743841840809,-0.023433778068890024],[0.02640054472554685,-0.02287584485370445],[0.02641838533194196,-0.022326871212577013],[0.026429206147734616,-0.02178758741008337],[0.026434335232358195,-0.021258669797601323],[0.02643512287000557,-0.020740738470879785],[0.026432935739175507,-0.0202343551928082],[0.026429150969603774,-0.019740021590476012],[0.026425150114876696,-0.01925817763422954],[0.02642231306954612,-0.018789200405010587],[0.026422011959938613,-0.01833340315481247],[0.026425605038076325,-0.01789103466361415],[0.026434430608201182,-0.017462278894667258],[0.026449801015316667,-0.017047254948517006],[0.026472996724933286,-0.016646017314644098],[0.026505260522825314,-0.016258556418132987],[0.026547791863079796,-0.015884799457303127],[0.026601741392046043,-0.015524611526799001],[0.02666820567497938,-0.015177797019222538],[0.026748222151219084,-0.014844101297021645],[0.026842764342654382,-0.014523212625021788],[0.026952737339016816,-0.014214764352717155],[0.027078973582201588,-0.013918337334224203],[0.027222228970368547,-0.013633462572654895],[0.02738317930101462,-0.013359624074592225],[0.027562417070551598,-0.013096261899352746],[0.027760448646173476,-0.01284277538680693],[0.027977691823967178,-0.012598526546699018],[0.028214473785316576,-0.012362843591672529],[0.028471029461684796,-0.01213502459556434],[0.028747500315840845,-0.0119143412579874],[0.029043933545537744,-0.011700042755777601],[0.029360281713557652,-0.011491359661540666],[0.02969640280592898,-0.011287507909297343],[0.030052060717999828,-0.011087692787094594],[0.030426926165933083,-0.010891112936424571],[0.030820578019083625,-0.01069696433837249],[0.03123250504663459,-0.01050444426659987],[0.03166210806982335,-0.01031275518755661],[0.032108702509083736,-0.010121108588706096],[0.032571521313486056,-0.009928728716035621],[0.03304971825797253,-0.009734856202710722],[0.03354237159208253,-0.009538751571409725],[0.03404848802213799,-0.009339698593643402],[0.03456700700723378,-0.009137007490216209],[0.03509680534785116,-0.008930017957918812],[0.03563670204449587,-0.008718102008548712],[0.036185463402465756,-0.008500666607431937],[0.03674180835767516,-0.008277156099759205],[0.037304413997420995,-0.008047054414245679],[0.03787192124906208,-0.007809887034871356],[0.03844294070881649,-0.00756522273274858],[0.03901605858225098,-0.0073126750514909584],[0.039589842707559206,-0.007051903540813112],[0.04016284863239233,-0.006782614734468938],[0.04073362571482448,-0.006504562870028213],[0.04130072321900712,-0.006217550349389401],[0.04186269637618519,-0.00592142794032558],[0.04241811238202181,-0.005616094720748572],[0.042965556301595854,-0.005301497768751416],[0.04350363685400457,-0.004977631602838161],[0.04403099204921081,-0.004644537378071352],[0.0445462946506234,-0.004302301845148151],[0.04504825743787985,-0.003951056080655511],[0.04553563824541248,-0.0035909739979400838],[0.04600724475361173,-0.003222270649158932],[0.04646193901074986,-0.0028452003301432933],[0.04689864166528688,-0.0024600545007039576],[0.04731633588973842,-0.0020671595339314575],[0.0477140709789377,-0.0016668743088867365],[0.04809096560725654,-0.001259587661840638],[0.04844621073116162,-0.0008457157118923826],[0.048779072125352554,-0.0004256990773820947],[0.049088892542658476,-8.549910062372277e-18]]}},{"type":"Feature","properties":{"kind":"contour","demo":true,"depth_m":10},"geometry":{"type":"LineString","coordinates":[[0.052037918957518435,0.0],[0.05234131349187332,0.00045678705829411563],[0.05261914131890256,0.0009185617179974286],[0.05287096015236469,0.0013847841946333641],[0.053096414344318665,0.0018549045836734075],[0.0532952350984945,0.002328366118705806],[0.05346724026707186,0.002804608414844278],[0.05361233373543116,0.0032830706787443354],[0.05373050440154246,0.0037631948669128593],[0.05382182475871286,0.004244428774415973],[0.05388644909241498,0.0047262290366084465],[0.05392461130385568,0.00520806402712168],[0.05393662237480465,0.00568941663605303],[0.053922867489979875,0.0061697869130927785],[0.053883802834968436,0.006648694561201694],[0.05381995208924078,0.007125681267406728],[0.05373190263528489,0.00760031285830955],[0.05362030150623731,0.008072181268996325],[0.0534858510956119,0.008540906315191084],[0.05332930465382119,0.009006137259702764],[0.053151461597140896,0.009467554165470389],[0.05295316265558331,0.009924869028805072],[0.0527352848868137,0.010377826687753866],[0.0524987365837652,0.010826205501861823],[0.05224445210397603,0.011269817800976906],[0.051973386648890306,0.011708510102120233],[0.051686511021427246,0.012142163094823593],[0.05138480639003397,0.01257069139670942],[0.05106925908719581,0.01299404308244794],[0.05074085546998596,0.013412198990563994],[0.05040057686969734,0.013825171813875175],[0.05004939465691538,0.014233004980615206],[0.04968826544756732,0.014635771334525748],[0.049318126474523896,0.01503357162337819],[0.04893989114824234,0.01542653280650894],[0.04855444482872649,0.01581480619300956],[0.04816264082975449,0.01619856542320282],[0.04776529667488636,0.016578004306949504],[0.047363190623229454,0.01695333453316571],[0.04695705848131104,0.017324783265680297],[0.04654759071569766,0.01769259064122317],[0.04613542987921819,0.018057007185904334],[0.04572116836180219,0.018418291167016484],[0.04530534647504796,0.018776705897369392],[0.04488845087769481,0.019132517009638663],[0.044470913347204585,0.019485989718384653],[0.044053109900667395,0.01983738608746706],[0.043635360266247314,0.02018696232054807],[0.04321792770438771,0.020534966092240012],[0.042801019176012554,0.0208816339372161],[0.04238478585300058,0.02122718871426248],[0.041969323964286,0.02157183716181239],[0.04155467596906009,0.021915767560967706],[0.04114083204672671,0.022259147521385192],[0.04072773189150742,0.02260212190468593],[0.04031526679791143,0.022944810899242267],[0.03990328202168923,0.023287308259310184],[0.03949157939938609,0.023629679720512806],[0.03907992020821015,0.023971961602646846],[0.03866802824663803,0.02431415960968453],[0.03825559311500465,0.024656247835685582],[0.03784227367427058,0.02499816798412232],[0.03742770166023471,0.0253398288068644],[0.03701148542966747,0.025681105767773577],[0.036593213814184865,0.02602184093453146],[0.03617246005716792,0.026361843100971998],[0.03574878580866142,0.026700888140821662],[0.03532174515295857,0.027038719592374253],[0.03489088864349751,0.027375049472248548],[0.03445576731976112,0.027709559315006058],[0.03401593668108277,0.0280419014340496],[0.03357096059261536,0.02837170039788817],[0.03312041509921835,0.028698554714549195],[0.03266389212365314,0.029022038715651108],[0.03220100302624853,0.029341704630425763],[0.03173138200409908,0.029657084838807923],[0.031254689308886266,0.029967694291594845],[0.03077061426355883,0.030273033084629274],[0.03027887805936711,0.03057258917297936],[0.029779236316110895,0.030865841210186262],[0.02927148138992262,0.031152261496827604],[0.028755444414458646,0.03143131902190947],[0.028230997063003693,0.03170248257995425],[0.02769805302069621,0.0319652239461002],[0.027156569157847008,0.03221902109107594],[0.026606546397139184,0.03246336141755922],[0.0260480302693545,0.032697744999179934],[0.02548111115415858,0.032921687803280864],[0.024905924204384703,0.03313472487850959],[0.024322648954171956,0.03333641348838072],[0.02373150861322823,0.03352633617211887],[0.023132769051389494,0.03370410371437042],[0.02252673747952538,0.03386935800575248],[0.021913760834684323,0.034021774776691646],[0.02129422387917083,0.034161066187588345],[0.020668547024991393,0.03428698325902274],[0.02003718389678448,0.034399318126493064],[0.01940061864795535,0.03449790610504068],[0.018759363046256937,0.034582627550065095],[0.018113953346487056,0.03465340950166202],[0.017464946969300683,0.03471022710092118],[0.016812919006355734,0.034753104767794286],[0.0161584585731164,0.034782117131379395],[0.01550216503162102,0.03479738970476052],[0.014844644106377987,0.03479909929788318],[0.014186503917276922,0.03478747416333033],[0.01352835095398972,0.03476279387128266],[0.012870786016783436,0.034725388911392936],[0.01221440014897119,0.03467564002076987],[0.011559770586386965,0.03461397723874422],[0.010907456749283832,0.034540878690570494],[0.01025799630192259,0.034456869103694034],[0.009611901304839044,0.03436251806167701],[0.008969654484355723,0.034258438002320264],[0.008331705643337892,0.034145281967933164],[0.007698468236489149,0.03402374111708265],[0.00707031613264091,0.033894542008488154],[0.006447580585517723,0.033758443669013746],[0.005830547433362078,0.03361623445893537],[0.005219454546582998,0.03346872874882306],[0.004614489541260057,0.03331676342346832],[0.004015787774894801,0.03316119422930061],[0.0034234306392631206,0.03300289198266683],[0.0028374441635929076,0.03284273865719039],[0.0022577979395809336,0.032681623369175024],[0.001684404377979463,0.03252043828067128],[0.0011171183046376398,0.03236007444037381],[0.0005557369019844986,0.03220141758296508],[2.7593597703049497e-18,0.03204534390786015],[-0.0005504092812507786,0.031892715858538666],[-0.0010958635374377869,0.031744377923769884],[-0.0016367897360593357,0.03160115248204551],[-0.0021736675267278564,0.0314638357104319],[-0.002707027211554926,0.03133319357883827],[-0.003237447383506037,0.031209957950372052],[-0.003765552242525227,0.03109482280801775],[-0.0042920086011134385,0.03098844062733332],[-0.004817522592872559,0.030891418914211],[-0.0053428360992892115,0.03080431692600149],[-0.005868722911717885,0.030727642593453567],[-0.006395984647123656,0.030661849659981616],[-0.006925446437650242,0.030607335053744675],[-0.007457952415481634,0.030564436506908082],[-0.00799436101575676,0.03053343043526846],[-0.008535540121469483,0.030514530090160506],[-0.009082362075332874,0.03050788399323616],[-0.009635698584502835,0.030513574663320782],[-0.010196415544834293,0.03053161764311311],[-0.010765367811980068,0.030561960832014044],[-0.011343393947133984,0.030604484129851898],[-0.011931310965561734,0.030658999394724926],[-0.012529909116254682,0.030725250716615915],[-0.01313994672108017,0.030802915006854437],[-0.013762145101687145,0.030891602901920143],[-0.0143971836221578,0.03099085997850165],[-0.015045694874975913,0.031100168275160264],[-0.01570826003731112,0.031218948114402758],[-0.016385404423900126,0.03134656021745106],[-0.017077593261942265,0.03148230810251796],[-0.017785227712423066,0.03162544075596277],[-0.018508641161140947,0.03177515556431886],[-0.019248095801442797,0.03193060149386143],[-0.02000377952928273,0.032090882503127006],[-0.02077580316971006,0.03225506117261297],[-0.021564198052275833,0.0324221625347795],[-0.022368913951130606,0.03259117808645778],[-0.02318981740377823,0.03276106996483783],[-0.02402669042056037,0.032930775267376075],[-0.02487922959498531,0.03309921049522756],[-0.025747045622989757,0.03326527609917677],[-0.026629663237149045,0.03342786110651714],[-0.027526521559735187,0.03358584780691425],[-0.02843697487637839,0.03373811647498515],[-0.029360293829925787,0.033883550107136444],[-0.030295667031922914,0.0340210391501292],[-0.031242203086979895,0.03414948619887771],[-0.03219893302313817,0.034267810641143995],[-0.0331648131192348,0.03437495322705747],[-0.034138728118181506,0.0344698805417699],[-0.03511949481304806,0.034551589360046354],[-0.03610586599086982,0.034619110862191285],[-0.03709653471720488,0.034671514691412046],[-0.038090138942651335,0.03470791283352639],[-0.03908526641081252,0.03472746330082097],[-0.04008045984557713,0.03472937360286085],[-0.04107422239406812,0.034712903988129325],[-0.04206502330022162,0.03467737044153822],[-0.043051303782686796,0.034622147424083975],[-0.04403148308960237,0.03454667034222928],[-0.04500396470180768,0.03445043773595549],[-0.045967142655191376,0.03433301317585126],[-0.04691940795217699,0.03419402686107018],[-0.04785915503179193,0.0340331769114965],[-0.04878478826736977,0.03385023034899625],[-0.04969472846069796,0.03364502376419238],[-0.05058741930134465,0.03341746366677903],[-0.05146133375997965,0.033167526518973894],[-0.05231498038474739,0.0328952584532897],[-0.053146909470150445,0.03260077467737862],[-0.05395571906846033,0.03228425857025872],[-0.054740060814386385,0.03194596047576032],[-0.05549864553459575,0.03158619620052585],[-0.05623024861468952,0.03120534522535059],[-0.05693371509739145,0.030803848640056416],[-0.057607964486993485,0.030382206813439106],[-0.05825199523651934,0.029940976811115152],[-0.05886488889560604,0.02948076957530893],[-0.05944581389875568,0.0290022468817607],[-0.05999402897536795,0.02850611808999275],[-0.060508886164817706,0.027993136704141088],[-0.06098983342178397,0.027464096762437686],[-0.061436416799052665,0.026919829074209613],[-0.06184828219710103,0.026361197323941505],[-0.06222517667190974,0.02578909406252506],[-0.062566949294633,0.025204436606288953],[-0.06287355155897285,0.02460816286476399],[-0.06314503733434275,0.024001227118389132],[-0.06338156236515216,0.023384595767503083],[-0.0635833833187911,0.022759243073993626],[-0.06375085638712513,0.022126146916892225],[-0.06388443544851874,0.02148628458300598],[-0.06398466979957657,0.020840628613373352],[-0.06405220146791347,0.020190142725917667],[-0.06408776211932979,0.0195357778341532],[-0.0640921695747618,0.018878468181178734],[-0.0640663239542923,0.018219127607473632],[-0.06401120346733086,0.017558645970198128],[-0.06392785986979893,0.016897885730795537],[-0.06381741361077253,0.01623767872670565],[-0.0636810486925358,0.015578823141930789],[-0.06352000726937608,0.014922080690054802],[-0.06333558401169655,0.01426817402210727],[-0.06312912026313004,0.013617784370396147],[-0.06290199801930349,0.012971549438111157],[-0.06265563375771821,0.012330061543131404],[-0.062391472148876866,0.011693866023064669],[-0.06211097967929631,0.011063459907108188],[-0.061815638217398064,0.010439290858860374],[-0.06150693855345898,0.009821756392737056],[-0.06118637394483728,0.009211203365163245],[-0.06085543369756056,0.00860792774022941],[-0.060515596815074575,0.008012174628028324],[-0.06016832574450673,0.007424138592432515],[-0.059815060250198095,0.006843964223640476],[-0.05945721144350683,0.006271746969421455],[-0.05909615599698686,0.005707534217628606],[-0.058733230570004846,0.0051513266212386034],[-0.058369726471681475,0.0046030796559176305],[-0.058006884585735066,0.004062705398916353],[-0.05764589058037564,0.0035300745169662613],[-0.05728787042485167,0.0030050184497926666],[-0.05693388623259932,0.0024873317748809348],[-0.056584932449193756,0.0019767747382378616],[-0.05624193240146352,0.0014730759350830777],[-0.055905735222211074,0.000975935123691879],[-0.05557711316299755,0.000485026154992206],[-0.055256759305406175,4.812089842817522e-18],[-0.0549452856791085,-0.0004795121432400867],[-0.054643221792932475,-0.0009538956818552089],[-0.05435101358298088,-0.0014235494183407306],[-0.054069022779686324,-0.0018888823177098935],[-0.05379752669352447,-0.002350310270550083],[-0.05353671841695337,-0.002808252870829519],[-0.053286707438013975,-0.003263130227083455],[-0.05304752065892747,-0.0037153598252913276],[-0.05281910381096821,-0.004165353461336251],[-0.05260132325489075,-0.004613514260420719],[-0.05239396815425205,-0.005060233800198169],[-0.05219675300710916,-0.0055058893536744785],[-0.05200932051979673,-0.0059508412671399075],[-0.0518312448048059,-0.006395430487515402],[-0.05166203488320725,-0.006839976252542503],[-0.05150113847059199,-0.00728477395621905],[-0.05134794602415547,-0.007730093200789017],[-0.05120179502732225,-0.008176176045441182],[-0.05106197448721964,-0.008623235460663178],[-0.05092772961934926,-0.00907145399594347],[-0.05079826669299233,-0.009520982667219426],[-0.05067275801021528,-0.009971940069143313],[-0.05055034699082148,-0.01042441171588677],[-0.05043015333522635,-0.010878449612836025],[-0.05031127823701554,-0.01133407206015225],[-0.05019280961688281,-0.011791263687792085],[-0.05007382734973371,-0.012249975720210053],[-0.04995340845698251,-0.012710126467605106],[-0.04983063223646141,-0.013171602039235746],[-0.04970458530290153,-0.013634257273019087],[-0.04957436651262747,-0.014097916874356799],[-0.049439091746932395,-0.014562376755901971],[-0.04929789852955823,-0.015027405568802039],[-0.04914995045479489,-0.015492746414831638],[-0.048994441403923186,-0.01595811872777067],[-0.048830599529054004,-0.016423220311393993],[-0.048657690984852106,-0.016887729520524634],[-0.048475023390169014,-0.017351307570767978],[-0.04828194900323769,-0.01781360096179448],[-0.04807786759579076,-0.018274243998377154],[-0.04786222901324801,-0.018732861392821248],[-0.04763453540996315,-0.019189070931950165],[-0.04739434315041774,-0.019642486191436968],[-0.04714126436918993,-0.020092719279995723],[-0.04687496818449491,-0.02053938359577431],[-0.046595181562084705,-0.02098209657722024],[-0.046301689828293746,-0.02142048243072414],[-0.045994336833012545,-0.021854174817481774],[-0.04567302476535606,-0.022282819482253788],[-0.04533771362675191,-0.022706076807041856],[-0.04498842036809746,-0.023123624273138146],[-0.0446252176995136,-0.023535158815539744],[-0.04424823258304528,-0.02394039905434852],[-0.04385764442041527,-0.02433908738849502],[-0.04345368294961887,-0.02473099193792971],[-0.04303662586574313,-0.025115908321310935],[-0.04260679618289742,-0.025493661257181426],[-0.0421645593555434,-0.02586410597765912],[-0.0417103201788039,-0.026227129444767034],[-0.04124451948850761,-0.02658265136068546],[-0.04076763068277831,-0.026930624964420693],[-0.04028015608790462,-0.027271037608641642],[-0.039782623192017356,-0.027603911111731307],[-0.03927558077075798,-0.027929301881427893],[-0.03875959492963583,-0.028247300807781657],[-0.03823524508814395,-0.028558032924521852],[-0.03770311993093003,-0.02886165683930495],[-0.03716381335139926,-0.029158363934693506],[-0.03661792041306141,-0.029448377343085978],[-0.03606603335372251,-0.029731950700175112],[-0.035508737657267156,-0.030009366682846768],[-0.03494660821728011,-0.030280935338736017],[-0.034380205616119965,-0.030546992215926005],[-0.03381007254228719,-0.030807896302497032],[-0.03323673036802645,-0.031064027786807707],[-0.032660675908077315,-0.031315785650502],[-0.03208237837934035,-0.03156358510728786],[-0.03150227657996709,-0.031807854901511314],[-0.030920776305018646,-0.03204903448145365],[-0.030338248014373646,-0.03228757106310147],[-0.02975502476701793,-0.03252391660087527],[-0.029171400434212853,-0.03275852468244726],[-0.02858762820233984,-0.03299184736533053],[-0.02800391937445135,-0.03322433197337544],[-0.027420442477744777,-0.033456417871660836],[-0.026837322682317356,-0.033688533238519856],[-0.026254641534674255,-0.03392109185358401],[-0.025672437007553277,-0.03415448992077108],[-0.02509070386571443,-0.034389102945076175],[-0.024509394345428537,-0.03462528268185339],[-0.02392841914349602,-0.03486335417699915],[-0.023347648709751433,-0.0351036129160669],[-0.022766914835162896,-0.03534632209985924],[-0.022186012525839377,-0.03559171006346034],[-0.021604702151512067,-0.035839967854991245],[-0.021022711855379527,-0.03609124698959561],[-0.020439740210599043,-0.03634565739330091],[-0.019855459107188105,-0.03660326555044966],[-0.019269516851668833,-0.036864092867367235],[-0.01868154146046139,-0.03712811426382786],[-0.018091144126812297,-0.0373952570027072],[-0.017497922839936907,-0.037665399766974424],[-0.016901466134074696,-0.037938371991883636],[-0.016301356944296463,-0.03821395345888298],[-0.015697176545182073,-0.03849187415637576],[-0.015088508547896949,-0.03877181441104906],[-0.014474942930751009,-0.03905340529203864],[-0.013856080078017063,-0.03933622928873424],[-0.013231534801627635,-0.03961982126155148],[-0.012600940320355301,-0.039903669663516016],[-0.011963952171213037,-0.040187218029029734],[-0.011320252028091816,-0.04046986672472434],[-0.0106695514030729,-0.040750974955865014],[-0.010011595206420568,-0.04102986302035081],[-0.009346165141963077,-0.041305814800980716],[-0.008673082915413436,-0.04157808048531723],[-0.007992213234150832,-0.04184587950119621],[-0.007303466578085177,-0.04210840365470427],[-0.006606801722443587,-0.042364820456283474],[-0.005902227994652079,-0.042614276619532536],[-0.005189807248925545,-0.04285590171626038],[-0.0044696555437156475,-0.04308881197041777],[-0.0037419445087982298,-0.043312114172689764],[-0.003006902390489354,-0.04352490969678409],[-0.0022648147652654087,-0.043726298597796705],[-0.0015160249139051477,-0.04391538377248666],[-0.0007609338501730193,-0.044091275160844226],[-1.1431633334120504e-17,-0.04425309396799734],[0.0007662614709067113,-0.04439997688527064],[0.0015372796811049725,-0.04453108028909059],[0.0023124294071855075,-0.04464558439642248],[0.003091032803342402,-0.0447426973555272],[0.003872361460836186,-0.0448216592510419],[0.004655638799472702,-0.04488174600271256],[0.005440042781295092,-0.04492227313754325],[0.006224708934798668,-0.044942599415667535],[0.007008733676153996,-0.044942130290895534],[0.007791177912158013,-0.044920321187638154],[0.008571070907950642,-0.044876680576756374],[0.009347414400930669,-0.044810772833823766],[0.010119186940801958,-0.04472222086431871],[0.010885348434276802,-0.0446107084813759],[0.011644844871671832,-0.04447598252291681],[0.012396613211461356,-0.04431785469624086],[0.013139586397802726,-0.04413620313948761],[0.013872698485136274,-0.04393097369076573],[0.01459488984318028,-0.04370218085718261],[0.01530511241500816,-0.043449908477490064],[0.01600233500040043,-0.0431743100735797],[0.016685548536324913,-0.042875608887606796],[0.017353771346204284,-0.04255409760309018],[0.018006054329594248,-0.04221013774991173],[0.018641486064008544,-0.04184415879472402],[0.019259197790895476,-0.04145665691985218],[0.019858368258192087,-0.04104819349534122],[0.02043822839245094,-0.040619393250346296],[0.020998065774255743,-0.040170942151578196],[0.021537228891502756,-0.0397035849979968],[0.022055131146131307,-0.039218122742378826],[0.022551254591023025,-0.0387154095517698],[0.023025153375060642,-0.03819634962015258],[0.023476456875727456,-0.03766189374792169],[0.023904872500137127,-0.037113035703937945],[0.024310188137000935,-0.03655080838703987],[0.024692274243754878,-0.03597627980491181],[0.025051085554878526,-0.035390548889134434],[0.02538666239932601,-0.03479474116608084],[0.02569913161695265,-0.03419000430405312],[0.02598870706584307,-0.033577503557688126],[0.026255689714522783,-0.03295841713118267],[0.02650046731514874,-0.03233393148230578],[0.026723513655919958,-0.03170523658946624],[0.02692538739311023,-0.031073521204294286],[0.027106730465293598,-0.030439968112272325],[0.027268266094496642,-0.029805749423907034],[0.027410796381158065,-0.0291720219187851],[0.02753519950189473,-0.028539922464582444],[0.027642426521152712,-0.027910563532720808],[0.027733497829851114,-0.027285028831870783],[0.027809499226093774,-0.0266643690799056],[0.02787157765492062,-0.026049597934203594],[0.027920936625884362,-0.02544168809939641],[0.027958831328960546,-0.02484156763075615],[0.02798656347092131,-0.024250116450424384],[0.02800547585581439,-0.023668163092605644],[0.02801694673458362,-0.023096481692686518],[0.02802238395013571,-0.02253578923400808],[0.028023218905294387,-0.021986743064712776],[0.028020900382080903,-0.02144993869572375],[0.028016888241613986,-0.02092590788949226],[0.028012647034626734,-0.020415117047683506],[0.0280096395531509,-0.019917965904462872],[0.028009320354315043,-0.019434786530508622],[0.02801312928744133,-0.01896584265131368],[0.028022485055704226,-0.01851132928176398],[0.02803877884353259,-0.01807137267739715],[0.028063368040694512,-0.01764603060116187],[0.028097570093603075,-0.017235292902927364],[0.02814265651382317,-0.01683908240743552],[0.028199847073045962,-0.016457256104860818],[0.02827030421293456,-0.016089606636646145],[0.028355127697233164,-0.01573586406783039],[0.028455349532380513,-0.015395697935677308],[0.028571929181580188,-0.01506871956306834],[0.028705749095864104,-0.01475448462383539],[0.028857610584146442,-0.014452495945995413],[0.029028230042612894,-0.014162206537709202],[0.029218235562032305,-0.013883022819729045],[0.029428163929723344,-0.013614308047131147],[0.029658458040968127,-0.01335538590224963],[0.02990946473264679,-0.013105544239949366],[0.0301814330497837,-0.012864038965692895],[0.030474512953555938,-0.012630098026281318],[0.030788754477132328,-0.012402925492677706],[0.03112410733349334,-0.012181705713961597],[0.03148042097714566,-0.011965607521211216],[0.03185744511939657,-0.011753788459971702],[0.032254830694607356,-0.011545399029940088],[0.03267213127261333,-0.01133958691058192],[0.03310880491028973,-0.011135501151590853],[0.033564216433073106,-0.010932296307406886],[0.03403764013512373,-0.01072913649542293],[0.03452826288475236,-0.010525199358027048],[0.03503518761973789,-0.010319679909249008],[0.03555743721525054,-0.010111794247498397],[0.036093958705268,-0.009900783116696142],[0.036643627836648415,-0.009685915299004222],[0.037205253933405784,-0.009466490823347405],[0.03777758504723188,-0.009241843974988713],[0.038359313368933966,-0.009011346092560879],[0.03894908087420927,-0.008774408140165231],[0.03954548517607235,-0.008530483043416802],[0.04014708555528318,-0.008279067779637465],[0.04075240913931075,-0.008019705213765788],[0.04135995719969879,-0.007751985672959835],[0.04196821153719383,-0.007475548254305687],[0.042575640923642744,-0.007190081861505575],[0.043180707569475146,-0.006895325967895233],[0.04378187358555551,-0.00659107110462211],[0.04437760740831633,-0.006277159074299216],[0.04496639015737342,-0.005953482891920912],[0.045546721895267574,-0.005619986456284604],[0.046117127759578505,-0.005276663956592225],[0.04667616393840697,-0.004923559020306082],[0.04722242346112087,-0.004560763609691261],[0.04775454177730089,-0.004188416675790565],[0.04827120209799956,-0.0038067025798346117],[0.04877114047473488,-0.0034158492932878427],[0.04925315059306951,-0.0030161263888615537],[0.049716088259173556,-0.00260784283588114],[0.05015887555941962,-0.0021913446143749797],[0.0505805046748112,-0.0017670121631454508],[0.050980041333882016,-0.001335257677891046],[0.05135662788962396,-0.0008965222761607738],[0.05170948600798428,-0.00045127304654202975],[0.05203791895751843,-9.06354785928737e-18]]}},{"type":"Feature","properties":{"kind":"contour","demo":true,"depth_m":20},"geometry":{"type":"LineString","coordinates":[[0.05658593941892943,0.0],[0.05691585008955127,0.0004967094250844812],[0.057217959568640994,0.0009988423589648656],[0.057491786914935644,0.0015058118409728054],[0.057736945397504215,0.0020170199059136875],[0.05795314272776648,0.0025318611269934134],[0.058140180838510434,0.0030497261426951977],[0.05829795521487172,0.003570005147345532],[0.05842645378452297,0.004092091325454341],[0.05852575537655584,0.004615384210370362],[0.058596027760715604,0.005139292948356292],[0.058637525280753604,0.005663239449855715],[0.05865058609768653,0.006186661410491166],[0.05863562906068349,0.006709015185195646],[0.05859315022513084,0.007229778499833108],[0.05852371903914225,0.007748452985701516],[0.058427974221378014,0.008264566523428928],[0.0583066193545063,0.008777675383962456],[0.05816041821996995,0.00928736615560465],[0.05799018990091189,0.00979325744736519],[0.05779680368115157,0.010295001360259777],[0.057581173768991245,0.010792284719595452],[0.057344253875357666,0.011284830062723808],[0.05708703167635159,0.011772396378213033],[0.056810523190678475,0.012254779593877567],[0.056515767102669506,0.012731812812602399],[0.056203819061671864,0.01320336629639913],[0.055875745988489066,0.01366934720062406],[0.05553262041929052,0.014129699061767049],[0.0551755149169824,0.014584401043674491],[0.054805496579446465,0.015033466948493392],[0.05442362167330912,0.015476944000006949],[0.05403093042100794,0.015914911408368735],[0.05362844196787979,0.016347478726524037],[0.053217149554811924,0.01677478400982678],[0.052798015920679134,0.0171969917915108],[0.052371968957347956,0.01761429088775057],[0.05193989763846627,0.018026892047039896],[0.05150264824158671,0.01843502545952515],[0.05106102088140275,0.018838938142745003],[0.0506157663700162,0.019238891220947366],[0.05016758341821671,0.019635157115773367],[0.04971711618974757,0.020028016666612265],[0.04926495221846831,0.020417756199339505],[0.04881162069621619,0.020804664562448488],[0.04835759113702616,0.02118903014977479],[0.04790327242120522,0.021571137929087828],[0.047449012220583585,0.021951266495788734],[0.04699509680409357,0.022329685170805216],[0.046541751220671404,0.022706651161515216],[0.04608913985434596,0.023082406804161706],[0.0456373673442871,0.023457176905744895],[0.04518647986054302,0.023831166202796128],[0.04473646672421514,0.024204556953754487],[0.044287262358908536,0.024577506680886037],[0.04383874855846814,0.02495014607681056],[0.04339075705427556,0.02532257708973726],[0.04294307236374674,0.025694871200464434],[0.04249543490014749,0.026067067903073653],[0.042047544322438346,0.026439173400054045],[0.041599063102582184,0.026811159521332777],[0.04114962028660146,0.027182962875370576],[0.04069881542466667,0.027554484239114732],[0.04024622264463487,0.02792558819219264],[0.039791394842745284,0.028296102999285533],[0.039333867964618505,0.028665820743152565],[0.038873165349302144,0.029034497709287264],[0.0384088021088592,0.029401855021691896],[0.03794028951590715,0.029767579527756004],[0.03746713937158774,0.03013132492873495],[0.03698886832667605,0.030492713150848692],[0.03650500212892429,0.030851335950569596],[0.03601507977027563,0.031206756746249287],[0.03551865750827528,0.031558512666855734],[0.03501531273684422,0.03190611680726154],[0.03450464768256143,0.03224906067824936],[0.03398629290371681,0.03258681683818913],[0.03345991057064398,0.032918841692199906],[0.03292519750721032,0.03324457844354439],[0.03238188797482596,0.03356346018102152],[0.03182975618192302,0.03387491308522913],[0.03126861850354333,0.03417835973576813],[0.030698335397447676,0.034473222500758204],[0.030118813005010927,0.03475892698943536],[0.029530004427086698,0.03503490554810944],[0.02893191066699892,0.03530060077937477],[0.028324581234837738,0.03555546906419625],[0.027708114409288897,0.035798984066333535],[0.02708265715530005,0.036030640198522826],[0.02644840469797094,0.03624995602990672],[0.025805599755136185,0.0364564776143894],[0.02515453143317694,0.03664978171989581],[0.024495533792639915,0.036829478938927504],[0.02382898409224719,0.036995216661334],[0.023155300721836216,0.03714668189085274],[0.022474940836666197,0.03728360388771068],[0.021788397707352598,0.03740575662042274],[0.021096197801436938,0.037512961010861254],[0.020398897614252707,0.03760508695770301],[0.019697080268301918,0.03768205512447937],[0.018991351901801568,0.03774383847965606],[0.018282337868385456,0.0377904635774446],[0.017570678771149078,0.03782201156939192],[0.016857026355294225,0.037838618938199675],[0.01614203928456116,0.03784047794668441],[0.015426378827423393,0.03782783679629403],[0.014710704479658615,0.03780099949113986],[0.013995669550395922,0.03776032540507551],[0.013281916739070272,0.03770622855094778],[0.012570073730888653,0.03763917655275095],[0.011860748838427436,0.03755968932302627],[0.011154526716836151,0.03746833744945345],[0.01045196417981985,0.03736574029617284],[0.009753586143112855,0.03725256382694686],[0.00905988172154133,0.037129518158807405],[0.008371300505005848,0.03699735485633625],[0.007688249037800815,0.036856863978177265],[0.007011087524630134,0.036708870888776376],[0.006340126785484245,0.03655423284967882],[0.005675625480217815,0.03639383540597675],[0.005017787622218109,0.03622858858468628],[0.004366760398988695,0.03605942292293465],[0.003722632315800196,0.03588728534485026],[0.003085431676788173,0.03571313490696383],[0.0024551254160184227,0.03553793843274388],[0.0018316182891005965,0.03536266605759848],[0.0012147524339243315,0.03518828670627455],[0.0006043073070279824,0.035015763525071686],[3.0005228480595817e-18,0.03484604929165688],[-0.0005985140618305443,0.034680081825517704],[-0.0011916400383245732,0.034518779422221986],[-0.0017798422131713133,0.03436303633466153],[-0.002363642156496071,0.03421371832434537],[-0.002943616517860561,0.03407165830557421],[-0.0035203944582141355,0.03393765210497391],[-0.004094654731452534,0.03381245435839283],[-0.004667122428289181,0.03369677456657838],[-0.005238565397131904,0.03359127333034444],[-0.005809790358574053,0.033496558785127604],[-0.006381638731941862,0.03341318325390996],[-0.006954982194080445,0.033341640136463686],[-0.007530717992197841,0.03328236105175454],[-0.008109764034111695,0.033235713249131285],[-0.008693053780647103,0.03320199730263367],[-0.009281530966209615,0.03318144510137926],[-0.009876144174695421,0.03317421814754507],[-0.010477841298896994,0.03318040617195328],[-0.011087563912408577,0.033200026075706525],[-0.01170624158372852,0.033233021204707114],[-0.012334786162789782,0.033279260962244504],[-0.012974086070521846,0.03333854076315334],[-0.013625000622255674,0.03341058233134149],[-0.014288354415825018,0.033495034340770204],[-0.014964931815092739,0.03359147339824822],[-0.015655471559339128,0.03369940536468459],[-0.01636066152849253,0.033818267009743073],[-0.017081133693561238,0.03394742799316082],[-0.0178174592808445,0.03408619316434509],[-0.018570144177561584,0.03423380517025397],[-0.01933962460544615,0.03438944736000623],[-0.02012626308761541,0.034552246973162754],[-0.020930344732642863,0.03472127859718283],[-0.021752073858250853,0.034895567878191765],[-0.02259157097539855,0.03507409546790951],[-0.023448870151783374,0.03525580118838799],[-0.024323916771907036,0.03543958839509645],[-0.02521656570889142,0.035624328517883254],[-0.026126579921174384,0.03580886575843546],[-0.027053629485082897,0.035992021922059116],[-0.02799729107207917,0.03617260136091618],[-0.02895704787722101,0.03634939600528501],[-0.029932290003076418,0.03652119045895957],[-0.030922315301001833,0.036686767134573646],[-0.031926330669341876,0.036844911404430136],[-0.03294345380575148,0.036994416742333947],[-0.03397271540848796,0.03713408983196993],[-0.03501306181918751,0.037262755617535344],[-0.03606335809733598,0.037379262272627306],[-0.03712239151438278,0.037482486063799746],[-0.03818887545324145,0.037571336085737754],[-0.03926145369677892,0.03764475884564803],[-0.04033870508683522,0.037701742675228654],[-0.04141914853334206,0.03774132194945608],[-0.04250124835123546,0.03776258109240617],[-0.04358341990109467,0.03776465835140625],[-0.04466403550779521,0.03774674932198846],[-0.04574143062994819,0.03770811020737695],[-0.04681391025151814,0.03764806079758508],[-0.04787975546577607,0.037565987154616495],[-0.048937230220660016,0.037461343991749434],[-0.04998458819368563,0.03733365673642747],[-0.051020079763784094,0.037182523267875765],[-0.0520419590468434,0.037007615322199754],[-0.05304849096129819,0.036808679559395874],[-0.05403795828985437,0.0365855382884016],[-0.055008668703349264,0.03633808984802663],[-0.05595896171283751,0.03606630864332882],[-0.05688721551625566,0.03577024483871949],[-0.05779185370645487,0.03545002371079226],[-0.05867135180799836,0.03510584466556136],[-0.059524243610895804,0.0347379799264573],[-0.060349127270385244,0.03434677290105469],[-0.06114467114297331,0.033932636236087346],[-0.061909619330196466,0.033496049571833726],[-0.06264279690296637,0.03303755700842182],[-0.06334311478090358,0.032557764298000405],[-0.06400957424273639,0.032057335778044746],[-0.06464127104563894,0.031536991062303746],[-0.0652373991332946,0.030997501507045278],[-0.06579725391448575,0.03043968647131071],[-0.0663202350961239,0.02986440939084442],[-0.06680584905682546,0.02927257368621341],[-0.06725371074940666,0.028665118526371842],[-0.06766354512299615,0.028043014469552992],[-0.06803518805783862,0.027407259003881704],[-0.068368586808273,0.02675887201049378],[-0.06866379995180248,0.026098891172221066],[-0.06892099684461768,0.025428367351052597],[-0.06914045658637648,0.024748359957611706],[-0.0693225664994725,0.024059932335797264],[-0.06946782013042241,0.02336414718552445],[-0.06957681478336547,0.022662062046168132],[-0.0696502485979746,0.021954724862863685],[-0.06968891718632426,0.02124316965725513],[-0.06969370984542869,0.020528412323606665],[-0.06966560536424593,0.019811446570410868],[-0.0696056674459274,0.01909324002674225],[-0.0695150397679692,0.018374730531622054],[-0.06939494070468004,0.017656822623585203],[-0.06924665773801278,0.01694038424647929],[-0.06907154158430391,0.016226243686284492],[-0.06887100006581977,0.01551518675242978],[-0.06864649175721262,0.014807954215700773],[-0.06839951943803989,0.014105239513398267],[-0.06813162338338721,0.013407686730917977],[-0.06784437452535916,0.012715888867393126],[-0.06753936751875483,0.012030386391478262],[-0.0672182137446288,0.011351666091764608],[-0.06688253428564504,0.010680160224712515],[-0.06653395290716739,0.01001624596137428],[-0.06617408907788987,0.00936024513256922],[-0.06580455106349754,0.008712424270571072],[-0.06542692912636472,0.008072994943784658],[-0.06504278886364467,0.007442114379331599],[-0.06465366471528855,0.006819886366944383],[-0.06426105367255387,0.006206362436089249],[-0.06386640921643029,0.005601543296811855],[-0.06347113551413158,0.005005380533431744],[-0.06307658190037975,0.004417778538909527],[-0.06268403766865248,0.0038385966764817973],[-0.06229472719588408,0.003267651654009223],[-0.0619098054223135,0.0027047200954191017],[-0.06153035370626942,0.002149541292650722],[-0.06115737607168341,0.0016018201206343717],[-0.06079179586403667,0.0010612300970589692],[-0.060434452828286904,0.0005274165680105448],[-0.06008610062010032,5.2326578344996726e-18],[-0.05974740475944027,-0.0005214206415551574],[-0.059418941033253285,-0.0010372644476713574],[-0.05910119435165495,-0.0015479650754643122],[-0.05879455805966665,-0.0020539672327533846],[-0.05849933370420054,-0.0025557231582147956],[-0.05821573125364798,-0.0030536891175744225],[-0.05794386976510766,-0.0035483219360974067],[-0.05768377849200646,-0.004040075587286416],[-0.0574353984226298,-0.004529397857243618],[-0.057198584237902694,-0.005016727103588676],[-0.05697310667465643,-0.005502489127157197],[-0.0567586552785921,-0.005987094173936771],[-0.05655484152922101,-0.006470934083834893],[-0.05636120231723254,-0.006954379601919778],[-0.05617720375302249,-0.00743777786673703],[-0.05600224528351868,-0.007921450089188261],[-0.055835664092972394,-0.008405689434268353],[-0.055676739762051855,-0.008890759116703532],[-0.055524699158386925,-0.00937689072021876],[-0.05537872153067246,-0.009864282748799247],[-0.05523794377755342,-0.010353099416903494],[-0.055101465861786464,-0.01084346968414294],[-0.05496835633960743,-0.011335486538473915],[-0.05483765797483236,-0.011829206530459812],[-0.05470839340698389,-0.01232464955966295],[-0.05457957084266599,-0.012821798912725838],[-0.054450189739506924,-0.013320601551208115],[-0.05431924645225371,-0.013820968645767142],[-0.05418573981102612,-0.014322776351815588],[-0.05404867660232664,-0.014825866820365779],[-0.05390707692414446,-0.015330049436386975],[-0.053759979387389,-0.01583510227566546],[-0.053606446136929456,-0.01634077376987532],[-0.053445567666702005,-0.016846784568348646],[-0.05327646740466222,-0.017352829583882654],[-0.053098306044804616,-0.01785858020884602],[-0.05291028560503239,-0.01836368668685216],[-0.052711653191330816,-0.018867780624360113],[-0.05250170445046819,-0.019370477625747742],[-0.0522797866953068,-0.019871380034683393],[-0.052045301688746326,-0.020370079764003197],[-0.05179770807432694,-0.02086616119578684],[-0.05153652344358435,-0.02135920413291666],[-0.05126132603235689,-0.021848786783106443],[-0.05097175604038726,-0.022334488756197996],[-0.05066751657072563,-0.022815894055447636],[-0.0503483741876144,-0.02329259404356089],[-0.05001415909370554,-0.02376419036438134],[-0.049664764929618695,-0.024230297801399285],[-0.04930014820097826,-0.024690547054614577],[-0.04892032734015951,-0.02514458741776477],[-0.04852538141201704,-0.025592089338511145],[-0.04811544847485002,-0.026032746844858887],[-0.04769072360976894,-0.026466279821868686],[-0.04725145663345638,-0.02689243612359201],[-0.046797949511050235,-0.027310993506125786],[-0.0463305534875117,-0.02772176136872883],[-0.04584966595736463,-0.02812458229106674],[-0.04535572709409708,-0.028519333355846787],[-0.04484921626179576,-0.02890592724736433],[-0.04433064823272847,-0.02928431311779898],[-0.043800569235597386,-0.029654477214465673],[-0.04325955286004662,-0.030016443262634807],[-0.04270819584372103,-0.030370272599979386],[-0.04214711376873261,-0.03071606406017649],[-0.041576936694795306,-0.031053953604678265],[-0.04099830475653551,-0.03138411370316492],[-0.04041186375257316,-0.03170675246469052],[-0.03981826075389783,-0.03202211252302357],[-0.03921813975883389,-0.032330469681159886],[-0.03861213742150375,-0.03263213132143639],[-0.0380008788801568,-0.03292743458909347],[-0.03738497371104086,-0.03321674435851281],[-0.03676501203265464,-0.03350045099268686],[-0.036141560784238635,-0.033778967907752505],[-0.03551516020124653,-0.03405272895563135],[-0.0348863205092915,-0.03432218563896211],[-0.03425551885669382,-0.03458780417357505],[-0.03362319650427258,-0.03485006241474032],[-0.03298975628943309,-0.03510944666431689],[-0.03235556037991712,-0.035366448376728185],[-0.031720928330805365,-0.03562156078239263],[-0.03108613545651332,-0.03587527544783636],[-0.030451411527599937,-0.03612807879220919],[-0.02981693980023635,-0.036380448580307104],[-0.029182856384161012,-0.036632850412478934],[-0.028549249952896896,-0.036885734231951295],[-0.027916161797930734,-0.0371395308701513],[-0.02728358622647198,-0.03739464865053484],[-0.0266514713003275,-0.03765147007124084],[-0.026019719911358784,-0.03791034858659212],[-0.02538819118694909,-0.03817160550704765],[-0.02475670221689989,-0.038435527036686505],[-0.024125030091223007,-0.03870236146666826],[-0.02349291423639542,-0.038972316542375894],[-0.022860059035820522,-0.039245557021103945],[-0.022226136718492037,-0.03952220243621683],[-0.0215907904982055,-0.039802325082668955],[-0.02095363794410602,-0.040085948237660006],[-0.020314274561918377,-0.04037304462899761],[-0.019672277563878574,-0.04066353516246367],[-0.019027209804182925,-0.040957287918137214],[-0.01837862385570397,-0.04125411742422051],[-0.017726066202788302,-0.04155378421545663],[-0.017069081524167678,-0.04185599468172127],[-0.016407217039372767,-0.042160401210829285],[-0.01574002689155572,-0.042466602628022924],[-0.015067076539294,-0.04277414493301597],[-0.014387947129776275,-0.04308252233386152],[-0.013702239825755963,-0.043391178575300324],[-0.01300958005880092,-0.043699508557642514],[-0.0123096216816731,-0.044006860240642584],[-0.011602050993128875,-0.044312536825259166],[-0.010886590609048718,-0.04461579920465099],[-0.010163003154568364,-0.044915868674262505],[-0.009431094752801013,-0.045211929889398636],[-0.008690718286794297,-0.04550313405729298],[-0.00794177641256336,-0.04578860234933864],[-0.007184224302364367,-0.04606742951788857],[-0.006418072098823584,-0.04633868770084577],[-0.005643387062102956,-0.04660143039616178],[-0.004860295393953948,-0.04685469658735126],[-0.00406898372428592,-0.0470975150002127],[-0.0032697002477321715,-0.04732890847013317],[-0.0024627554996391574,-0.04754789839864372],[-0.0016485227629078752,-0.0477535092772947],[-0.0008274380991840595,-0.047944773256433405],[-1.2430737513389693e-17,-0.048120734736097584],[0.0008332313443814671,-0.048280454955987394],[0.0016716351585076028,-0.048423016561347274],[0.0025145315755684093,-0.048547528121580676],[0.003361183507254491,-0.048653128578531685],[0.004210798883213505,-0.04873899160160234],[0.005062533251539977,-0.04880432982722761],[0.005915492729639089,-0.04884839896070362],[0.006768737292752478,-0.04887050171895366],[0.007621284385450247,-0.048869991593520894],[0.00847211283947352,-0.048846276413889854],[0.009320167079482536,-0.04879882169215939],[0.01016436159652136,-0.04872715373111222],[0.01100358566737634,-0.04863086247884422],[0.011836708296478328,-0.04850960411432712],[0.012662583355594592,-0.048363103349572355],[0.013480054895283308,-0.04819115543543617],[0.014287962600941617,-0.0479936278595509],[0.015085147365286376,-0.04777046172637333],[0.01587045694825632,-0.04752167281090597],[0.016642751694635725,-0.04724735227925664],[0.017400910279161828,-0.046947667070853946],[0.01814383544850951,-0.04662285993881581],[0.018870459729335366,-0.0462732491466738],[0.019579751071524407,-0.04589922782137083],[0.020270718395905427,-0.045501262964171965],[0.02094241701599285,-0.045079894122844556],[0.021593953903771466,-0.0446357317301652],[0.022224492770158685,-0.04416945511549287],[0.022833258931563415,-0.043681810197794296],[0.0234195439348966,-0.043173606870118016],[0.023982709914482796,-0.04264571608707188],[0.024522193655557675,-0.04209906666836392],[0.025037510340418734,-0.04153464183290377],[0.025528256954808343,-0.04095347547932924],[0.025994115333748496,-0.040356648230111015],[0.02643485482780558,-0.039745283257587166],[0.026850334572628646,-0.039120541911391485],[0.02724050534657225,-0.03848361916774699],[0.02760541100326852,-0.03783573892200611],[0.027945189468147866,-0.037178149146615026],[0.02826007329010661,-0.03651211693736868],[0.02855038974177772,-0.03583892347139019],[0.02881656046415881,-0.03515985890072229],[0.02905910065368479,-0.034476217205744994],[0.029278617792182337,-0.0337892910328416],[0.029475809922501525,-0.033100366540816904],[0.02965146347497245,-0.0324107182805264],[0.029806450652168567,-0.031721604132010695],[0.029941726381762544,-0.03103426032313454],[0.030058324849521367,-0.03034989655331973],[0.030157355626694016,-0.029669691245424276],[0.030239999408184438,-0.028994786948172483],[0.030307503379964823,-0.028326285910773227],[0.030361176236156764,-0.02766524585049232],[0.030402382868080648,-0.02701267593296239],[0.03043253874933774,-0.02636953298393652],[0.030453104042632826,-0.025736717950017567],[0.03046557745556172,-0.02511507262463165],[0.030471489873967413,-0.024505376654173464],[0.030472397802704238,-0.023908344837830036],[0.030469876644734672,-0.02332462473310742],[0.03046551385041181,-0.022754794577538075],[0.030460901969567005,-0.022199361535453325],[0.03045763163962291,-0.021658760277065186],[0.03045728454338328,-0.021133351895431564],[0.030461426370409658,-0.020623423165178817],[0.030471599815980643,-0.020129186145142933],[0.030489317651540393,-0.019650778125368293],[0.030516055900279747,-0.019188261917181346],[0.030553247151057228,-0.018741626483348144],[0.030602274043260075,-0.01831078790363191],[0.030664462954429973,-0.01789559066940577],[0.030741077921539278,-0.0174958092993479],[0.03083331482570414,-0.01711115026666741],[0.030942295868868677,-0.016741254226779658],[0.031069064369593658,-0.016385698532885445],[0.031214579903543,-0.016044000025509268],[0.03137971381258783,-0.015715618080731544],[0.03156524510465112,-0.015399957900610772],[0.03177185676450451,-0.015096374028141287],[0.032000132493712224,-0.014804174068038939],[0.03225055389580696,-0.014522622593691059],[0.032523498120587926,-0.014250945219759396],[0.0328192359791664,-0.013988332819183102],[0.03313793053905648,-0.0137339458627032],[0.03347963620623587,-0.01348691885851741],[0.03384429829869004,-0.013246364869282793],[0.0342317531135205,-0.013011380083409713],[0.03464172848725327,-0.012781048417440162],[0.03507384484654102,-0.012554446126273591],[0.035527616744026144,-0.012330646398094792],[0.03600245487173014,-0.012108723911072162],[0.03649766854197587,-0.011887759329225337],[0.0370124686235393,-0.011666843715311757],[0.037545970918485,-0.011445082839144248],[0.03809719996296822,-0.011221601360427548],[0.038665093233207645,-0.010995546865983079],[0.039248505735845686,-0.010766093742116928],[0.03984621496003929,-0.010532446863868046],[0.040456926166864186,-0.010293845083949],[0.04107927798998321,-0.01004956450535292],[0.04171184832003392,-0.009798921522840483],[0.04235316044383361,-0.009541275619835591],[0.043001689408298224,-0.009276031908636625],[0.04365586857791912,-0.009002643403288714],[0.04431409635375688,-0.008720613015948786],[0.044974743021185516,-0.008429495269105827],[0.045636157693069175,-0.008128897717580779],[0.04629667531466999,-0.007818482075819347],[0.04695462369637675,-0.007497965047595693],[0.04760833054031133,-0.0071671188568565415],[0.04825613042700685,-0.006825771480048002],[0.048896371728667155,-0.0064738065818674825],[0.049527423415998625,-0.006111163157968255],[0.050147681726259836,-0.005737834889698956],[0.05075557666099006,-0.005353869217483586],[0.05134957828285616,-0.004959366140923682],[0.051928202782188,-0.0045544767551331175],[0.05249001828505403,-0.004139401534182255],[0.053033650376149696,-0.0037143883738312393],[0.053557787311326925,-0.003279730406961168],[0.05406118489627434,-0.002835763606260407],[0.054542671009653494,-0.002382864189789135],[0.05500114975090142,-0.0019214458460163624],[0.055435605194907145,-0.001451956795802778],[0.0558451047378576,-0.0009748767095772708],[0.05622880202070464,-0.0004907134986291301],[0.056585939418929414,-9.855685630028508e-18]]}},{"type":"Feature","properties":{"kind":"contour","demo":true,"depth_m":30},"geometry":{"type":"LineString","coordinates":[[0.060316906917291704,0.0],[0.06066857009396173,0.0005294597291379379],[0.060990599020515006,0.0010647005635922642],[0.06128248104505092,0.001605096841716987],[0.061543803937715066,0.002150011171761547],[0.06177425613801615,0.002698798208398822],[0.061973626519273003,0.0032508084121448968],[0.062141803675482485,0.0038053917700738714],[0.06227877473833395,0.004361901456599624],[0.06238462373447842,0.004919697413582567],[0.06245952949548099,0.005478149829620076],[0.06250376313512952,0.006036642499090706],[0.06251768511092948,0.0065945760423403825],[0.06250174188867434,0.007151370969318413],[0.06245646223093083,0.007706470569987417],[0.06238245313210813,0.00825934361593765],[0.062280395424483215,0.008809486858826793],[0.062151039081119006,0.009356427312534011],[0.061995198243031215,0.009899724307254585],[0.06181374599922738,0.010438971305161299],[0.061607608949349794,0.010973797468712743],[0.061377761579598296,0.011503868974188787],[0.06112522048338437,0.012028890064570828],[0.06085103845877138,0.012548603837450824],[0.060556298515183765,0.01306279276523892],[0.06024210782211922,0.013571278946536751],[0.059909591632671774,0.014073924089142216],[0.05955988721457005,0.014570629226743383],[0.05919413782115504,0.015061334172934922],[0.05881348673426744,0.015546016717741178],[0.05841907141038966,0.016024691573347266],[0.058012017760594975,0.01649740907721449],[0.05759343459390178,0.016964253662180913],[0.05716440825251892,0.017425342104514133],[0.056725997466207864,0.01788082156218337],[0.05627922845158164,0.018330867416844435],[0.05582509028062385,0.018775680934178106],[0.055364530541044794,0.019215486758281747],[0.054898451309312465,0.019650530256781568],[0.05442770545530914,0.020081074734202318],[0.053953093295582004,0.0205073985318973],[0.05347535961009046,0.020929792033501364],[0.052995191035213454,0.021348554595417797],[0.05251321384358128,0.021763991422284967],[0.05202999211904792,0.022176410407686826],[0.051546026332837024,0.022586118960571878],[0.05106175232458776,0.02299342083792637],[0.050577540689710154,0.02339861300420915],[0.05009369657214491,0.023801982537897556],[0.049610459859324815,0.02420380360521792],[0.049128005773862955,0.024604334520740262],[0.048646445854263996,0.025003814914009395],[0.048165829314776705,0.025402463020764272],[0.0476861447723943,0.025800473116569075],[0.04720732232697289,0.02619801310984695],[0.04672923597848975,0.02659522231037453],[0.04625170636361369,0.026992209388268615],[0.04577450379201708,0.02738905053738056],[0.045297351561235585,0.027785787855815765],[0.044819929527383534,0.028182427955021586],[0.04434187790767024,0.02857894080754459],[0.043862801289440825,0.02897525884215396],[0.043382272819393254,0.02937127629357132],[0.04289983854570363,0.029766848812545023],[0.042415021885033447,0.03016179334046823],[0.04192732818579444,0.030555888251173887],[0.04143624935861686,0.030948873760953323],[0.040941268544703924,0.03134045260625008],[0.04044186479266135,0.031730290986882535],[0.03993751771446704,0.03211801977105997],[0.0394277120914906,0.03250323595688418],[0.03891194240188369,0.03288550438348114],[0.03838971724123847,0.03326435968339527],[0.03786056360914856,0.03363930846640916],[0.0373240310352004,0.03400983172353315],[0.03677969551896816,0.03437538743855073],[0.036227163259775076,0.03473541339321418],[0.035666074153313417,0.0350893301509679],[0.035096105033673795,0.03543654420294162],[0.034516972640916486,0.03577645125890892],[0.03392843629601199,0.03610843966495323],[0.033330300266776254,0.036431893928731036],[0.03272241581031764,0.03674619833247363],[0.03210468287948641,0.03705074061323019],[0.03147705148286285,0.03734491568932946],[0.030839522689924594,0.037628129411628075],[0.03019214927518646,0.037899802317823646],[0.029535035997293454,0.03815937336794154],[0.028868339511258445,0.03840630363905775],[0.028192267914256983,0.03864007995739603],[0.027507079927610808,0.038860218446136685],[0.026813083719795332,0.039066267967595374],[0.026110635377483468,0.039257813438872025],[0.02540013703377501,0.039434479000630504],[0.024682034664846007,0.039595931019345804],[0.023956815568274267,0.03974188090414435],[0.023225005538242995,0.0398720877202606],[0.02248716575468528,0.03998636058213416],[0.02174388940519462,0.040084560810271806],[0.020995798060182976,0.040166603837191873],[0.0202435378233077,0.04023246084904849],[0.019487775280602488,0.04028216015089272],[0.018729193273028872,0.04031578824496086],[0.017968486518304252,0.04033349061287778],[0.017206357108855118,0.04033547219421908],[0.01644350991358306,0.040321997555479244],[0.015680647911811976,0.04029339074513876],[0.014918467488303402,0.04025003483219853],[0.014157653718579494,0.04019237112724908],[0.01339887567397832,0.040120898086854456],[0.012642781775881991,0.04003616990374661],[0.011889995228404367,0.0399387947870375],[0.011141109558502197,0.03982943293835296],[0.010396684291983689,0.039708794231465165],[0.009657240793232725,0.03957763560464097],[0.008923258295650077,0.039436758176522],[0.008195170148838412,0.039287004097899966],[0.00747336030743062,0.03912925315324022],[0.006758160085188106,0.03896441912722774],[0.0060498451965822955,0.03879344595295695],[0.005348633106527901,0.0386173036596504],[0.004654680707267825,0.03843698413896641],[0.003968082339626386,0.03825349675003369],[0.0032888681739591144,0.038067863784327596],[0.0026170029641448683,0.03788111581237067],[0.0019523851858988881,0.03769428693499621],[0.0012948465685462623,0.03750840996255199],[0.0006441520271951622,0.037324511545939194],[3.1983609212481083e-18,0.03714360728377551],[-0.0006379768070802158,0.03696669683023859],[-0.001270210267932688,0.03679475902828582],[-0.0018971952785749413,0.036628747092955945],[-0.002519487798614998,0.03646958386933891],[-0.003137702498734215,0.036318157189551],[-0.0037525100233154157,0.03617531535267509],[-0.004364633879575577,0.03604186275112193],[-0.004974846966745805,0.03591855566623947],[-0.005583967760960225,0.03580609825524783],[-0.006192856173557891,0.035705138750709756],[-0.006802409102455495,0.03561626589276526],[-0.007413555698103989,0.03554000561327016],[-0.008027252367287196,0.03547681798978525],[-0.008644477539646185,0.03542709448607362],[-0.009266226223309774,0.03539115549438403],[-0.009893504377370953,0.03536924819333473],[-0.010527323130162265,0.03536154473367339],[-0.011168692873344925,0.035368140762582066],[-0.011818617262728542,0.0353890542955297],[-0.012478087157476428,0.03542422494295712],[-0.01314807452992118,0.03547351349732065],[-0.013829526378611503,0.03553670188422755],[-0.014523358677433535,0.035613493479581475],[-0.01523045039369423,0.03570351379282534],[-0.01595163760792156,0.03580631151453546],[-0.016687707767825393,0.03592135992479062],[-0.017439394108376003,0.03604805865692531],[-0.01820737026929508,0.03618573580948571],[-0.018992245140421235,0.036333650397449305],[-0.019794557964411364,0.03649099513205493],[-0.02061477372507549,0.036656899516926716],[-0.021453278848323303,0.0368304332465735],[-0.022310377241229,0.03701060989181068],[-0.023186286693108567,0.03719639085519574],[-0.024081135660754996,0.03738668957819568],[-0.024994960458103437,0.037580375980524335],[-0.025927702868608214,0.0377762811109058],[-0.02687920819651826,0.03797320198744237],[-0.027849223771046698,0.03816990660479892],[-0.028837397915157135,0.03836513908456439],[-0.02984327938834228,0.03855762494441873],[-0.03086631731036734,0.038746076461127196],[-0.03190586157049787,0.038929198101902304],[-0.03296116372424731,0.0391056919983233],[-0.03403137837717288,0.0392742634367829],[-0.03511556505273629,0.03943362633934462],[-0.03621269053873698,0.03958250870893918],[-0.03732163170433883,0.039719658013008044],[-0.03844117877725474,0.039843846480012206],[-0.03957003906824329,0.039953876283665424],[-0.04070684112772109,0.040048584590320166],[-0.04185013931701155,0.040126848445627604],[-0.042998418774554896,0.04018758947740864],[-0.04415010075530064,0.040229778392604616],[-0.045303548319507024,0.04025243924722025],[-0.0464570723452929,0.04025465346932274],[-0.04760893783753434,0.04023556361641114],[-0.048757370504083054,0.04019437684981645],[-0.04990056356881262,0.0401303681102241],[-0.051036684789681305,0.040042882979922576],[-0.05216388364884497,0.03993134021896469],[-0.053280298680861496,0.03979523396407403],[-0.054384064904213714,0.03963413558083025],[-0.055473321320735756,0.03944769516141211],[-0.05654621844706931,0.03923564266196119],[-0.05760092584199963,0.038997788675437725],[-0.058635639593430794,0.03873402483766828],[-0.059648589728854035,0.03844432386612016],[-0.060638047513443975,0.038128739232771706],[-0.06160233260038236,0.03778740447427028],[-0.06253981999865621,0.03742053214437255],[-0.06344894682440397,0.03702841241543382],[-0.06432821880288375,0.03661141133744684],[-0.06517621648931014,0.03616996876481516],[-0.06599160117814074,0.03570459596267507],[-0.06677312047188624,0.0352158729061425],[-0.06751961348216087,0.034704445287351345],[-0.06823001563747208,0.03417102124655815],[-0.06890336307416547,0.03361636784490843],[-0.06953879658897748,0.033041307297685445],[-0.0701355651337975,0.032446712987986445],[-0.07069302883549246,0.03183350528178852],[-0.07121066152598332,0.031202647166271986],[-0.07168805277018002,0.030555139734057563],[-0.07212490938186036,0.029892017536682507],[-0.07252105642010966,0.02921434383118551],[-0.07287643766150624,0.028523205744088925],[-0.07319111554583368,0.027819709377357678],[-0.07346527059570392,0.027104974881075446],[-0.07369920031308051,0.026380131517610428],[-0.07389331755827824,0.025646312741945055],[-0.07404814841957298,0.024904651322617263],[-0.07416432958407353,0.024156274527366916],[-0.07424260522296623,0.023402299397102647],[-0.07428382340663625,0.02264382813120283],[-0.07428893206748127,0.021881943606445714],[-0.07425897453045234,0.021117705051029414],[-0.07419508463347158,0.020352143894199735],[-0.07409848146187685,0.01958625981095595],[-0.07397046372291813,0.018821016980159],[-0.07381240378806977,0.018057340573128862],[-0.07362574143251935,0.01729611348849514],[-0.07341197730263704,0.016538173347664636],[-0.07317266614351389,0.015784309763798902],[-0.07290940981977587,0.01503526189566342],[-0.07262385016382734,0.014291716296123783],[-0.07231766168644774,0.013554305063434219],[-0.0719925441852559,0.012823604301797695],[-0.07165021528696396,0.012100132895983943],[-0.07129240295956452,0.011384351603081221],[-0.07092083803063264,0.010676662462739081],[-0.07053724674777463,0.00997740852554166],[-0.07014334341692269,0.00928687389744374],[-0.06974082315365834,0.008605284096514138],[-0.06933135478205225,0.007932806716571338],[-0.06891657391463744,0.007269552390675388],[-0.06849807624609108,0.006615576045863825],[-0.06807741109199329,0.005970878438998835],[-0.06765607520266759,0.005335407962134675],[-0.06723550688059095,0.004709062704426447],[-0.06681708042820456,0.004091692756291406],[-0.06640210095116432,0.003483102740308584],[-0.06599179954015462,0.002883054552208207],[-0.06558732885236074,0.002291270294265293],[-0.06518975911156344,0.001707435382476439],[-0.06480007454359714,0.0011312018080717997],[-0.0644191702616113,0.0005621915331971588],[-0.06404784961320666,5.577670685943793e-18],[-0.06368682199909462,-0.0005558002681301421],[-0.06333670117046523,-0.0011056559947802125],[-0.0629980040097562,-0.0016500294300453948],[-0.06267114979700925,-0.002189394603347508],[-0.06235645996149137,-0.0027242335715087634],[-0.062054158315761825,-0.0032550326839226634],[-0.06176437176689352,-0.003782278886414939],[-0.06148713149712436,-0.004306456085019217],[-0.061222374603829934,-0.004828041590405263],[-0.06096994618638988,-0.005347502663097741],[-0.06072960186527549,-0.0058652931789115745],[-0.060501010716528594,-0.006381850433212018],[-0.06028375860274345,-0.006897592101687933],[-0.06007735187971326,-0.007412913374310531],[-0.059881221456072,-0.007928184278043354],[-0.05969472718156107,-0.008443747202678854],[-0.05951716253798477,-0.008959914642908988],[-0.05934775960549904,-0.009476967168400073],[-0.05918569427561182,-0.009995151632241859],[-0.059030091681163875,-0.010514679626687149],[-0.05888003181261522,-0.011035726193598107],[-0.058734555289187064,-0.011558428795477943],[-0.05859266925280552,-0.012082886551400473],[-0.05845335335236572,-0.012609159740564093],[-0.05831556578558352,-0.013137269574599469],[-0.05817824936562831,-0.013667198238161692],[-0.0580403375798342,-0.01419888919574559],[-0.057900760608067,-0.014732247761087289],[-0.057758451268777815,-0.01526714192396441],[-0.057612350861400895,-0.015803403427689967],[-0.05746141487454379,-0.016340829089120164],[-0.057304618530375044,-0.01687918235157185],[-0.057140962136723664,-0.017418195059678995],[-0.0569694762196681,-0.017957569443917812],[-0.05678922641079542,-0.018496980301303236],[-0.056599318064850475,-0.019036077357613174],[-0.05639890058515947,-0.019574487795436985],[-0.05618717143599232,-0.02011181893137757],[-0.055963379822915764,-0.020647661024866894],[-0.05572683002417043,-0.021181590200288727],[-0.05547688435817204,-0.02171317146344257],[-0.055212965774375344,-0.022241961792834556],[-0.05493456005693914,-0.022767513285846246],[-0.05464121763287869,-0.02328937633951395],[-0.05433255497867471,-0.023807102845450644],[-0.054008255621615556,-0.024320249378361577],[-0.05366807073446595,-0.024828380357643027],[-0.053311819324369,-0.02533107116171137],[-0.052939388019188245,-0.025827911174986187],[-0.052550730456766725,-0.02631850674784422],[-0.052145866284809786,-0.026802484050369346],[-0.05172487978127631,-0.027279491801343234],[-0.05128791810727494,-0.027749203854650444],[-0.05083518920649814,-0.028211321626103906],[-0.050366959367174814,-0.028665576344629694],[-0.049883550464373254,-0.029111731112776734],[-0.04938533690222719,-0.02954958276263296],[-0.048872742277282895,-0.02997896349442771],[-0.04834623578566184,-0.030399742286373942],[-0.04780632839809802,-0.030811826065646798],[-0.04725356882812839,-0.031215160631798588],[-0.046688539319789585,-0.03160973132536737],[-0.04611185128209113,-0.031995563435938186],[-0.0455241407982959,-0.03237272234545486],[-0.04492606403863508,-0.03274131340414683],[-0.04431829260551568,-0.03310148153802112],[-0.04370150884054184,-0.03345341058846579],[-0.04307640112276405,-0.033797322386108226],[-0.04244365918749544,-0.03413347556266118],[-0.04180396949478929,-0.034462164106062246],[-0.041158010676260334,-0.03478371566575923],[-0.04050644908835657,-0.03509848961650653],[-0.039849934499451165,-0.03540687489050787],[-0.039189095937230516,-0.03570928758915734],[-0.038524537721809284,-0.03600616838699183],[-0.03785683570881358,-0.03629797974175684],[-0.03718653376534419,-0.036585202925706786],[-0.0365141405002731,-0.03686833489439505],[-0.035840126268745554,-0.03714788501025593],[-0.03516492046906307,-0.03742437163923443],[-0.0344889091483284,-0.037698318639571946],[-0.03381243293133733,-0.0379702517626043],[-0.033135785285232776,-0.03824069498606702],[-0.032459211130388244,-0.038510166800929474],[-0.03178290580588495,-0.03877917647318643],[-0.031107014395793414,-0.039048220302328365],[-0.030431631420283944,-0.03931777789837847],[-0.029756800893378177,-0.03958830849943288],[-0.029082516746934076,-0.03986024735156392],[-0.028408723618237996,-0.04013400217274673],[-0.027735317996371644,-0.040409949722149896],[-0.02706214972034807,-0.0406884324956875],[-0.02638902381987018,-0.040969755568170965],[-0.025715702687483806,-0.041254183601721534],[-0.025041908568872336,-0.04154193803931706],[-0.024367326356096862,-0.04183319450144734],[-0.023691606666722844,-0.042128080402853395],[-0.023014369190013984,-0.0424266728052237],[-0.022335206279715518,-0.04272899652052921],[-0.021653686771411017,-0.0430350224783983],[-0.020969360001022654,-0.043344666369572536],[-0.02028175999974226,-0.043657787576052536],[-0.0195904098395436,-0.043974188397044166],[-0.018894826102430387,-0.04429361357826058],[-0.018194523445739127,-0.044615750150531],[-0.01748901923513162,-0.04494022758202314],[-0.01677783821639691,-0.045266618246708884],[-0.016060517196826624,-0.045594438210005084],[-0.015336609706744865,-0.045923148330808974],[-0.014605690611757384,-0.04625215567743045],[-0.013867360646437338,-0.046580815253214086],[-0.013121250840490142,-0.0469084320259452],[-0.012367026808927118,-0.04723426325346294],[-0.011604392878436318,-0.0475575210962615],[-0.010833096022952612,-0.047877375506263996],[-0.010052929582407194,-0.04819295737940354],[-0.00926373673976011,-0.04850336195815892],[-0.008465413732696317,-0.04880765246876934],[-0.007657912777775614,-0.04910486397650676],[-0.006841244686373595,-0.04939400744111997],[-0.006015481153419583,-0.04967407395338985],[-0.00518075670171861,-0.04994403913265774],[-0.004337270266535979,-0.05020286766421107],[-0.003485286407102265,-0.050449517954544394],[-0.0026251361337670206,-0.050682946881755536],[-0.0017572173416650519,-0.050902114617700646],[-0.0008819948439631284,-0.051105989498012],[-1.3250352388027874e-17,-0.051293552915689974],[0.0008881700640780423,-0.051463804213712605],[0.0017818536422785935,-0.05161576555196681],[0.002680326041090935,-0.05174848672379581],[0.003582801572632102,-0.05186104989757615],[0.004488435941760849,-0.05195257425898771],[0.0053963290180295475,-0.052022220530016344],[0.006305527981111801,-0.05206919534123435],[0.007215030826155654,-0.0520927554345309],[0.008123790213397649,-0.05209221167421588],[0.009030717644326496,-0.05206693284528733],[0.0099346879447352,-0.05201634921863387],[0.01083454403314159,-0.05193995586403335],[0.011729101951315463,-0.051837315693000756],[0.01261715613202283,-0.05170806221482886],[0.013497484877601,-0.051551901990544075],[0.014368856021621362,-0.05136861677096345],[0.01523003274467941,-0.0511580653065782],[0.016079779514294422,-0.050920184818595],[0.016916868117994612,-0.050654992122133743],[0.01774008375792966,-0.050362584394297034],[0.0185482311747791,-0.05004313958158677],[0.019340140768332067,-0.049696916442934364],[0.020114674681888618,-0.04932425422642877],[0.020870732817591244,-0.048925571979654324],[0.021607258749926264,-0.04850136749538649],[0.02232324550494571,-0.048052215896222786],[0.023017741173249107,-0.047578767863539956],[0.023689854325423615,-0.04708174751796109],[0.02433875919947723,-0.04656194996027178],[0.02496370063079722,-0.04602023848344059],[0.025563998696332607,-0.04545754146806085],[0.02613905304601652,-0.04487484897513443],[0.026688346895917578,-0.04427320905165074],[0.027211450659221224,-0.0436537237658716],[0.02770802519289016,-0.04301754499060581],[0.028177824639728052,-0.04236586995403519],[0.028620698847558728,-0.04169993657883947],[0.02903659534933053,-0.041021018631441045],[0.029425560890144357,-0.04033042070416104],[0.02978774248947947,-0.039629473053926244],[0.03012338802923511,-0.03891952632190131],[0.030432846360612515,-0.038201946159024835],[0.030716566925311627,-0.03747810778291219],[0.030975098889003776,-0.03674939049193565],[0.031209089787546274,-0.0360171721625143],[0.03141928368891864,-0.03528282375573333],[0.031606518876367624,-0.03454770385936382],[0.03177172506073619,-0.033813153291179635],[0.03191592013240729,-0.03308048978915265],[0.03204020646570363,-0.03235100281367128],[0.032145766790936496,-0.031625948486354534],[0.03223385965157712,-0.03090654468934346],[0.03230581446622252,-0.030193966348133927],[0.03236302621713024,-0.02948934092008588],[0.03240694978909265,-0.02879374410969679],[0.03243909398430211,-0.02810819583057908],[0.032461015240609674,-0.027433656432829263],[0.032474311082196804,-0.02677102321313001],[0.03248061333314985,-0.026121127223497083],[0.03248158112574407,-0.025484730393068186],[0.03247889373640079,-0.024862522975751235],[0.03247424328327103,-0.024255121334900424],[0.03246932732021578,-0.023663066074490507],[0.03246584136259358,-0.023086820524511],[0.03246547138072543,-0.022526769586522],[0.03246988629718318,-0.02198321894350098],[0.0324807305241384,-0.021456394636284272],[0.032499616576914185,-0.020946443007071245],[0.03252811779960138,-0.020453431008623832],[0.03256776123813609,-0.01997734687597321],[0.03262002069558805,-0.019518101155640982],[0.032686310003582957,-0.019075528085611547],[0.03276797654278082,-0.018649387317557404],[0.03286629504416086,-0.01823936597113573],[0.03298246170152849,-0.017845081008544466],[0.03311758862416673,-0.01746608191596501],[0.03327269865691289,-0.017101853677027407],[0.033448720593157594,-0.016751820022026333],[0.03364648480434753,-0.016415346935295692],[0.033866719307536416,-0.016091746401923488],[0.0341100462903786,-0.01578028037386575],[0.034376979110710866,-0.015480164934499444],[0.03466791978552838,-0.015190574639750556],[0.034983156981746595,-0.01491064701314323],[0.03532286451866002,-0.01463948717144873],[0.035687100389479115,-0.014376172557066854],[0.03607580630675625,-0.014119757752855018],[0.03648880777391873,-0.013869279354828372],[0.03692581468252099,-0.013623760877993779],[0.03738642243222425,-0.013382217670548735],[0.037870113567926016,-0.013143661811773684],[0.03837625992590134,-0.01290710696917404],[0.038904125278303524,-0.012671573190780768],[0.0394528684629097,-0.01243609160899856],[0.04002154698260635,-0.012199709032990318],[0.040609121056795525,-0.011961492407307074],[0.041214458104686415,-0.011720533115305264],[0.04183633763831896,-0.011475951106837511],[0.04247345654116838,-0.011226898830749659],[0.043124434706303894,-0.010972564953863227],[0.043787821006334465,-0.010712177849360141],[0.044462099565780726,-0.010445008838808775],[0.04514569630506567,-0.010170375173471602],[0.04583698572403562,-0.009887642742004132],[0.04653429789180101,-0.00959622849318791],[0.04723592560874408,-0.009295602563925004],[0.0479401317057658,-0.008985290104352681],[0.04864515644525775,-0.00866487279360222],[0.04934922498787524,-0.008333990041419222],[0.050050554888965704,-0.00799233987257346],[0.05074736358847116,-0.007639679492703932],[0.051437875858269665,-0.007275825535964019],[0.052120331171257396,-0.006900653996537272],[0.05279299095698571,-0.0065140998477838385],[0.05345414570936554,-0.006116156354435027],[0.05410212191282059,-0.005706874084877045],[0.05473528875431395,-0.005286359632138477],[0.055352064589877584,-0.004854774053718987],[0.05595092313564073,-0.004412331041853176],[0.05653039935486739,-0.003959294837192403],[0.05708909501417146,-0.0034959779001974326],[0.05762568388387052,-0.0030227383557589883],[0.05813891655935287,-0.002539977227699407],[0.05862762488236354,-0.002048135480843775],[0.059090725943243654,-0.0015476908892859767],[0.05952722564738311,-0.0010391547503006949],[0.059936221831445056,-0.0005230684640709597],[0.06031690691729169,-1.050551566090384e-17]]}},{"type":"Feature","properties":{"kind":"contour","demo":true,"depth_m":50},"geometry":{"type":"LineString","coordinates":[[0.06658561967762876,0.0],[0.06697383107196445,0.0005844862735972342],[0.06732932834005337,0.0011753544805459448],[0.06765154555028158,0.0017719139344277446],[0.06794002762990566,0.002373460999614457],[0.0681944306380732,0.002979283260289214],[0.06841452150578889,0.003588663670581262],[0.06860017724866682,0.004200884661973223],[0.06875138366099785,0.004815232184546484],[0.06886823350229027,0.0054309996591670635],[0.06895092419000441,0.0060474918183773384],[0.06899975501467905,0.006664028414544444],[0.06901512389602847,0.007279947774719136],[0.0689975237008631,0.007894610182674336],[0.06894753814583826,0.008507401069714229],[0.06886583731005684,0.009117733997066325],[0.06875317278443054,0.009725053413983113],[0.06861037248643202,0.010328837177079527],[0.06843833517043725,0.010928598817908823],[0.06823802466525598,0.011523889547324957],[0.0680104638716722,0.012114299986784552],[0.06775672855385889,0.012699461618397618],[0.06747794095938674,0.013279047947233235],[0.06717526330321386,0.013852775371115645],[0.06684989115151449,0.014420403754896885],[0.0665030467414831,0.014981736707955206],[0.0661359722733317,0.015536621565433534],[0.06574992321058322,0.01608494907548949],[0.0653461616244553,0.01662665279656797],[0.06492594961762728,0.01716170821041915],[0.06449054286199296,0.017690131558259846],[0.06404118428412715,0.018211978409104202],[0.06357909793113976,0.018727341970862427],[0.06310548304836444,0.01923635115631435],[0.06262150839893643,0.0197391684174999],[0.06212830685376366,0.02023598736342241],[0.061626970278697665,0.020727030177226866],[0.061118544743872245,0.0212125448501846],[0.060604026078213136,0.02169280225088413],[0.060084355790038915,0.02216809304898742],[0.05956041737248539,0.022638724513756755],[0.0590330330102045,0.02310501720828561],[0.05850296070142795,0.023567301600972253],[0.05797089180705777,0.02402591461625484],[0.05743744903596432,0.02448119614697818],[0.05690318487315155,0.02493348555098366],[0.05636858045490341,0.025383118154603382],[0.05583404489246726,0.02583042178569732],[0.05529991504327532,0.026275713358697706],[0.054766455726168284,0.026719295533820523],[0.054233860374577544,0.027161453472168934],[0.053702252119161284,0.0276024517078935],[0.0531716852889861,0.028042531157888923],[0.05264214731801374,0.02848190628870349],[0.05211356104140541,0.02892076245941769],[0.051585787364004876,0.02935925345821926],[0.05105862828131944,0.029797499249268115],[0.05053183023139476,0.030235583945213057],[0.05000508775418659,0.030673554019399266],[0.04947804743337931,0.03111141677039926],[0.048950312094096206,0.031549139050018],[0.048421445228598446,0.03198664626437285],[0.04789097562088572,0.03242382165604103],[0.04735840214009702,0.032860505873609114],[0.046823198671772155,0.0332964968332602],[0.04628481915537499,0.03373154987530558],[0.04574270269600448,0.03416537821681643],[0.045196278717929424,0.034597653699750056],[0.04464497212747899,0.03502800783220132],[0.044088208452905654,0.035456033118655576],[0.04352541892910641,0.0358812846733835],[0.042956045495543146,0.03630328210941007],[0.04237954567633835,0.036721511693820416],[0.04179539731233671,0.03713542875854303],[0.04120310311590918,0.0375444603541851],[0.04060219502042999,0.0379480081329948],[0.03999223829767065,0.0383454514455998],[0.03937283541782228,0.03873615063482783],[0.03874362962846777,0.039119450508661766],[0.038104308230571655,0.03949468397322611],[0.03745460553142615,0.03986117580564983],[0.03679430545647717,0.04021824654570865],[0.03612324380404201,0.04056521648432479],[0.035441310129109435,0.040901409726296224],[0.03474844924467084,0.04122615830404812],[0.03404466233135425,0.04153880631874689],[0.03333000764850937,0.041838714084797606],[0.032604600842306576,0.042125262253558525],[0.031868614848853526,0.04239785589205499],[0.031122279392784558,0.04265592849255909],[0.030365880084228115,0.042898945889120764],[0.029599757119489842,0.04312641005749098],[0.028824303593192567,0.04333786277536473],[0.028039963431973288,0.04353288912049074],[0.027247228962139214,0.043711120784941035],[0.02644663812591654,0.04387223918470439],[0.025638771363074183,0.044015978344758476],[0.024824248176758185,0.044142127540880566],[0.02400372340431875,0.04425053368067144],[0.023177883215739863,0.04434110340758386],[0.022347440863981598,0.04441380491316012],[0.021513132213105805,0.04446866944418426],[0.020675711071470496,0.04450579249303646],[0.01983594435853622,0.04452533466119051],[0.018994607134923253,0.04452752218751265],[0.01815247752628496,0.04451264713479063],[0.01731033157231394,0.04448106722973792],[0.016468938032770112,0.04443320535356821],[0.015629053182809143,0.0443695486821107],[0.01479141563009398,0.044290647476326966],[0.013956741186189676,0.04419711352598479],[0.013125717824572131,0.044089618251133444],[0.01229900075722469,0.04396889046789787],[0.01147720766125596,0.043835713826956266],[0.01066091408624819,0.043690923934876245],[0.009850649072143773,0.04353540517024936],[0.009046891006401632,0.043370087208272734],[0.008250063747910858,0.04319594126907024],[0.007460533043743677,0.04301397610661506],[0.00667860326326968,0.04282523375660228],[0.005904514472447885,0.042630785063015625],[0.005138439869271198,0.04243172500442905],[0.004380483599369249,0.04222916784227436],[0.0036306789686909213,0.04202424211438375],[0.0028889870679993674,0.04181808549807478],[0.002155295821630256,0.04161183956787958],[0.001429419470602644,0.04140664447372511],[0.0007110984977430025,0.041203633565942845],[3.5307653322813865e-18,0.04100392799392122],[-0.0007042814893946915,0.040808631305509144],[-0.0014022227288140012,0.040618824074433235],[-0.0020943700486267596,0.04043555858300178],[-0.0027813371891075916,0.04025985358723731],[-0.003463802703423554,0.04009268919130384],[-0.004142506935768271,0.03993500185767922],[-0.0048182485871833885,0.03978767957896566],[-0.005491880884017567,0.039651557236538536],[-0.006164307366312353,0.03952741217040495],[-0.006836477315659015,0.03941595998368669],[-0.0075093808442271365,0.039317850604058346],[-0.008184043668713949,0.039233664623269694],[-0.008861521594889664,0.039163909934564096],[-0.009542894740208767,0.03910901868638186],[-0.010229261523609286,0.03906934456921399],[-0.010921732453122893,0.03904516045085673],[-0.011621423743257872,0.03903665637361823],[-0.012329450795289217,0.039043937925255116],[-0.013046921574585865,0.039067024993577046],[-0.013774929919919967,0.03910585091276136],[-0.014514548820331964,0.03916026200747829],[-0.015266823695562723,0.039230017538948024],[-0.016032765716309384,0.03931479005504681],[-0.016813345200610473,0.03941416614455909],[-0.01760948512251922,0.0395276475936477],[-0.018422054768880793,0.039654652940594115],[-0.019251863579491785,0.03979451942285798],[-0.020099655205189075,0.03994650530852776],[-0.020966101817496245,0.0401097926022947],[-0.021851798702350524,0.040283490114189545],[-0.02275725916914912,0.040466636877485494],[-0.02368290980489676,0.04065820590040215],[-0.02462908610161208,0.0408571082345521],[-0.025596028483370267,0.041062197341463096],[-0.026583878757429038,0.041272273736994894],[-0.027592677011816735,0.04148608989205518],[-0.02862235897956467,0.04170235536671494],[-0.029672753887452313,0.04191974215363405],[-0.030743582804715817,0.042136890205640376],[-0.03183445750466069,0.042352413121366304],[-0.03294487984952861,0.04256490396203817],[-0.03407424170631546,0.04277294117184452],[-0.035221825398530124,0.04297509457377732],[-0.03638680469614059,0.04316993141245384],[-0.03756824634318729,0.04335602241518336],[-0.038765112119769775,0.043531947842447856],[-0.03997626143234391,0.04369630349901561],[-0.04120045442352103,0.043847706677104685],[-0.042436355589849074,0.04398480200335584],[-0.043682537893394754,0.04410626716186113],[-0.044937487350350976,0.04421081846612267],[-0.046199608077373736,0.044297216253581365],[-0.04746722777392842,0.04436427007725547],[-0.0487386036166033,0.044410843670057605],[-0.05001192853914366,0.04443585965851132],[-0.051285337869885816,0.04443830400385881],[-0.05255691629633502,0.0444172301499323],[-0.05382470512484764,0.0443717628586472],[-0.05508670980175461,0.04430110171555534],[-0.056340907660808945,0.044204524289566095],[-0.05758525586056406,0.044081388932689806],[-0.05881769947419586,0.0439311372074758],[-0.06003617969338086,0.04375329593169453],[-0.06123864210713506,0.0435474788317405],[-0.06242304501601144,0.04331338779820175],[-0.06358736774174922,0.043050813739038275],[-0.06472961889236745,0.042759637027830075],[-0.06584784454280043,0.042439827546581405],[-0.06694013629148236,0.04209144432459263],[-0.06800463915380142,0.04171463477692307],[-0.06903955925405836,0.041309633547958975],[-0.0700431712784776,0.040876760967556096],[-0.07101382565292244,0.040416421129141025],[-0.071949955410261,0.039929099601015046],[-0.07285008271380265,0.03941536078390191],[-0.07371282500487246,0.03887584492950658],[-0.07453690074440453,0.03831126483649621],[-0.0753211347204037,0.03772240224186974],[-0.07606446289523953,0.03711010392714028],[-0.07676593676898623,0.036475277560106836],[-0.0774247272373941,0.03581888729423348],[-0.07804012792556339,0.03514194914877661],[-0.07861155798097047,0.034445526193800986],[-0.07913856431216545,0.03373072356509544],[-0.0796208232621957,0.032998683334737565],[-0.08005814170860504,0.032250579263658014],[-0.0804504575846934,0.03148761146301729],[-0.08079783981958683,0.03071100099152888],[-0.08110048769754236,0.029921984416040544],[-0.08135872963978738,0.029121808362720762],[-0.08157302141504914,0.02831172408608903],[-0.08174394378775417,0.027492982082878436],[-0.0818721996156557,0.026666826777328165],[-0.08195861041136313,0.025834491303975592],[-0.08200411238488801,0.024997192413353325],[-0.08200975198687481,0.024156125525203513],[-0.08197668097463238,0.023312459952900405],[-0.08190615102541869,0.022467334321731598],[-0.08179950792363831,0.021621852202531613],[-0.08165818535068238,0.020777077980896744],[-0.08148369830806072,0.019934032980843716],[-0.0812776362062382,0.019093691860314534],[-0.08104165565318065,0.018256979294384204],[-0.08077747297803392,0.017424766960404132],[-0.08048685652659375,0.016597870837623846],[-0.08017161876626999,0.01577704883208219],[-0.07983360823909845,0.014962998735759988],[-0.07947470140200574,0.014156356527146752],[-0.07909679439398251,0.013357695018505237],[-0.0787017947700652,0.012567522853229325],[-0.07829161324206793,0.011786283854793536],[-0.07786815546584176,0.011014356726896265],[-0.07743331391447006,0.010252055102514071],[-0.07698895987623978,0.00949962793772127],[-0.0765369356154605,0.008757260244296945],[-0.07607904673324194,0.008025074153352203],[-0.07561705476419064,0.007303130300470302],[-0.07515267004365458,0.006591429521173824],[-0.07468754487863832,0.005889914843923224],[-0.07422326705383782,0.00519847376631899],[-0.07376135370241442,0.004516940798733539],[-0.07330324556914904,0.003845100258246259],[-0.07285030169150378,0.0031826892945028963],[-0.07240379452187849,0.0025294011279756072],[-0.07196490551199669,0.0018848884800674323],[-0.07153472117790236,0.001248767173591946],[-0.07111422966150767,0.0006206198813672497],[-0.07070431780201816,6.157355838729869e-18],[-0.07030576872788628,-0.0006135643745987272],[-0.06991925997722538,-0.0012205663938251426],[-0.06954536215186459,-0.0018215163492476779],[-0.06918453810745788,-0.002416937535982255],[-0.06883714267929143,-0.003007362110829797],[-0.06850342294067702,-0.003593326969287792],[-0.06818351898809044,-0.0041753696652729235],[-0.06787746524452755,-0.004754024396985359],[-0.06758519226991852,-0.00532981808180779],[-0.06730652906488153,-0.0059032665424701295],[-0.06704120585161821,-0.00647487082592484],[-0.06678885731337164,-0.007045113675475022],[-0.066549026271596,-0.007614456175682011],[-0.06632116777783338,-0.008183334588457568],[-0.06610465359527265,-0.008752157397524156],[-0.06589877704308691,-0.009321302577112665],[-0.0657027581749182,-0.00989111509936728],[-0.06551574926131065,-0.010461904693451008],[-0.06533684054449604,-0.011033943867799543],[-0.06516506623271029,-0.01160746620536653],[-0.06499941070017846,-0.012182664940047022],[-0.06483881485804928,-0.012759691820768915],[-0.06468218266089397,-0.013338656268012962],[-0.06452838771291278,-0.013919624825771276],[-0.06437627993771393,-0.014502620910191086],[-0.06422469227544919,-0.015087624854385586],[-0.06407244737120467,-0.015674574247136464],[-0.0639183642188542,-0.01626336456147314],[-0.06376126472508413,-0.016853850067401976],[-0.06359998015898914,-0.017445845021383726],[-0.06343335745351261,-0.018039125123529186],[-0.06326026532606022,-0.018633429231910813],[-0.06307960018684103,-0.019228461321879303],[-0.06289029180488458,-0.019823892676839667],[-0.06269130870323084,-0.020419364295586627],[-0.062481663256490065,-0.02101448950003394],[-0.06226041646580578,-0.02160885672600196],[-0.06202668238822046,-0.022202032478660306],[-0.06177963219952641,-0.022793564433262508],[-0.061518497871871414,-0.023382984660963804],[-0.061242575449671245,-0.023969812958785027],[-0.060951227909741154,-0.024553560262180134],[-0.06064388759398685,-0.025133732118185138],[-0.06032005820547748,-0.02570983219677458],[-0.059979316361243054,-0.026281365817830433],[-0.05962131269768567,-0.026847843471038902],[-0.05924577252705191,-0.027408784306072933],[-0.05885249604596739,-0.02796371957059228],[-0.058441358099573466,-0.02851219597389838],[-0.05801230750731217,-0.02905377895451519],[-0.05756536595886725,-0.029588055830528277],[-0.05710062649117317,-0.030114638812198426],[-0.0566182515597356,-0.03063316785717082],[-0.05611847071975435,-0.03114331334951954],[-0.05560157793469077,-0.03164477858489711],[-0.05506792853196424,-0.03213730204519216],[-0.05451793582738502,-0.03262065944733029],[-0.05395206744172426,-0.03309466555217567],[-0.05337084133447452,-0.033559175720897734],[-0.05277482158136016,-0.03401408720764898],[-0.05216461392350335,-0.03445934017895022],[-0.051540861117337834,-0.034894918451787306],[-0.05090423811537453,-0.03532084994408205],[-0.05025544710876332,-0.03573720683289836],[-0.04959521246325321,-0.03614410541747419],[-0.04892427558062912,-0.036541705685920314],[-0.048243389717993634,-0.03693021058618899],[-0.04755331479736521,-0.037309865003678756],[-0.04685481223798074,-0.03768095444959604],[-0.04614863984342084,-0.03804380346593084],[-0.045435546775220936,-0.03839877375461111],[-0.044716268643996436,-0.03874626204007017],[-0.0439915227482957,-0.03908669767608499],[-0.04326200349040882,-0.03942054000930627],[-0.04252837799720575,-0.03974827551340473],[-0.04179128197276466,-0.04007041470918013],[-0.04105131580808334,-0.040387488887325795],[-0.04030904097155675,-0.04070004665179316],[-0.03956497670215806,-0.04100865030285693],[-0.038819597025387904,-0.04131387208003387],[-0.03807332811007478,-0.0416162902859494],[-0.037326545982017484,-0.04191648531307191],[-0.03657957460828539,-0.042215035595939907],[-0.03583268436373148,-0.0425125135120883],[-0.035086090888952,-0.04280948125532929],[-0.03433995434654868,-0.04310648670536708],[-0.03359437908013649,-0.0434040593179087],[-0.03284941367809729,-0.04370270605948764],[-0.03210505144162938,-0.04400290741113183],[-0.03136123125419377,-0.044305113464787584],[-0.030617838847022513,-0.04460974013605785],[-0.029874708452955485,-0.04491716551632433],[-0.029131624838508195,-0.04522772638670536],[-0.028388325701775827,-0.045541714915553894],[-0.027644504421543297,-0.04585937556033063],[-0.026899813140825717,-0.046180902193694834],[-0.026153866166007535,-0.04650643547255216],[-0.025406243660805006,-0.046836060467582506],[-0.024656495612446105,-0.047169804569455374],[-0.023904146045763686,-0.047507635686526654],[-0.023148697459336978,-0.04784946074730937],[-0.022389635456400152,-0.048195124519429956],[-0.02162643354198205,-0.048544408755127375],[-0.02085855805664137,-0.04889703167163565],[-0.02008547321623969,-0.049252647773019395],[-0.019306646226439093,-0.04961084801821658],[-0.018521552440042655,-0.04997116033819171],[-0.017729680524903334,-0.050333050503227963],[-0.01693053760992484,-0.0506959233394967],[-0.016123654376660097,-0.05105912429214706],[-0.015308590064181178,-0.05142194133027118],[-0.014484937355253774,-0.05178360718722566],[-0.013652327112386925,-0.052143301927944724],[-0.012810432933055957,-0.052500155833068045],[-0.011958975494294853,-0.052853252587943794],[-0.011097726657933949,-0.053201632762856235],[-0.010226513308999095,-0.053544297569185606],[-0.009345220901198065,-0.05388021287463719],[-0.008453796684976233,-0.05420831345919063],[-0.0075522525953312675,-0.054527507492024695],[-0.006640667778418716,-0.05483668120837613],[-0.005719190737946596,-0.05513470376410139],[-0.004788041084445244,-0.0554204322446311],[-0.0038475108726835363,-0.05569271680405043],[-0.0028979655147883727,-0.05595040590920217],[-0.0019398442589817178,-0.05619235166300646],[-0.000973660226282627,-0.056417415180617686],[-1.462745637659431e-17,-0.056624471991605474],[0.000980477234630902,-0.05681241744105139],[0.0019670410007703244,-0.056980172062298336],[0.0029588912877918324,-0.05712668689407996],[0.003955160751575274,-0.05725094871488788],[0.004954917349712579,-0.05735198516771104],[0.005957167401547537,-0.05742886974869655],[0.006960859060506492,-0.05748072663383954],[0.007964886183761549,-0.057506735318501784],[0.008968092581933521,-0.05750613504538795],[0.00996927662928269,-0.05747822899756557],[0.01096719621268278,-0.0574223882341975],[0.011960573995621603,-0.05733805534785928],[0.012948102971548928,-0.05722474782362907],[0.013928452279095348,-0.05708206108156244],[0.014900273250033558,-0.056909671185687],[0.015862205659355536,-0.05670733720426683],[0.0168128841454954,-0.05647490320778639],[0.017750944767560523,-0.05621229989287673],[0.018675031665432922,-0.05591954582224663],[0.019583803787792474,-0.05559674827257731],[0.02047594165248076,-0.055244103684281634],[0.021350154103190282,-0.054861897709006485],[0.02220518502621523,-0.05445050485276321],[0.023039819990954107,-0.05401038771458922],[0.023852892777999016,-0.053542095822670194],[0.02464329175898982,-0.053046264071872316],[0.02540996609295096,-0.05252361076863566],[0.026151931704556187,-0.05197493529115904],[0.02686827701068969,-0.051401115374744545],[0.027558168362773205,-0.05080310403406442],[0.028220855173616565,-0.050181926135947255],[0.028855674699003103,-0.049538674638051144],[0.029462056445847734,-0.04887450651048295],[0.03003952618054475,-0.04819063835903183],[0.03058770951305241,-0.047488341770201226],[0.031106335034331262,-0.046768938399633884],[0.03159523698694764,-0.0460337948268339],[0.03205435745096956,-0.0452843172002743],[0.03248374802969812,-0.04452194569805056],[0.03288357102229009,-0.04374814883017634],[0.03325410007291444,-0.042964417609429074],[0.03359572028874256,-0.04217225961832019],[0.033908927821776076,-0.04137319300029884],[0.034194328912261714,-0.040568740403682586],[0.034452638394207494,-0.03976042290705278],[0.03468467766628968,-0.03894975395494886],[0.03489137213420799,-0.038138233332642456],[0.035073748133292976,-0.037327341208579036],[0.03523292934288062,-0.03651853227272721],[0.03537013270662978,-0.03571322999859383],[0.035486663875554623,-0.034912821056030975],[0.03558391219306159,-0.03411864990119861],[0.03566334524370729,-0.03333201356914407],[0.03572650298971465,-0.03255415669343377],[0.03577499152148871,-0.03178626677611671],[0.035810476450448936,-0.031029469730031806],[0.03583467597442905,-0.03028482571408891],[0.03584935364767958,-0.029553325280667182],[0.03585631088913177,-0.028835885852696305],[0.03585737926403524,-0.02813334854631399],[0.035854412575359,-0.027446475353249296],[0.03584927880243772,-0.026775946695260944],[0.03584385192524731,-0.026122359361085284],[0.0358400036734004,-0.025486224834418078],[0.035839595239460086,-0.024867968019489393],[0.035844468996474296,-0.02426792636879008],[0.035856440259734335,-0.023686349415493003],[0.03587728913265589,-0.02312339871108559],[0.03590875247637144,-0.02257914816670437],[0.035952516042109396,-0.02205358479465188],[0.036010206804721404,-0.021546609844584376],[0.03608338553480606,-0.021058040326904212],[0.03617353964577321,-0.020587610913975356],[0.03628207635089874,-0.020134976207922223],[0.03641031616394667,-0.019699713361972414],[0.03655948677528679,-0.01928132504058076],[0.036730717333623986,-0.018879242701925578],[0.036925033161486,-0.01849283018481439],[0.037143350930502174,-0.01812138758057864],[0.03738647432025648,-0.01776415536918316],[0.037655090182125046,-0.0174203187975368],[0.03794976522702569,-0.017089012476865697],[0.03827094325342408,-0.016769325175013124],[0.03861894292927635,-0.016460304778657335],[0.03899395613884888,-0.016160963399702445],[0.03939604690256404,-0.01587028259949439],[0.039825150875182354,-0.015587218704053352],[0.04028107542476997,-0.015310708183191702],[0.04076350029202297,-0.015039673066209399],[0.04127197882664619,-0.014773026366823698],[0.04180593979462886,-0.01450967749009753],[0.04236468974743356,-0.014248537594382394],[0.04294741594133879,-0.013988524881680887],[0.043553189792457855,-0.013728569790364003],[0.044180970850317476,-0.013467620064840351],[0.044829611270325136,-0.013204645677569753],[0.04549786076300737,-0.012938643579733008],[0.046184371995563404,-0.012668642257911984],[0.04688770641907307,-0.01239370607528954],[0.047606340492627124,-0.01211293937714438],[0.048338672273727144,-0.011825490341782275],[0.04908302834254269,-0.011530554559504592],[0.049837671026016335,-0.01122737832376211],[0.05060080588639335,-0.010915261620264053],[0.051370589437514054,-0.010593560801504793],[0.05214513705116599,-0.010261690935919976],[0.052922531014938906,-0.009919127822684658],[0.053700828702376725,-0.009565409665004352],[0.05447807081576948,-0.00920013839661927],[0.055252289661682684,-0.008822980658130532],[0.0560215174192823,-0.008433668421653289],[0.05678379436167568,-0.008031999264199549],[0.0575371769908594,-0.007617836292076416],[0.05827974604743183,-0.007191107720450557],[0.0590096143569986,-0.006751806114059422],[0.05972493447615815,-0.006299987296841993],[0.06042390610210662,-0.005835768939999006],[0.06110478321123136,-0.00535932883967365],[0.06176588089357042,-0.0048709028970516524],[0.06240558185168761,-0.004370782815212863],[0.06302234253434288,-0.003859313528512639],[0.06361469887731688,-0.003336890381622808],[0.06418127162586083,-0.0028039560766161473],[0.06472077121548503,-0.0022609974076211194],[0.06523200219014944,-0.0017085418036080274],[0.06571386713937638,-0.0011471537007791612],[0.06616537013834305,-0.0005774307668287544],[0.06658561967762874,-1.1597349832170819e-17]]}},{"type":"Feature","properties":{"kind":"contour","demo":true,"depth_m":75},"geometry":{"type":"LineString","coordinates":[[0.0732006824728991,0.0],[0.07362746139523563,0.0006425530667207093],[0.0740182761502435,0.0012921220909272297],[0.07437250458286022,0.0019479477687721917],[0.07468964641035872,0.0026092565607369407],[0.0749693235224917,0.003275265274831197],[0.07521127969562397,0.003945185629030141],[0.07541537972727458,0.004618228766739096],[0.07558160800044372,0.005293609699523395],[0.07571006648999244,0.0059705516519309365],[0.0758009722261579,0.0066482902839639],[0.0758546542330117,0.007326077767619522],[0.0758715499622858,0.00800318669491252],[0.07585220124549083,0.008678913795908069],[0.0757972497896161,0.009352583446527304],[0.07570743224392441,0.010023550947230252],[0.0755835748674179,0.010691205555125842],[0.07542658782845314,0.01135497325359726],[0.07523745916970381,0.012014319245154063],[0.07501724847320884,0.012668750154921376],[0.07476708026158815,0.01331781593394103],[0.07448813717265489,0.013961111453280065],[0.07418165294559294,0.014598277781807657],[0.07384890525760236,0.015229003142402608],[0.07349120845043317,0.01585302354327808],[0.07310990618653401,0.016470123083048557],[0.07270636407463134,0.01708013393010444],[0.07228196230442889,0.017682935978791336],[0.07183808832977798,0.018278456186803703],[0.07137612963911716,0.018866667600084052],[0.07089746665122201,0.01944758807336079],[0.07040346577334355,0.020021278696247258],[0.06989547265765504,0.020587841936553646],[0.0693748056905783,0.021147419514121395],[0.06884274974803048,0.021700190020067477],[0.06830055024792632,0.02224636629781432],[0.06774940752940649,0.022786192603673202],[0.06719047158623957,0.023319941566034414],[0.06662483717968697,0.023847910963391807],[0.0660535393538289,0.024370420342484347],[0.06547754937394479,0.02488780749876713],[0.06489777110603348,0.025400424842224958],[0.06431503785296346,0.025908635672206935],[0.06373010966007343,0.026412810385488435],[0.06314367110031645,0.026913322642152942],[0.06255632954626845,0.027410545514129688],[0.06196861393352422,0.0279048476413214],[0.061380974017190955,0.028396589420210075],[0.06079378012038123,0.02888611924963675],[0.06020732337081853,0.0293737698581166],[0.05962181641891078,0.02985985473657254],[0.05903739462794304,0.03034466469975485],[0.058454117724396334,0.03082846459886109],[0.05787197189383774,0.03131149020698728],[0.057290872305355,0.03179394529803024],[0.056710666045144575,0.03227599893852947],[0.05613113543761723,0.032757783010690475],[0.055552001730270584,0.03323938998347767],[0.05497292911660746,0.03372087094721056],[0.054393529069561096,0.034202233925550905],[0.053813364956234254,0.03468344247713927],[0.053231956903276756,0.03516441459743556],[0.05264878688092508,0.035645021929550234],[0.052063303972611795,0.0361250892910299],[0.051474929796131684,0.03660439452169364],[0.05088306404162639,0.03708266865571559],[0.05028709009112721,0.0375595964192241],[0.04968638068407652,0.03803481705275189],[0.049080303593134665,0.03850792545593237],[0.048468227274671254,0.0389784736499088],[0.047849526458636896,0.039445972551014674],[0.047223587643010434,0.03990989404740554],[0.04658981445871622,0.040369673368487395],[0.04594763287180048,0.040824711735203294],[0.04529649619074022,0.041274379277518564],[0.04463588984802647,0.04171801820379587],[0.04396533592660794,0.0421549462051846],[0.043284397403393834,0.042584460076671604],[0.04259268208378522,0.043005839535063074],[0.04188984620312363,0.043418351212896264],[0.04117559767300273,0.0438212528061238],[0.0404496989525706,0.04421379735237799],[0.03971196952724622,0.04459523761571482],[0.03896228797966894,0.04496483055296211],[0.038200593640181975,0.045321841836158575],[0.03742688780670487,0.04566555040507403],[0.03664123452646252,0.04599525302344902],[0.035843760934692805,0.04631026881238679],[0.035034657148138144,0.04660994373427411],[0.03421417571382138,0.04689365500069945],[0.03338263061629994,0.047160815378078626],[0.032540395849265935,0.04741087736508788],[0.031687903560002936,0.04764333721653999],[0.03082564177780247,0.04785773878901969],[0.029954151739974635,0.048053677184415076],[0.029074024831540406,0.04823080216843894],[0.02818589915705486,0.048388821342323356],[0.027290455765268513,0.048527503047085606],[0.026388414549473292,0.04864667898109904],[0.02548052984838921,0.048746246513149814],[0.02456758577431719,0.04882617067471434],[0.023650391296998675,0.04888648581684212],[0.022729775113178224,0.04892729691876792],[0.021806580333247907,0.048948780537194876],[0.020881659017557053,0.048951185387078135],[0.019955866595989042,0.0489348325466849],[0.01903005620523314,0.048900115281703675],[0.01810507297880851,0.048847498485208904],[0.0171817483253256,0.04877751773234962],[0.016260894230694718,0.04869077795070807],[0.01534329762001077,0.048587951709357736],[0.014429714814656703,0.048469777131726316],[0.01352086611977614,0.048337055439428935],[0.012617430576671348,0.048190648136266924],[0.01172004091388674,0.04803147384357808],[0.010829278729746792,0.047860504800064686],[0.009945669937934503,0.047678763041103724],[0.009069680506328587,0.04748731627435104],[0.008201712517772587,0.04728727347017651],[0.007342100579734089,0.04707978018710182],[0.006491108607937296,0.04686601365394618],[0.00564892700702731,0.046647177631811386],[0.004815670269160281,0.046424497080345725],[0.003991375009121812,0.04619921265391141],[0.0031759984521700633,0.04597257505433387],[0.0023694173882912646,0.045745839267828624],[0.0015714276039593348,0.04552025871447613],[0.0007817437998212347,0.045297079339243894],[3.881535280830083e-18,0.04507753367403271],[-0.0007742495440654764,0.04486283490054869],[-0.0015415289551278554,0.04465417094397195],[-0.0023024388396851716,0.044452698627404766],[-0.0030576539110941706,0.044259537916937146],[-0.003807920134552191,0.04407576628686533],[-0.0045540514050188404,0.043902413234141055],[-0.005296925771863091,0.04374045497051738],[-0.006037481226671234,0.04359080932009442],[-0.006776711073222722,0.04345433084905791],[-0.007515658901119573,0.04333180625335131],[-0.008255413186926087,0.04322395002883081],[-0.008997101548927184,0.04313140044713112],[-0.009741884683731418,0.04305471585902253],[-0.010490950014917658,0.042994371345474666],[-0.011245505085740659,0.042950755734968094],[-0.012006770729560585,0.042924169003819124],[-0.012775974053133944,0.042914820074415536],[-0.013554341269191894,0.04292282502431106],[-0.014343090415826668,0.04294820571710397],[-0.015143424001102692,0.04299088886394091],[-0.01595652161200025,0.04305070552235246],[-0.016783532527280622,0.04312739103695103],[-0.01762556837413127,0.043220585424319044],[-0.018483695868503458,0.043329834202193385],[-0.01935892967889362,0.04345458966082721],[-0.020252225452942165,0.043594212572188484],[-0.021164473045633073,0.04374797433045351],[-0.02209648998707337,0.04391505951507954],[-0.023049015226821574,0.0440945688656084],[-0.024022703190519187,0.04428552265527208],[-0.025018118183167456,0.04448686444845314],[-0.026035729171790048,0.04469746522510818],[-0.027075904978436656,0.04491612785340119],[-0.02813890991252531,0.04514159189002539],[-0.02922489986939939,0.04537253868602767],[-0.030333918919701316,0.04560759677439449],[-0.031465896411749954,0.045845347514224866],[-0.03262064460656575,0.04608433096500765],[-0.03379785686252888,0.04632305196334754],[-0.034997106383896824,0.04655998637345092],[-0.036217845544559736,0.04679358748179424],[-0.037459405795495324,0.0470222925056614],[-0.03872099816140832,0.04724452918465218],[-0.04000171432902455,0.047458722423838556],[-0.04130052832646761,0.04766330095697856],[-0.04261629879009716,0.04785670399809232],[-0.043947771812143634,0.04803738784976011],[-0.04529358435945574,0.04820383243671963],[-0.0466522682506963,0.04835454773371642],[-0.048022254676396585,0.04848808005709665],[-0.04940187924342684,0.048603018190321645],[-0.05078938752267017,0.04869799931442538],[-0.052182941076022,0.04877171471542526],[-0.05358062393628418,0.04882291524182777],[-0.05498044951110001,0.04885041648663726],[-0.056380367879795494,0.0488531036696732],[-0.05777827344986514,0.04882993619751896],[-0.05917201293787987,0.048779951880058556],[-0.06055939363780927,0.04870227078429522],[-0.06193819193815265,0.04859609870798031],[-0.06330616204786992,0.04846073025750216],[-0.0646610448899008,0.04829555151648203],[-0.06600057712007149,0.04810004229358876],[-0.06732250022840879,0.04787377794020181],[-0.06862456967932608,0.04761643073071749],[-0.06990456404680881,0.04732777080048778],[-0.07116029410061801,0.04700766663860047],[-0.0723896117996451,0.04665608513493577],[-0.0735904191488917,0.046273091183161315],[-0.07476067687711238,0.04585884684353878],[-0.07589841289294437,0.04541361007160415],[-0.07700173047835057,0.04493773302093308],[-0.07806881617941733,0.04443165993030795],[-0.07909794735597067,0.04389592460764724],[-0.08008749935309473,0.04333114752503437],[-0.08103595225944742,0.042738032541080016],[-0.08194189721926241,0.04211736326865966],[-0.08280404226708965,0.04146999910777761],[-0.083621217656652,0.04079687096491134],[-0.08439238065766884,0.040098976681676904],[-0.08511661979710422,0.03937737619702089],[-0.08579315852403024,0.038633186468378475],[-0.08642135828013132,0.03786757617833659],[-0.08700072096080894,0.037081760254297845],[-0.0875308907548544,0.036276994229452714],[-0.08801165535372929,0.03545456847402829],[-0.08844294652461059,0.03461580232629036],[-0.08882484004450679,0.03376203815312834],[-0.0891575549959119,0.032894635370248164],[-0.08944145242762437,0.032014964452037005],[-0.0896770333874988,0.031124400961044508],[-0.08986493633700154,0.03022431962675034],[-0.09000593396049701,0.029316088502857916],[-0.0901009293851763,0.02840106323177401],[-0.09015095183044318,0.027480581444203542],[-0.09015715170837942,0.026555957320916923],[-0.09012079519960267,0.025628476342734702],[-0.09004325833139874,0.02469939025363007],[-0.08992602058743623,0.023769912260578285],[-0.08977065808064745,0.022841212492391544],[-0.08957883632297034,0.02191441373827586],[-0.08935230262758329,0.02099058748524117],[-0.08909287818101698,0.020070750271796587],[-0.0888024498240852,0.019155860373577725],[-0.08848296158193522,0.018246814834694692],[-0.08813640598466592,0.01734444685666399],[-0.08776481522089785,0.016449523554809747],[-0.08737025216739512,0.015562744089997256],[-0.08695480133833443,0.014684738181507737],[-0.08652055979808485,0.013816065004786993],[-0.08606962808140872,0.012957212475715197],[-0.08560410116481197,0.012108596920960368],[-0.08512605953236804,0.011270563131906004],[-0.0846375603787141,0.010443384797595382],[-0.08414062899107294,0.009627265310120666],[-0.08363725035109892,0.008822338933918051],[-0.0831293609960808,0.008028672328516994],[-0.08261884117757039,0.007246266412446506],[-0.08210750735385064,0.0064750585542315536],[-0.08159710505081631,0.005714925074728444],[-0.08108930212382941,0.004965684043458193],[-0.0805856824509366,0.004227098350109854],[-0.08008774008551182,0.003498879031009093],[-0.07959687389392488,0.0027806888290887637],[-0.07911438270125078,0.002072145964762989],[-0.07864146096533675,0.0013728280941026608],[-0.0781791949967511,0.0006822764298399362],[-0.07772855973926399,6.769068934188336e-18],[-0.07729041612256957,-0.0006745199816286188],[-0.07686550899596921,-0.0013418256594149272],[-0.07645446564871118,-0.002002478020720014],[-0.07605779491963968,-0.002657052348312225],[-0.07567588689576207,-0.0033061336670242316],[-0.07530901319631282,-0.0039503122111592195],[-0.07495732783589283,-0.0045901789388513616],[-0.0746208686573096,-0.0052263211191388844],[-0.07429955932185028,-0.005859318016917223],[-0.07399321184190569,-0.0064897367002116875],[-0.07370152963813845,-0.007118127993345139],[-0.07342411110077078,-0.007745022598583579],[-0.0731604536320687,-0.008370927407726334],[-0.07290995814473339,-0.00899632202387438],[-0.07267193398868829,-0.009621655512267449],[-0.07244560427668553,-0.010247343397635842],[-0.07223011157725609,-0.010873764923974143],[-0.07202452394180471,-0.011501260591021238],[-0.07182784123111455,-0.0121301299800316],[-0.07163900170517927,-0.012760629879658737],[-0.0714568888391363,-0.013392972720951034],[-0.07128033832713263,-0.014027325328594364],[-0.07110814523522316,-0.014663807993635144],[-0.07093907126388203,-0.015302493870992723],[-0.07077185208040222,-0.015943408703131712],[-0.07060520468136965,-0.016586530869324642],[-0.0704378347455235,-0.017231791758003486],[-0.07026844393765483,-0.01787907645778616],[-0.07009573712474548,-0.018528224760882426],[-0.06991842946631027,-0.019179032470741972],[-0.06973525334186459,-0.01983125300401772],[-0.06954496507960096,-0.020484599275188628],[-0.06934635145170454,-0.02113874585052797],[-0.06913823590327015,-0.021793331356525832],[-0.06891948448348692,-0.02244796112638535],[-0.06868901144962379,-0.023102210066821404],[-0.06844578451636946,-0.023755625726103773],[-0.06818882972524108,-0.024407731543113313],[-0.06791723591106594,-0.025058030256124422],[-0.06763015874494518,-0.025706007449097255],[-0.06732682433561757,-0.026351135212462583],[-0.06700653237373545,-0.026992875894716727],[-0.06666865880623586,-0.027630685920616415],[-0.06631265803071659,-0.028264019651376992],[-0.06593806460249901,-0.028892333262034157],[-0.06554449444985834,-0.0295150886110309],[-0.06513164559571429,-0.030131757077138232],[-0.06469929838688297,-0.03074182333900923],[-0.06424731523478125,-0.03134478907300204],[-0.06377563987423067,-0.03194017654538411],[-0.06328429614971391,-0.032527532075647146],[-0.06277338634107954,-0.03310642934841398],[-0.062243089043254575,-0.03367647255230343],[-0.06169365661699455,-0.03423729932512906],[-0.061125412230066,-0.034788583485940196],[-0.06053874651050131,-0.03533003753565935],[-0.059934113835680064,-0.035861414909424724],[-0.059312028282962406,-0.03638251196520027],[-0.05867305926941667,-0.03689316969476227],[-0.0580178269098392,-0.03739327514480047],[-0.05734699712374478,-0.037882762537575866],[-0.05666127652330946,-0.03836161408234498],[-0.05596140711536105,-0.03882986047058353],[-0.055248160851435746,-0.039287581049909856],[-0.05452233406064251,-0.03973490367350954],[-0.05378474180060045,-0.040172004223787104],[-0.053036212162033296,-0.040599105810907844],[-0.052277580562718105,-0.041016477648830964],[-0.05150968406639416,-0.04142443361336427],[-0.05073335576194085,-0.041823330488679394],[-0.049949419237633574,-0.0422135659106038],[-0.04915868318458825,-0.042595576016841316],[-0.04836193616261002,-0.04296983281605756],[-0.047559941560577586,-0.04333684128948554],[-0.046753432782226094,-0.043697136240358654],[-0.04594310868674761,-0.044051278908042696],[-0.04512962931201522,-0.044399853365217776],[-0.044313611906466294,-0.04474346271783752],[-0.04349562729376197,-0.04508272512886358],[-0.04267619659228069,-0.04541826968793073],[-0.041855788309325494,-0.04575073215013239],[-0.041034815827624256,-0.04608075056802391],[-0.04021363529931149,-0.04640896084171694],[-0.03939254396009451,-0.046735992212576044],[-0.03857177887375511,-0.04706246272652368],[-0.03775151611452389,-0.04738897469331463],[-0.03693187039221153,-0.04771611016834285],[-0.03611289512229618,-0.04804442648360321],[-0.03529458294047218,-0.04837445185433689],[-0.03447686665847292,-0.04870668108764798],[-0.03365962065530341,-0.04904157141898964],[-0.032842662695380165,-0.04937953850188154],[-0.03202575616247835,-0.04972095257554085],[-0.03120861269585974,-0.050066134834287575],[-0.030390895212497784,-0.05041535402162887],[-0.029572221296957753,-0.050768823270836455],[-0.02875216693822913,-0.05112669721261796],[-0.027930270590671217,-0.051489069369146136],[-0.02710603753421991,-0.05185596985226361],[-0.026278944507137282,-0.05222736338212677],[-0.025448444582869083,-0.052603147640901814],[-0.024613972261018937,-0.052983151974388326],[-0.023774948741068155,-0.05336713645262644],[-0.02293078734626129,-0.053754791298657144],[-0.0220808990640641,-0.05414573669265769],[-0.021224698168769714,-0.054539522956678944],[-0.02036160789120397,-0.05493563112317596],[-0.019491066100049102,-0.05533347388846278],[-0.01861253095908289,-0.0557323969501441],[-0.01772548652461076,-0.05613168072549276],[-0.01682944824755307,-0.056530542445666916],[-0.01592396834504501,-0.05692813861860017],[-0.015008641006997323,-0.05732356785136879],[-0.014083107403865692,-0.05771587402084824],[-0.013147060462864105,-0.0581040497795332],[-0.012200249381044439,-0.058487040381514276],[-0.011242483845027997,-0.05886374781180018],[-0.010273637928724325,-0.059233035200446496],[-0.009293653642083665,-0.05959373150131966],[-0.008302544105806536,-0.05994463641378955],[-0.007300396328959294,-0.06028452552421876],[-0.006287373568605996,-0.060612155642809314],[-0.005263717252862448,-0.06092627031018014],[-0.004229748451180355,-0.06122560544699834],[-0.003185868878182223,-0.06150889511906661],[-0.002132561419959346,-0.061774877389497364],[-0.0010703901744200726,-0.062022300228973135],[-1.608064616343891e-17,-0.062249927454616584],[0.0010778844301757916,-0.06245654466766835],[0.002162460068790786,-0.06264096516000155],[0.0032528474267882754,-0.06280203575949048],[0.004348092992256207,-0.06293864258439505],[0.005447172127432032,-0.06304971667722625],[0.006548992432747394,-0.06313423948901399],[0.007652397564123476,-0.06319124818551278],[0.008756171487072554,-0.06321984074764131],[0.009859043148594992,-0.06321918083936358],[0.010959691545377296,-0.0631885024172717],[0.012056751164430451,-0.06312711405732041],[0.013148817770051729,-0.0630344029754869],[0.014234454508879443,-0.06290983872057537],[0.015312198302834739,-0.06275297651895166],[0.01638056649792797,-0.06256346025266761],[0.01743806373526053,-0.06234102505421001],[0.01848318900907579,-0.062085499502977703],[0.019514442875429604,-0.061796807410539445],[0.020530334773950904,-0.06147496918374822],[0.02152939042427197,-0.06112010275687148],[0.022510159258012186,-0.06073242408603242],[0.023471221846722203,-0.06031224720143159],[0.02441119728592184,-0.059859983815023554],[0.025328750495314842,-0.05937614248354189],[0.026222599395422406,-0.058861327328994115],[0.027091521921254958,-0.05831623632096778],[0.027934362834234644,-0.05774165912729044],[0.02875004029438108,-0.05713847454176158],[0.029537552155787516,-0.05650764749980503],[0.030295981949625288,-0.0558502256949731],[0.03102450452033016,-0.05516733581125045],[0.03172239128222252,-0.054460179388051616],[0.03238901506560151,-0.05373002833666666],[0.03302385452330904,-0.05297822012867726],[0.03362649807088138,-0.05220615267853289],[0.03419664733568172,-0.05141527894402703],[0.034734120092819336,-0.050607101269852676],[0.03523885266820708,-0.04978316550071897],[0.03571090179176467,-0.04894505489168883],[0.03615044588653747,-0.048094383844426415],[0.036557785782344594,-0.047232791498935445],[0.036933344845491066,-0.046361935211102275],[0.03727766851905161,-0.04548348394694551],[0.03759142327125192,-0.04459911162489607],[0.03787539495251277,-0.0437104904377005],[0.03813048656477327,-0.042819284185646435],[0.038357715449752416,-0.041927141652750265],[0.03855820990582764,-0.041035690057334935],[0.038733205246189284,-0.04014652860804343],[0.038884039313854944,-0.039261222195803996],[0.0390121474719822,-0.038381295251567756],[0.0391190570906854,-0.03750822579880195],[0.03920638155423053,-0.03664343972872928],[0.039275813815033575,-0.035788305325176344],[0.03932911952331044,-0.03494412806462362],[0.039368129763508945,-0.03411214571565553],[0.03939473343077884,-0.033293523760490426],[0.039410869282697845,-0.03248935115963556],[0.039418517703256134,-0.031700636478977876],[0.039419692217700086,-0.030928304396783023],[0.03941643079823989,-0.03017319260615764],[0.03941078700182683,-0.029436049126529182],[0.0394048209821974,-0.02871753003563642],[0.03940059041915863,-0.02801819763140171],[0.03940014140864674,-0.02733851903089593],[0.03940549935742569,-0.02667886521140746],[0.039418659926403504,-0.026039510496410963],[0.03944158006642829,-0.02542063248700397],[0.03947616919008604,-0.02482231243715187],[0.03952428052245744,-0.024244536068872065],[0.03958770267300626,-0.023687194821298246],[0.03966815146976795,-0.023150087525416783],[0.03976726209579326,-0.022632922494161732],[0.03988658156637886,-0.022135320015512102],[0.04002756158399757,-0.021656815234256353],[0.04019155180602843,-0.021196861406195047],[0.040379793558394515,-0.02075483350674235],[0.04059341402605181,-0.02033003217417905],[0.040833420948947714,-0.019921687966207326],[0.04110069784959536,-0.019528965906969092],[0.041395999815801006,-0.019150970300327443],[0.04171994985935233,-0.01878674978397385],[0.0420730358686361,-0.01843530259782728],[0.04245560817022409,-0.018095582039232113],[0.04286787771145485,-0.017766502076652167],[0.0433099148729696,-0.017446943092895392],[0.043781648917040464,-0.017135757728397195],[0.044282868074383155,-0.016831776794736075],[0.044813220268982955,-0.016533815228360622],[0.045372214477303656,-0.016240678054468147],[0.0459592227151102,-0.015951166331093683],[0.0465734826420287,-0.015664083043744295],[0.047214100770916215,-0.015378238921341767],[0.047880056266124287,-0.01509245814481933],[0.04857020531183968,-0.01480558392044585],[0.049283286028876556,-0.014516483890825375],[0.050017923915605465,-0.0142240553575303],[0.050772637786133536,-0.013927230290472704],[0.05154584617642637,-0.013624980100388219],[0.05233587418678534,-0.013316320152198337],[0.053140960726982045,-0.013000313998519003],[0.05395926612841767,-0.012676077314187918],[0.05478888008591922,-0.01234278151438371],[0.055627829890230004,-0.011999657040693102],[0.056474088910890265,-0.011645996301343102],[0.057325585288059616,-0.011281156253738047],[0.058180210790893354,-0.010904560619421364],[0.059035829799372275,-0.010515701723602536],[0.05989028836598893,-0.010114141953445246],[0.06074142331342365,-0.00969951483138834],[0.06158707132430051,-0.009271525701856222],[0.06242507797929148,-0.008829952031801355],[0.06325330670024461,-0.008374643327591707],[0.06406964755563538,-0.007905520672806338],[0.06487202588648658,-0.007422575893513756],[0.06565841071195765,-0.006925870359578089],[0.06642682287506935,-0.0064155334324476915],[0.0671753428904932,-0.005891760571729088],[0.06790211845799204,-0.0053548111146166305],[0.06860537160693703,-0.004805005743933848],[0.06928340543933802,-0.004242723662132299],[0.06993461044100019,-0.0036683994900795205],[0.07055747033274191,-0.0030825199108463703],[0.0711505674360735,-0.0024856200799604176],[0.07171258753032057,-0.0018782798247292576],[0.07224232418087596,-0.001261119656239518],[0.0727386825210541,-0.000634796618509439],[0.07320068247289908,-1.2749508477985796e-17]]}},{"type":"Feature","properties":{"kind":"contour","demo":true,"depth_m":100},"geometry":{"type":"LineString","coordinates":[[0.07902156095427844,0.0],[0.07948227710453978,0.00069364853732105],[0.07990416923643513,0.0013948709372535982],[0.0802865657214696,0.0021028475165210587],[0.08062892649470561,0.002816743224162717],[0.08093084337877446,0.0035357125891869383],[0.08119203977527685,0.004258904645810766],[0.08141236973050395,0.004985467807991905],[0.08159181638560069,0.00571455466544205],[0.08173048982441361,0.006445326673947371],[0.08182862433530635,0.007176958713608888],[0.08188657510616583,0.00790864348954754],[0.081904814374648,0.00863959575069045],[0.08188392705841063,0.009369056303459841],[0.08182460589263411,0.010096295798517339],[0.08172764610453012,0.010820618270165984],[0.08159393965676756,0.01154136440957198],[0.08142446909379597,0.012257914554629157],[0.08122030102690543,0.012969691381041327],[0.08098257929552262,0.013676162281031742],[0.08071251784369497,0.014376841417993709],[0.08041139335195165,0.015071291447361728],[0.0800805376657459,0.01575912489599655],[0.07972133006247417,0.016440005194429775],[0.0793351893996281,0.017113647358391163],[0.07892356618696383,0.017779818318134386],[0.07848793462567147,0.018438336896171467],[0.07802978465738979,0.01908907343611167],[0.07755061406554618,0.019731949087365003],[0.07705192067090566,0.020366934752501994],[0.07653519466239452,0.020994049706049338],[0.07600191110322564,0.021613359895433226],[0.07545352265110164,0.022224975936648416],[0.074891452529816,0.02282905081902111],[0.07431708778792039,0.023425777335136826],[0.07373177287828518,0.024015385253611243],[0.07313680359036705,0.024598138253884756],[0.07253342136481397,0.025174330643609053],[0.0719228080177078,0.025744283880461964],[0.07130608089927139,0.02630834292136544],[0.07068428850927123,0.02686687242308556],[0.07005840658863914,0.02742025281905755],[0.06942933470403469,0.02796887629799729],[0.06879789333918884,0.028513142710430397],[0.06816482150392375,0.029053455429687094],[0.06753077486875245,0.029590217194173624],[0.06689632442994072,0.030123825957837413],[0.06626195570687739,0.030654670775692814],[0.0656280684705677,0.031183127751067314],[0.0649949769990534,0.03170955607086676],[0.06436291085258734,0.03223429415464187],[0.06373201615846938,0.03275765594257378],[0.06310235739259785,0.033279927346683315],[0.06247391964202365,0.03380136288861495],[0.06184661133012649,0.034322182546255],[0.06122026738348027,0.034842568830222284],[0.060594652817051245,0.03536266410992362],[0.059969466712089525,0.03588256820740521],[0.05934434655894785,0.036402336275660994],[0.05871887293509829,0.03692197697638994],[0.05809257448683292,0.037441450970435525],[0.05746493318153364,0.03796066973230121],[0.05683538979599168,0.03847949469822737],[0.056203349605053625,0.038997736755347116],[0.05556818823387571,0.039515156077422724],[0.054929257636285915,0.04003146231061205],[0.05428589216118984,0.040546315110636534],[0.0536374146686113,0.041059325030632164],[0.05298314265683619,0.04157005475687137],[0.052322394362227964,0.04207802068746226],[0.05165449479360275,0.042582694847071],[0.05097878166359213,0.04308350712868631],[0.05029461118017576,0.04357984785146356],[0.04960136366253185,0.04407107062176066],[0.04889844894652466,0.04455649548262015],[0.048185311546516625,0.04503541233517124],[0.04746143554175229,0.04550708461373439],[0.04672634915730224,0.04597075319481606],[0.04597962901146621,0.04642564051869436],[0.04522090400360695,0.04687095490092455],[0.04444985881860681,0.04730589500984488],[0.043666237026494456,0.047729654485046215],[0.04286984375826751,0.04814142667078843],[0.04206054794152279,0.04854040943751018],[0.041238284082185384,0.048925810063889845],[0.040403053581384685,0.04929685015137969],[0.039554925579346124,0.04965277054275514],[0.03869403732103256,0.049992836215999675],[0.03782059404116645,0.05031634112478457],[0.036934868369172626,0.05062261295690234],[0.036037199257489806,0.050911017782273374],[0.035127990439585276,0.05118096456256624],[0.03420770842685966,0.05143190949505025],[0.033276880056428475,0.0516633601640337],[0.03233608960449854,0.05187487947412692],[0.03138597548270624,0.05206608934060254],[0.030427226537334005,0.05223667411330155],[0.029460577973758832,0.05238638371184485],[0.028486806930795895,0.05251503645135192],[0.02750672773177021,0.05262252153943058],[0.02652118684116665,0.052708801226879244],[0.025531057557560775,0.05277391259632422],[0.02453723447521183,0.052817968974891924],[0.023540627748191982,0.052841160958978575],[0.02254215719222639,0.05284375704121738],[0.02154274626051779,0.05282610383184481],[0.020543315930721243,0.052788625868823144],[0.019544778540913976,0.05273182501327142],[0.018548031612867225,0.05265627942898341],[0.017553951701169523,0.05256264214705388],[0.016563388306771582,0.05245163921888347],[0.015577157893321614,0.05232406746307361],[0.014596038044236734,0.052180791813946775],[0.013620761797814471,0.052022742281618274],[0.012652012196829165,0.05185091053569538],[0.011690417087987914,0.05166634612677351],[0.010736544205343935,0.051470152361927285],[0.009790896570288364,0.051263481852344965],[0.008853908239073916,0.051047531753117485],[0.007925940426972118,0.05082353871695747],[0.007007278036142109,0.05059277358527994],[0.0060981266121028724,0.05035653584161521],[0.00519860975136458,0.05011614785373694],[0.004308766980300687,0.04987294893216787],[0.003428552122745133,0.04962828923386276],[0.002557832171090822,0.049383523540858815],[0.001696386672863083,0.04914000494452],[0.0008439076418593994,0.04889907846668038],[4.190192856519537e-18,0.04866207464950755],[-0.0008358174469595108,0.04843030314625746],[-0.001664110499728194,0.048205046345274845],[-0.002485527524706344,0.04798755305960627],[-0.0033007968880900862,0.047779032314436434],[-0.004110723873823777,0.047580647264231966],[-0.004916187097351816,0.04739350927098261],[-0.005718134430051716,0.047218672174269415],[-0.006517578452090866,0.047057126783066],[-0.007315591454225335,0.04690979561819672],[-0.008113300011735046,0.04677752793323885],[-0.008911879156249039,0.04666109504037065],[-0.009712546173645323,0.04656118596624033],[-0.010516554058495858,0.04647840346136792],[-0.011325184657657075,0.04641326038490352],[-0.012139741537566971,0.046366176484757105],[-0.012961542611590916,0.046337475591198614],[-0.013791912565347696,0.046327383240010546],[-0.014632175119338323,0.0463360247391706],[-0.015483645169382056,0.04636342369085851],[-0.016347620846330974,0.04640950097833114],[-0.01722537553728085,0.0464740742249057],[-0.01811814991101536,0.04655685772994208],[-0.019027143990711686,0.046657462884336975],[-0.019953509316993714,0.04677539906564476],[-0.020898341244245174,0.04691007501053724],[-0.021862671412687395,0.04706080065991672],[-0.022847460438089,0.04722678946962044],[-0.023853590860106737,0.04740716117730734],[-0.024881860389166368,0.047600945013816384],[-0.02593297549048068,0.04780708334503954],[-0.027007545342277887,0.04802443572817327],[-0.02810607620358448,0.048251783364114044],[-0.029228966224979044,0.04848783392575295],[-0.03037650073362088,0.04873122674001658],[-0.031548848021566336,0.04898053829970382],[-0.03274605566393135,0.049234288079489714],[-0.03396804739085151,0.04949094462891992],[-0.03521462053444567,0.04974893191380742],[-0.036485444069119057,0.05000663587617643],[-0.0377800572605637,0.05026241118178348],[-0.03909786893573918,0.05051458812328635],[-0.04043815738296832,0.05076147964633683],[-0.04180007088806925,0.05100138846524229],[-0.04318262890918995,0.05123261423438217],[-0.044584723889728076,0.051453460741277025],[-0.046005123705427,0.05166224308709425],[-0.04744247473845291,0.051857294820434406],[-0.04889530556799919,0.05203697499047654],[-0.050362031263746804,0.052199675085967914],[-0.05184095826535077,0.05234382582712068],[-0.05333028982804437,0.052467903778224106],[-0.05482813201146097,0.05257043774968876],[-0.05633250018589723,0.0526500149593075],[-0.05784132602748483,0.05270528692373905],[-0.05935246497112268,0.05273497505258726],[-0.06086370408755906,0.05273787591895757],[-0.06237277034871696,0.0527128661820105],[-0.06387733924323943,0.052658907138795064],[-0.0653750437023044,0.052575048884520865],[-0.06686348329403334,0.05246043406240814],[-0.0683402336433033,0.05231430118632866],[-0.06980285603247417,0.052135987521606954],[-0.07124890713747366,0.05192493151157993],[-0.07267594885284318,0.051680674739799606],[-0.07408155815874627,0.05140286342010039],[-0.07546333698257919,0.051091249409122436],[-0.07681892200770435,0.050745690738277234],[-0.07814599438195179,0.0503661516645463],[-0.07944228927890121,0.049952702241906406],[-0.08070560526556629,0.04950551741756321],[-0.08193381343095096,0.049024875659536636],[-0.08312486623103083,0.0485111571244633],[-0.08427680600702271,0.047964841376752075],[-0.0853877731353424,0.04738650467243696],[-0.0864560137693982,0.0467768168232042],[-0.08747988713532426,0.046136537658118586],[-0.08845787234590952,0.04546651310252553],[-0.08938857469931355,0.04476767089545054],[-0.09027073143167114,0.04404101596854817],[-0.09110321689535648,0.04328762551125743],[-0.09188504713749332,0.04250864374829377],[-0.09261538385624601,0.04170527645694049],[-0.09329353771548882,0.04087878525278858],[-0.09391897100161631,0.040030481673607336],[-0.09449129960950588,0.03916172109190407],[-0.09501029434795953,0.03827389648744495],[-0.09547588155831725,0.037368432111557506],[-0.09588814304333407,0.036446777075416555],[-0.0962473153068248,0.035510398894726056],[-0.09655378810799214,0.0345607770232515],[-0.09680810233774373,0.033599396407528785],[-0.09701094722765465,0.032627741094778555],[-0.09716315690553,0.031647287925591114],[-0.0972657063147442,0.03065950034232053],[-0.09731970651766857,0.029665822343338314],[-0.09732639940652829,0.028667672612355404],[-0.09728715184793552,0.027666438850928458],[-0.09720344929011784,0.026663472341031023],[-0.09707688886448103,0.025660082763197582],[-0.09690917201560104,0.024657533294247438],[-0.09670209669601981,0.023657036006973976],[-0.09645754916430996,0.022659747592451738],[-0.0961774954267651,0.021666765423779533],[-0.09586397236475495,0.020679123978150644],[-0.09551907859124983,0.019697791632135215],[-0.09514496508125897,0.01872366784298145],[-0.09474382562193744,0.017757580726607075],[-0.09431788712888835,0.01680028504076936],[-0.09386939987572263,0.015852460579684483],[-0.09340062768422816,0.014914710984125739],[-0.09291383812254979,0.013987562968778894],[-0.09241129275858645,0.013071465966382303],[-0.09189523751537426,0.012166792185942868],[-0.09136789317454971,0.011273837080107818],[-0.09083144607307468,0.010392820214597937],[-0.09028803903726577,0.0095238865304844],[-0.08973976259680426,0.008667107988026217],[-0.08918864651982338,0.007822485578793321],[-0.08863665170838136,0.006989951690889833],[-0.08808566249164335,0.00616937281027378],[-0.08753747935192312,0.005360552539453376],[-0.08699381211638874,0.004563234913234634],[-0.08645627364472624,0.0037771079897089047],[-0.08592637404039888,0.0030018076933103813],[-0.08540551541034562,0.002236921885548038],[-0.08489498719505242,0.0014819946379330917],[-0.08439596208791351,0.0007365306806835394],[-0.08390949255969772,7.307341616448888e-18],[-0.08343650800076052,-0.0007281574439265427],[-0.08297781249041486,-0.001448526906490632],[-0.08253408319960906,-0.0021617139844633806],[-0.08210586942977559,-0.0028683397067861736],[-0.08169359228742866,-0.0035690356191483805],[-0.08129754499081658,-0.00426443889096415],[-0.08091789380169762,-0.004955187473037264],[-0.08055467957211877,-0.0056419153337206535],[-0.0802078198929542,-0.006325247800739374],[-0.07987711182792222,-0.007005797035059873],[-0.0795622352138578,-0.007684157662255762],[-0.0792627565051919,-0.008360902585748765],[-0.07897813313789194,-0.009036579005098565],[-0.07870771838556273,-0.009711704661184038],[-0.07845076667800902,-0.010386764328668686],[-0.07820643935033127,-0.0110622065745835],[-0.07797381078857613,-0.01173844080019937],[-0.0777518749361026,-0.012415834581609341],[-0.07753955212316695,-0.013094711322606397],[-0.07733569618077465,-0.013775348231538198],[-0.07713910179861297,-0.014457974631854624],[-0.07694851208586033,-0.01514277061404989],[-0.07676262629287928,-0.015829866034649046],[-0.07658010765123872,-0.016519339865810855],[-0.07639959128918203,-0.01721121989702672],[-0.07621969217956102,-0.017905482788300685],[-0.07603901307739178,-0.018602054472110118],[-0.07585615240455522,-0.019300810899382303],[-0.0756697120397596,-0.020001579122690592],[-0.07547830497270273,-0.020704138707885997],[-0.0752805627824081,-0.021408223463447704],[-0.07507514290096214,-0.022113523474970094],[-0.07486073562533353,-0.02281968743041338],[-0.07463607084161064,-0.023526325220042565],[-0.07439992442783049,-0.024233010793371625],[-0.07415112430359018,-0.02493928525392847],[-0.07388855609681157,-0.025644660171267226],[-0.07361116840036266,-0.0263486210883876],[-0.07331797759371149,-0.027050631201581844],[-0.0730080722073841,-0.02775013518872626],[-0.07268061681070678,-0.028446563161169607],[-0.0723348554061133,-0.02913933471365289],[-0.07197011431618024,-0.02982786304612495],[-0.071585804552499,-0.030511559130901568],[-0.07118142365848305,-0.031189835898352884],[-0.07075655702123285,-0.03186211241419778],[-0.07031087865061485,-0.03252781802153447],[-0.06984415142674333,-0.03318639642094264],[-0.06935622682006584,-0.03383730966235531],[-0.06884704409122752,-0.03448004202291318],[-0.06831662898081133,-0.035114103745680546],[-0.06776509190190382,-0.035739034614913165],[-0.0671926256512035,-0.03635440734452398],[-0.06659950265705603,-0.03695983075748245],[-0.06598607178535308,-0.037554952735106],[-0.06535275472665585,-0.03813946291654679],[-0.06470004199018616,-0.0387130951302392],[-0.06402848853245638,-0.039275629540643196],[-0.06333870905027061,-0.03982689449528752],[-0.06263137296961678,-0.04036676805887611],[-0.061907199163567496,-0.04089517922305989],[-0.06116695043371493,-0.04141210878238514],[-0.06041142779086655,-0.041917589868897036],[-0.059641464571725096,-0.0424117081398934],[-0.05885792042905743,-0.042894601615375644],[-0.058061675233421484,-0.04336646016382148],[-0.05725362292486525,-0.04382752463699529],[-0.05643466535313329,-0.04427808565660398],[-0.05560570614481848,-0.04471848205768897],[-0.05476764463557502,-0.045149098995705295],[-0.05392136990497031,-0.045570365726265286],[-0.05306775495079827,-0.045982753068505904],[-0.05220765103871107,-0.0463867705649653],[-0.051341882261856146,-0.04678296335270963],[-0.050471240343834975,-0.047171908762234725],[-0.04959647971674273,-0.04755421266235568],[-0.04871831290430539,-0.04793050557089467],[-0.04783740623822055,-0.0483014385524629],[-0.0469543759337366,-0.04866767892600471],[-0.0460697845482822,-0.049029905806020735],[-0.04518413784460644,-0.0493888055025038],[-0.044297882077407036,-0.049745066805601694],[-0.04341140171984263,-0.05009937618185725],[-0.042525017643642436,-0.050452412909566334],[-0.041638985763771307,-0.05080484418132721],[-0.04075349615578694,-0.05115732020223897],[-0.039868672651161854,-0.05151046931242412],[-0.03898457291294394,-0.05186489316261479],[-0.03810118899122197,-0.05222116197144106],[-0.0372184483549549,-0.05257980989279897],[-0.03633621539383451,-0.05294133052125638],[-0.03545429338100275,-0.0533061725628749],[-0.03457242688464121,-0.05367473569809302],[-0.03369030461372251,-0.05404736666242847],[-0.03280756268056103,-0.05442435556972603],[-0.03192378826025456,-0.05480593250149933],[-0.031038523624667497,-0.05519226438460581],[-0.030151270526300664,-0.05558345217805059],[-0.029261494905219378,-0.05597952838815363],[-0.02836863189019672,-0.05638045492963732],[-0.02747209106337614,-0.05678612134840937],[-0.02657126195607714,-0.05719634341994008],[-0.025665519741878383,-0.0576108621351696],[-0.02475423109180772,-0.058029343083843506],[-0.02383676015537435,-0.05845137624307322],[-0.022912474630281583,-0.05887647617676351],[-0.02198075188298401,-0.059304082649352344],[-0.021040985081787044,-0.059733561655083874],[-0.020092589303946598,-0.06016420686179202],[-0.01913500757820593,-0.06059524146592224],[-0.018167716824405985,-0.0610258204532799],[-0.017190233652231934,-0.06145503325776796],[-0.016202119981796808,-0.061881906808187344],[-0.015202988449625966,-0.0623054089510224],[-0.014192507564672364,-0.06272445223504167],[-0.013170406580273769,-0.06313789804151443],[-0.012136480049435057,-0.06354456104189407],[-0.011090592032491516,-0.06394321396295619],[-0.010032679928056148,-0.06433259263761519],[-0.00896275790018044,-0.06471140131798726],[-0.007880919876844418,-0.06507831822572814],[-0.006787342097225131,-0.06543200131326282],[-0.005682285187670921,-0.06577109420824323],[-0.004566095748901776,-0.066094232312435],[-0.0034392074396686237,-0.06640004902524158],[-0.002302141544902265,-0.06668718206124002],[-0.0011555070192700973,-0.06695427983042208],[-1.7359370405580936e-17,-0.06720000784931994],[0.0011635972141699434,-0.067423055150845],[0.0023344177180371108,-0.06762214066048518],[0.0035115120860530584,-0.06779601950649414],[0.004693850983556778,-0.0679434892318613],[0.005880328294147792,-0.06806339587617917],[0.0070697647512378515,-0.06815463989601715],[0.008260912058895535,-0.06821618189307395],[0.009452457484231638,-0.0682470481202012],[0.010643028900802886,-0.06824633573637592],[0.01183120025983034,-0.06821321778283482],[0.013015497463474336,-0.06814694785386838],[0.014194404611972345,-0.0680468644372014],[0.015366370594164378,-0.06791239490044727],[0.016529815988798015,-0.06774305910181426],[0.017683140242044263,-0.06753847260504851],[0.018824729084877718,-0.06729834948051615],[0.019952962152379863,-0.06702250467634298],[0.021066220765639153,-0.06671085594563511],[0.022162895835734022,-0.0663634253179874],[0.023241395848323257,-0.06598034010573615],[0.024300154886617093,-0.06556183343771808],[0.025337640649987427,-0.06510824431564459],[0.02635236242518042,-0.06462001719058107],[0.027342878967040348,-0.06409770105941612],[0.02830780624582515,-0.06354194808361095],[0.029245825018601537,-0.0629535117349153],[0.030155688182847876,-0.06233324447511315],[0.0310362278712566,-0.061682094979209255],[0.03188636224782318,-0.061001104913767826],[0.032705101966615836,-0.060291405284362984],[0.03349155625614841,-0.05955421236827742],[0.03424493859400404,-0.05879082325068682],[0.0349645719382882,-0.05800261098457567],[0.03564989348460014,-0.05719101939653883],[0.03630045891950331,-0.05635755756242293],[0.036915946143931,-0.05550379397843543],[0.03749615844256821,-0.054631350454902715],[0.03804102707799902,-0.053741895761264924],[0.03855061329127552,-0.05283713905216699],[0.03902510969354666,-0.0519188231056159],[0.03946484103645523,-0.050988717405137475],[0.03987026435216472,-0.0500486110986573],[0.04024196845708668,-0.04910030586746459],[0.040580672816637846,-0.048145608739074024],[0.04088722577163729,-0.04718632487809041],[0.041162602130247486,-0.04622425038929589],[0.04140790013264794,-0.04526116516711563],[0.04162433779888977,-0.04429882582538911],[0.041813248673596724,-0.04333895874096136],[0.04197607698433601,-0.04238325324403663],[0.04211437223356324,-0.04143335498748663],[0.04222978324703407,-0.040490859526401364],[0.04232405170445434,-0.03955730613809848],[0.04239900518089593,-0.038634171911590735],[0.0424565497301202,-0.03772286613413872],[0.04249866204341493,-0.03682472500101191],[0.04252738121984548,-0.03594100667294114],[0.04254480018593829,-0.03507288670398128],[0.04255305680474201,-0.034221453860630406],[0.04255432471593614,-0.03338770635106721],[0.042550803950173244,-0.03257254848129886],[0.042544711362137146,-0.03177678775285108],[0.04253827092786966,-0.031001132414407804],[0.04253370395275761,-0.030246189477516543],[0.042533219237173875,-0.02951246320414374],[0.042539003247127366,-0.0288003540714901],[0.04255321033739676,-0.028110158217083882],[0.042577953074497875,-0.027442067364765354],[0.04261529270646767,-0.02679616922977106],[0.042667229825837906,-0.026172448398740996],[0.04273569527132471,-0.02557078767810778],[0.04282254131267626,-0.02499096990200714],[0.04292953316181065,-0.024432680188576233],[0.043058340851840085,-0.023895508631300525],[0.04321053152382893,-0.02337895340993474],[0.04338756215917738,-0.02288242430347789],[0.043590772793371174,-0.02240524658572881],[0.043821380244501315,-0.021946665282104524],[0.04408047238744806,-0.021505849764673922],[0.04436900300195453,-0.021081898660752545],[0.04468778721999891,-0.02067384504893354],[0.045037497594927575,-0.020280661915094728],[0.045418660811746635,-0.019901267839737953],[0.04583165505480641,-0.01953453288698135],[0.04627670804586316,-0.01917928466465131],[0.04675389576218842,-0.018834314524205257],[0.04726314184102867,-0.018498383868669664],[0.04780421767332124,-0.01817023053639529],[0.04837674318615808,-0.01784857522822125],[0.04898018831007829,-0.017532127945598094],[0.049613875123881795,-0.0172195944073475],[0.050276980666302554,-0.0169096824130347],[0.05096854040058566,-0.016601108121391775],[0.051687452314786796,-0.01629260221285889],[0.052432481637480974,-0.015982915906096205],[0.05320226614553542,-0.015670826799263137],[0.05399532203769822,-0.015355144507952502],[0.05481005034497941,-0.015034716072904325],[0.055644743846184216,-0.014708431111995032],[0.05649759445450036,-0.014375226692499882],[0.057366701038761736,-0.014034091901247851],[0.05825007764092253,-0.01368407209202042],[0.05914566204938074,-0.013324272791381602],[0.06005132468611188,-0.0129538632460514],[0.06096487776410362,-0.012572079596943647],[0.061884084670347235,-0.012178227667065012],[0.06280666952862722,-0.011771685352609284],[0.06373032689558124,-0.011351904608762571],[0.0646527315429669,-0.010918413023953666],[0.06557154827877984,-0.010470814978524961],[0.06648444175982232,-0.010008792386049653],[0.06738908624851239,-0.00953210501777322],[0.06828317526716482,-0.009040590412891812],[0.0691644311036471,-0.008534163379593595],[0.07003061412322789,-0.008012815093960492],[0.07087953184257412,-0.00747661180595486],[0.07170904772321937,-0.006925693163777114],[0.07251708964340518,-0.006360270169875446],[0.07330165800898639,-0.00578062278379694],[0.07406083346607614,-0.0051870971888889365],[0.07479278418027847,-0.004580102741575829],[0.07549577264970471,-0.003960108623540297],[0.07616816202147683,-0.0033276402186264518],[0.07680842188408228,-0.002683275237638526],[0.07741513351073298,-0.002027639615436445],[0.07798699453179758,-0.001361403205811162],[0.07852282301738679,-0.000685275300564104],[0.07902156095427842,-1.376334246204936e-17]]}},{"type":"Feature","properties":{"kind":"contour","demo":true,"depth_m":200},"geometry":{"type":"LineString","coordinates":[[0.09820040421526505,0.0],[0.09877293798500848,0.0008619997621619552],[0.09929722499461763,0.001733411593143335],[0.09977243060872347,0.002613216869316395],[0.10019788368650662,0.0035003778695719572],[0.10057307698434756,0.004393843923787485],[0.1008976667723289,0.005292557533441681],[0.1011714716732034,0.006195460429214534],[0.10139447073640556,0.007101499531011917],[0.10156680076356395,0.008009632776645282],[0.10168875290574841,0.008918834786374877],[0.10176076855634128,0.009828102331683233],[0.10178343456693272,0.010736459577977411],[0.1017574778169937,0.011642963072415993],[0.10168375917125413,0.01254670644971111],[0.10156326686169385,0.013446824830557213],[0.10139710933382538,0.014342498889276606],[0.10118650759949586,0.01523295856933576],[0.10093278714074536,0.01611748642756392],[0.10063736941132272,0.01699542059018469],[0.1003017629842644,0.01786615730613845],[0.09992755439547914,0.01872915308561564],[0.09951639873454346,0.019583926414224035],[0.09907001003489618,0.020430059035763098],[0.09859015151631573,0.02126719679916073],[0.09807862573297407,0.0220950500677276],[0.09753726468048123,0.022913393691487687],[0.09696791991516454,0.023722066545934905],[0.09637245273837293,0.024520970643131315],[0.09575272449785492,0.025310069823587016],[0.09511058705724305,0.026089388039832056],[0.09444787348338642,0.026859007244992],[0.09376638899971848,0.027619064901998076],[0.0930679022520382,0.028369751131286938],[0.09235413693102942,0.029111305516961946],[0.09162676379355553,0.029844013593384396],[0.0908873931222645,0.030568203036030667],[0.09013756766032632,0.03128423958217564],[0.08937875605522835,0.03199252270853831],[0.08861234684248183,0.03269348109444067],[0.08783964299686531,0.03338756790027839],[0.08706185707546774,0.03407525589217588],[0.08628010697331069,0.03475703244459098],[0.08549541230874975,0.03543339445334259],[0.08470869145219387,0.036104843192052725],[0.08392075920796527,0.0367718791453209],[0.0831323251553665,0.03743499685208084],[0.08234399265124924,0.038094679792527196],[0.08155625849261214,0.03875139535174246],[0.08076951323401227,0.03940558989270551],[0.07998404215087757,0.040057683970721444],[0.07920002683617759,0.040708067720486574],[0.07841754741436455,0.04135709644599233],[0.07763658535305795,0.0420050864422861],[0.07685702684963204,0.04265231107675139],[0.07607866676669175,0.04329899715605113],[0.07530121308741256,0.043945321603206425],[0.07452429185888192,0.044591408467466224],[0.0737474525889371,0.04523732628767276],[0.07297017405955507,0.04588308582775336],[0.0721918705176314,0.04652863820078369],[0.07141189820199657,0.04717387339578143],[0.07062956216377232,0.04781861921901818],[0.06984412333567423,0.048462640659191404],[0.06905480580463125,0.04910563968329333],[0.06826080424111973,0.049747255467463794],[0.06746129143790978,0.050387065064530834],[0.06665542591049303,0.0510245845073467],[0.06584235951130833,0.05165927034442427],[0.06502124501000636,0.05229052160179274],[0.06419124359239141,0.05291768216243078],[0.06335153223134911,0.053540043552115904],[0.06250131088400677,0.05415684811806751],[0.06163980947057292,0.05476729258436738],[0.06076629459175772,0.05537053196583343],[0.05988007594337729,0.05596568381980948],[0.058980512388682155,0.05655183281323213],[0.05806701765111428,0.05712803558035391],[0.057139065592571585,0.057693325844654],[0.05619619504483437,0.05824671977676294],[0.05523801416456732,0.05878722155867688],[0.054264204285237705,0.05931382912314776],[0.05327452324237078,0.059825540035918584],[0.05226880815177624,0.06032135748743248],[0.051246977623709895,0.06080029635978906],[0.05020903339936076,0.06126138933405532],[0.04915506139955856,0.06170369300256608],[0.048085232179157805,0.06212629395057408],[0.04699980078415427,0.06252831477153308],[0.04589910601220517,0.06290891998042177],[0.04478356908083761,0.06326732178984003],[0.043653691711217336,0.06360278571413161],[0.042510053638894485,0.06391463596750689],[0.04135330956642208,0.06420226062305145],[0.04018418557613751,0.06446511650060753],[0.039003475024689156,0.06470273375279922],[0.03781203394405818,0.06491472011993392],[0.03661077597685464,0.06510076482614219],[0.03540066687653695,0.06526064209090927],[0.034182718605900005,0.0653942142320942],[0.03295798306968429,0.06550143433861585],[0.03172754551946017,0.06558234849319963],[0.030492517671027834,0.06563709752791072],[0.02925403057642809,0.06566591829763939],[0.028013227294275855,0.06566914445923563],[0.02677125540349374,0.06564720674660192],[0.025529259406631536,0.06560063273473163],[0.024288373069801705,0.06553004608840887],[0.023049711746835077,0.06543616529405133],[0.021814364735562152,0.06531980187596576],[0.020583387714151438,0.0651818581010798],[0.019357795305185853,0.06502332417899963],[0.0181385538146324,0.06484527496700544],[0.016926574192062983,0.06464886619232087],[0.015722705257416442,0.06443533020666238],[0.01452772723826204,0.06420597129067786],[0.013342345659937912,0.06396216052840298],[0.012167185629102822,0.06370533027428915],[0.011002786549167115,0.06343696823767062],[0.009849597303767657,0.06315861121173127],[0.00870797194193678,0.06287183847608974],[0.007578165895898366,0.06257826490403387],[0.006460332759521123,0.06227953380719058],[0.005354521652384613,0.061977309552007656],[0.004260675191185882,0.061673269983836536],[0.0031786280868491006,0.0613690986956368],[0.0021081063822180027,0.061066477179361735],[0.00104872734162887,0.06076707689892815],[5.2071691229715715e-18,0.06047255132431443],[-0.0010386736246463745,0.06018452796676639],[-0.002067996655074017,0.059904600455317585],[-0.003088774818755526,0.059634320694846664],[-0.00410191325922404,0.05937519114570003],[-0.005108412706000577,0.05912865726450252],[-0.006109365017949323,0.0588961001451645],[-0.007105948118554604,0.05867882939827311],[-0.008099420345168105,0.05847807630603202],[-0.009091114237724643,0.05829498728869359],[-0.010082429795750055,0.05813061771701433],[-0.011074827235665583,0.05798592610366814],[-0.012069819283413644,0.05786176870477738],[-0.013068963040270906,0.05775889456078107],[-0.014073851462361281,0.05767794100375971],[-0.015086104496818025,0.05761942965608987],[-0.01610735991975739,0.057583762942920114],[-0.01713926392320155,0.0575712211384533],[-0.01818346149981704,0.05758195996340558],[-0.019241586675803703,0.0576160087482984],[-0.020315252643470807,0.05767326917444428],[-0.021406041845964487,0.057753514601623104],[-0.022515496067255877,0.057856389988527095],[-0.023645106580861264,0.05798141240909702],[-0.024796304410837515,0.05812797216489242],[-0.025970450758380115,0.058295334490652675],[-0.027168827646844678,0.05848264184722637],[-0.028392628837220407,0.058688916793092696],[-0.029642951065005606,0.058913065422782504],[-0.03092078564807997,0.05915388135764595],[-0.032227010513538615,0.05941005027162231],[-0.033562382689558766,0.05968015493195967],[-0.03492753130622133,0.05996268073222431],[-0.03632295114681439,0.06025602169244138],[-0.03774899678851964,0.06055848689883751],[-0.03920587736853658,0.06086830735342193],[-0.0406936520086487,0.06118364320155744],[-0.04221222592799586,0.0615025913037485],[-0.043761347270406044,0.06182319311611979],[-0.04534060466907227,0.062143442842484416],[-0.046949425567660144,0.06246129581951467],[-0.04858707531311004,0.06277467709533735],[-0.05025265703148566,0.06308149016088672],[-0.05194511229422746,0.0633796257925652],[-0.05366322257812409,0.0636669709641907],[-0.05540561151823503,0.06394141778585184],[-0.057170747948906496,0.06420087242715064],[-0.05895694972393901,0.06444326398238673],[-0.0607623883029161,0.06466655323552883],[-0.06258509408670425,0.06486874128332455],[-0.06442296248121003,0.06504787797561695],[-0.06627376066465372,0.06520207013286386],[-0.06813513502990184,0.06532948950198328],[-0.07000461926982587,0.0654283804129766],[-0.07187964307022979,0.06549706710029843],[-0.07375754137163801,0.06553396065464084],[-0.07563556415817646,0.06553756557267461],[-0.07751088672892481,0.06550648587432568],[-0.07938062040448847,0.0654394307593566],[-0.08124182361914381,0.06533521977735288],[-0.0830915133467658,0.06519278748767636],[-0.08492667680686565,0.06501118758852419],[-0.08674428339545202,0.06478959649691175],[-0.08854129678410227,0.0645273163641679],[-0.09031468712958551,0.06422377751437194],[-0.09206144333563271,0.06387854029606611],[-0.0937785853079989,0.06349129634052236],[-0.09546317614381489,0.06306186922281809],[-0.09711233419637995,0.0625902145249638],[-0.09872324495700478,0.06207641930331162],[-0.10029317269626947,0.06152070096544124],[-0.10181947180811628,0.060923405564654934],[-0.1032995978015428,0.06028500552309837],[-0.10473111788628901,0.059606096797346325],[-0.10611172110082169,0.05888739550303592],[-0.10743922793309174,0.05812973401778085],[-0.10871159938697073,0.057334056584144734],[-0.10992694544994702,0.05650141443687734],[-0.11108353292056476,0.05563296048091008],[-0.11217979255720816,0.05472994354875769],[-0.11321432551315086,0.05379370226796747],[-0.11418590902628818,0.05282565857108821],[-0.11509350133563605,0.051827310882286405],[-0.115936245800483,0.05080022701621295],[-0.11671347420201936,0.049746036826005834],[-0.11742470921130037,0.048666424638404135],[-0.11806966601152397,0.04756312151483526],[-0.11864825306678396,0.04643789737801877],[-0.11916057203368542,0.045292553044104095],[-0.11960691681644808,0.04412891220062133],[-0.11998777177036413,0.04294881337057652],[-0.12030380906268931,0.04175410190286311],[-0.12055588520420947,0.040546622028791904],[-0.12074503676882464,0.03932820902396589],[-0.12087247532249604,0.03810068151394726],[-0.12093958158679712,0.03686583396118468],[-0.1209478988660745,0.035625429369498716],[-0.12089912577083656,0.03438119224106506],[-0.12079510827343098,0.033134801819300445],[-0.12063783113532962,0.03188788564934982],[-0.12042940874839077,0.030642013486008653],[-0.12017207543530112,0.029398691576898596],[-0.11986817525699851,0.028159357346561772],[-0.1195201513772271,0.026925374504858855],[-0.11913053503646641,0.025698028600661622],[-0.11870193418929854,0.024478523039337827],[-0.11823702186081707,0.02326797557994313],[-0.11773852427893736,0.02206741532538153],[-0.11720920884042732,0.020877780216082883],[-0.11665187196914292,0.01969991503499003],[-0.11606932692531283,0.01853456992886322],[-0.11546439162477827,0.017382399448111516],[-0.11483987652685124,0.016243962104564368],[-0.11419857264891133,0.015119720443816782],[-0.113543239765022,0.014010041626034092],[-0.1128765948447143,0.012915198506400022],[-0.11220130078666943,0.011835371203753085],[-0.1115199555003345,0.010770649143389838],[-0.11083508138654209,0.00972103355753813],[-0.11014911526598295,0.008686440424629356],[-0.10946439880191268,0.007666703826239073],[-0.10878316946077546,0.0066615796984327465],[-0.1081075520515096,0.005670749952258302],[-0.10743955088118276,0.004693826936280476],[-0.10678104256130075,0.0037303582123634537],[-0.10613376949566447,0.0027798316143854513],[-0.1054993340770311,0.0018416805582224512],[-0.10487919361608829,0.0009152895701708086],[-0.10427465602239484,9.080862131912329e-18],[-0.10368687625299638,-0.0009048841159606224],[-0.10311685354041375,-0.0018000900768888938],[-0.10256542940764451,-0.002686370460271219],[-0.10203328647373668,-0.003564497021212621],[-0.10152094804940956,-0.004435254584022156],[-0.10102877851813226,-0.0052994349616337574],[-0.10055698449404483,-0.006157830938017317],[-0.10010561674414659,-0.007011230348135423],[-0.09967457285829313,-0.007860410289208447],[-0.09926360064677002,-0.008706131496074127],[-0.09887230224155438,-0.009549132912268629],[-0.09850013887386448,-0.010390126487124651],[-0.0981464362972457,-0.011229792227684547],[-0.09781039082226624,-0.012068773532572323],[-0.09749107592591566,-0.012907672833166633],[-0.09718744939602879,-0.01374704756547898],[-0.09689836096850978,-0.014587406494076933],[-0.09662256041281878,-0.01542920640721525],[-0.09635870601912404,-0.016272849200057893],[-0.0961053734387136,-0.017118679360507448],[-0.09586106482772706,-0.017966981869715917],[-0.09562421824300309,-0.018817980526847904],[-0.09539321723785746,-0.019671836705117202],[-0.0951664006049097,-0.020528648543535734],[-0.09494207221266633,-0.02138845057621362],[-0.0947185108824495,-0.022251213798446204],[-0.09449398025242894,-0.02311684616623216],[-0.09426673857597034,-0.023985193523301515],[-0.09403504840225227,-0.02485604094720781],[-0.09379718608812362,-0.025729114503568157],[-0.09355145109146137,-0.02660408339513397],[-0.09329617499784537,-0.02748056249005597],[-0.0930297302341738,-0.028358115211482272],[-0.09275053842489928,-0.029236256768512728],[-0.09245707834884972,-0.03011445770653473],[-0.09214789345710425,-0.03099214775309974],[-0.09182159891510382,-0.03186871993377399],[-0.09147688813507523,-0.03274353493082229],[-0.09111253876791957,-0.033615925656168326],[-0.09072741812694102,-0.034485202008827515],[-0.09032048801915958,-0.035350655785934305],[-0.08989080896342991,-0.036211565715593336],[-0.08943754377817159,-0.03706720257907595],[-0.08895996052517552,-0.0379168343893651],[-0.08845743479966788,-0.038759731592725596],[-0.08792945136056966,-0.03959517225984424],[-0.08737560509866131,-0.04042244723314749],[-0.08679560134412943,-0.04124086519716042],[-0.0861892555187157,-0.0420497576392216],[-0.08555649214138523,-0.042848483668507874],[-0.08489734320006159,-0.043636434662151356],[-0.08421194590552115,-0.04441303870823883],[-0.08350053984697853,-0.0451777648166714],[-0.08276346357220905,-0.04593012687021658],[-0.0820011506182267,-0.046669687289604335],[-0.08121412502154841,-0.04739606038818985],[-0.08040299633991096,-0.04810891539352295],[-0.07956845421995237,-0.04880797911511446],[-0.0787112625478057,-0.04949303823976406],[-0.07783225322177584,-0.05016394123800032],[-0.07693231958825403,-0.05082059986746892],[-0.0760124095837754,-0.051462990261477076],[-0.07507351862761696,-0.05209115359334747],[-0.07411668231057274,-0.05270519630974061],[-0.07314296892651306,-0.05330528992865441],[-0.07215347189403665,-0.05389167040039199],[-0.07114930211595276,-0.05446463703238706],[-0.07013158032448166,-0.05502455098137644],[-0.06910142945994001,-0.05557183331899714],[-0.0680599671302781,-0.05610696267944612],[-0.06700829819816691,-0.05663047250035905],[-0.06594750754139425,-0.05714294787052692],[-0.0648786530311301,-0.057645022000463536],[-0.06380275877116603,-0.05813737233414243],[-0.0627208086395317,-0.058620716322438676],[-0.06163374017195536,-0.05909580688090882],[-0.06054243882447029,-0.059563427556527285],[-0.059447732650094606,-0.06002438742984401],[-0.058350387421938155,-0.06047951578073251],[-0.05725110223232737,-0.06092965654745045],[-0.05615050559461735,-0.06137566261012195],[-0.05504915207127392,-0.061818389930969386],[-0.05394751944860167,-0.06225869158466217],[-0.052846006475158934,-0.06269741171300697],[-0.051744931177477846,-0.06313537943886652],[-0.050644529763200635,-0.06357340277467166],[-0.049544956118184616,-0.06401226256116092],[-0.04844628190052594,-0.06445270647206257],[-0.0473484972308387,-0.06489544312030815],[-0.04625151197451325,-0.06534113630104257],[-0.04515515760808685,-0.06579039940617427],[-0.04405918965832022,-0.06624379004448869],[-0.04296329069908923,-0.06670180490043676],[-0.04186707388781129,-0.06716487486360842],[-0.040770087019830065,-0.06763336045961824],[-0.03967181707601787,-0.06810754761166701],[-0.03857169523582253,-0.06858764376041623],[-0.037469102325119574,-0.06907377436801815],[-0.036363374665530225,-0.06956597983020425],[-0.03525381028936185,-0.07006421281825048],[-0.034139675482024796,-0.07056833607042243],[-0.03302021161169171,-0.07107812065017335],[-0.031894642204114323,-0.07159324468592713],[-0.03076218021889108,-0.07211329260474694],[-0.029622035482119252,-0.07263775486957848],[-0.0284734222292509,-0.07316602822707924],[-0.027315566711133284,-0.07369741647031558],[-0.026147714815635742,-0.07423113171784415],[-0.024969139656966465,-0.07476629620790749],[-0.02377914908475678,-0.07530194460367691],[-0.022577093065238224,-0.07583702680269329],[-0.021362370887367674,-0.07637041124089088],[-0.020134438147548707,-0.07690088867886813],[-0.01889281346766972,-0.07742717645539657],[-0.017637084902504367,-0.07794792319055907],[-0.01636691599411193,-0.07846171391838615],[-0.015082051432704517,-0.07896707562643668],[-0.013782322285526784,-0.07946248317745364],[-0.01246765075758919,-0.07994636558603377],[-0.011138054450614164,-0.08041711262119183],[-0.009793650089271456,-0.08087308170378711],[-0.008434656686678694,-0.08131260506602624],[-0.007061398124222777,-0.08173399713866407],[-0.0056743051239799705,-0.08213556213011428],[-0.0042739165953835775,-0.08251560176044714],[-0.002860880341264849,-0.08287242311221615],[-0.0014359531119810913,-0.08320434655920866],[-2.1572557795167934e-17,-0.08350971373357705],[0.001446006828963534,-0.08378689549137044],[0.0029009900684087812,-0.0840342998362603],[0.0043637698634771,-0.08425037976123728],[0.005833067055941756,-0.08443364096825076],[0.007307507070606765,-0.08458264942616926],[0.00878562442825044,-0.08469603872805231],[0.010265867866615166,-0.0847725172095479],[0.01174660604738278,-0.08481087479124953],[0.013226133823632146,-0.08480998950907145],[0.014702679038943785,-0.08476883369810992],[0.016174409826141704,-0.08468647979705769],[0.017639442370636155,-0.08456210574201176],[0.01909584910049545,-0.08439499992045586],[0.02054166726272483,-0.08418456565829927],[0.021974907842793608,-0.08393032521509913],[0.023393564782242644,-0.08363192326497625],[0.024795624447222477,-0.08328912984323962],[0.026179075299091137,-0.08290184274135114],[0.027541917716724866,-0.08247008933557488],[0.02888217391899996,-0.0819940278374512],[0.030197897934970453,-0.08147394795710138],[0.03148718556862651,-0.0809102709732838],[0.03274818430475168,-0.08030354920708337],[0.03397910310232936,-0.07965446489909016],[0.035178222022162246,-0.07896382849291386],[0.03634390163587482,-0.07823257633085771],[0.037474592164264506,-0.07746176777052938],[0.0385688422940405,-0.07665258173408389],[0.039625307623350224,-0.07580631270465252],[0.04064275868811786,-0.07492436618730515],[0.04162008852311836,-0.0740082536545988],[0.04255631971385466,-0.07305958699937662],[0.04345061089770479,-0.07208007251997611],[0.044302262675429124,-0.07107150446537845],[0.045110722896974674,-0.0700357581700663],[0.04587559128856594,-0.06897478281043813],[0.04659662339130825,-0.0678905938165574],[0.047273733784944795,-0.0667852649747628],[0.047906998573971585,-0.06566092025824553],[0.04849665711702003,-0.06451972542408098],[0.04904311298423237,-0.0633638794163977],[0.04954693413127349,-0.06219560561635105],[0.05000885228261107,-0.06101714298035661],[0.05042976152074472,-0.059830737108605335],[0.05081071608214281,-0.05863863128624281],[0.05115292736473814,-0.057443057539737344],[0.05145776015591597,-0.056246227750883004],[0.051726728093978526,-0.05505032487059854],[0.05196148838006825,-0.05385749427417093],[0.05216383576145618,-0.05266983529888112],[0.052335695810930824,-0.05148939300401736],[0.0524791175307357,-0.050318150192157726],[0.052596265313083056,-0.04915801972927157],[0.0526894102926939,-0.048010837199677435],[0.05276092113006495,-0.0468783539301901],[0.05281325426722452,-0.04576223041591986],[0.0528489437005912,-0.04466403017814932],[0.052870590318181004,-0.04358521408252035],[0.05288085085080255,-0.04252713514343706],[0.05288242648902417,-0.04149103383812435],[0.052878051219580134,-0.04047803395120965],[0.05287047993649439,-0.03948913896801108],[0.05286247638353048,-0.03852522903195035],[0.052856800985618464,-0.03758705847866204],[0.05285619862765846,-0.03667525395647273],[0.05286338643954877,-0.03579031313997291],[0.052881041646435714,-0.03493260404043226],[0.05291178954302722,-0.03410236491382022],[0.05295819165035594,-0.0332997047642058],[0.05302273411261995,-0.032524604437346005],[0.053107816390676583,-0.03177691829633425],[0.05321574030741814,-0.03105637646829794],[0.05334869949862945,-0.030362587648309163],[0.05350876932101936,-0.029695042443932104],[0.05369789726694472,-0.029053117241176676],[0.05391789393291492,-0.028436078570086405],[0.05417042458629213,-0.027843087945760594],[0.05445700137169802,-0.027273207158319254],[0.05477897619551971,-0.026725403983169468],[0.055137534323590705,-0.02619855828093542],[0.05553368872362234,-0.02569146845458651],[0.05596827518030012,-0.025202858229638716],[0.056441948207150094,-0.024731383721833575],[0.05695517777535001,-0.024275640755412022],[0.057508246875620915,-0.02383417239401444],[0.058101249925216605,-0.023405476645349088],[0.05873409202784334,-0.02298801430009143],[0.05940648909012086,-0.022580216865001845],[0.06011796879395334,-0.02218049454998769],[0.06086787241993945,-0.021787244268784114],[0.06165535751274079,-0.021398857613086523],[0.06247940137515927,-0.02101372876033854],[0.0633388053735806,-0.02063026227595326],[0.06423220003343261,-0.020246880771527455],[0.06515805089941493,-0.01986203238158456],[0.06611466513148931,-0.019474198022555372],[0.06710019880401122,-0.019081898399060947],[0.06811266487193568,-0.01868370072409978],[0.06914994176477753,-0.018278225121445037],[0.0702097825659525,-0.017864150680424202],[0.07128982473229235,-0.01744022113526852],[0.07238760030593218,-0.017005250143372126],[0.07350054656841326,-0.016558126139082405],[0.07462601708475904,-0.016097816742034875],[0.07576129308345507,-0.015623372701542525],[0.07690359511672944,-0.015133931361128837],[0.07805009494426887,-0.01462871962995004],[0.07919792758255063,-0.014107056450563047],[0.08034420346130379,-0.013568354755252565],[0.08148602062825126,-0.013012122905915989],[0.08262047694322738,-0.012437965615301198],[0.08374468220300296,-0.011845584350191273],[0.08485577013869812,-0.011234777219907077],[0.08595091022849832,-0.010605438356249388],[0.0870273192695251,-0.009957556793700547],[0.08808227265412774,-0.00929121486134903],[0.08911311529756118,-0.00860658610056206],[0.09011727216597634,-0.007903932724910882],[0.09109225835587409,-0.007183602641224408],[0.0920356886786395,-0.006446026052908282],[0.09294528670647281,-0.005691711668799152],[0.09381889323895157,-0.004921242542817156],[0.09465447415257432,-0.004135271571529213],[0.09545012759894249,-0.0033345166784211457],[0.09620409052070344,-0.002519755715202217],[0.09691474445800027,-0.0016918211118098067],[0.0975806206219166,-0.0008515943079518321],[0.09820040421526502,-1.7103759743601863e-17]]}},{"type":"Feature","properties":{"kind":"contour","demo":true,"depth_m":500},"geometry":{"type":"LineString","coordinates":[[0.1403687062202383,0.0],[0.14118709210335662,0.0012321516631600376],[0.1419365135524332,0.0024777570379783524],[0.14261577753076074,0.0037353600929661297],[0.14322392470248646,0.005003477498490698],[0.14376023000816515,0.006280607415461442],[0.14422420211658302,0.007565238244201654],[0.14461558176516634,0.008855857283246718],[0.1449343390069532,0.010150959248666892],[0.145180669387652,0.011449054605644311],[0.14535498908171046,0.012748677665431524],[0.14545792902154178,0.014048394402474705],[0.14549032805907441,0.015346809948388229],[0.1454532252035848,0.016642575721607815],[0.14534785098430883,0.017934396153914185],[0.14517561799058926,0.019221034977594125],[0.14493811064627607,0.020501321039776418],[0.14463707427873962,0.021774153613430536],[0.1442744035461595,0.02303850717762844],[0.14385213028970043,0.02429343564292766],[0.143372410879767,0.025538076001117644],[0.14283751312772575,0.026771651382062046],[0.14224980283628788,0.02799347350394772],[0.14161173006315075,0.029202944506896148],[0.14092581517349054,0.030399558163583754],[0.14019463475748573,0.031582900464234516],[0.1394208074892204,0.03275264957706891],[0.13860698000307706,0.03390857518899768],[0.13775581286307598,0.03505053723501619],[0.13686996669956156,0.03617848402836348],[0.13595208858618155,0.037292449807041765],[0.13500479872826074,0.03839255171572369],[0.13403067753144834,0.03947898624539077],[0.1330322531169323,0.040552025156224976],[0.1320119893465791,0.04161201091230157],[0.13097227441808704,0.04265935165948508],[0.1299154100866653,0.04369451578059988],[0.12884360156587213,0.04471802606441146],[0.12775894815610594,0.045730453527206956],[0.1266634346448512,0.04673241092778603],[0.12555892351816753,0.047724546018456396],[0.12444714801810373,0.04870753457616377],[0.12332970607573884,0.04968207325916164],[0.12220805514443624,0.05064887233563862],[0.12108350795266347,0.05160864833146187],[0.11995722919041799,0.05256211664466137],[0.11883023313793059,0.0535099841744689],[0.11770338223992687,0.054452942012636556],[0.1165773866233407,0.055391658244391316],[0.11545280455102573,0.05632677090574075],[0.11433004379872436,0.05725888114292801],[0.11320936393736612,0.058188546618653275],[0.11209087949769836,0.0591162752082353],[0.11097456398933862,0.06004251902719176],[0.10986025474159854,0.0609676688297792],[0.10874765852889559,0.06189204881586312],[0.10763635793926299,0.06281591188109882],[0.10652581844041505,0.06373943534280715],[0.10541539609404474,0.06466271717114094],[0.10430434586554511,0.06558577275217287],[0.10319183047317496,0.06650853220641129],[0.10207692971784542,0.0674308382829836],[0.10095865023221033,0.06835244484633599],[0.09983593558560269,0.06927301596880349],[0.0987076766795947,0.0701921256388229],[0.09757272236756721,0.07110925809091612],[0.09642989023067412,0.07202380875987997],[0.09527797744197508,0.07293508585790642],[0.09411577165029093,0.0738423125696376],[0.09294206181551495,0.07474462985646337],[0.09175564892768019,0.07564109985770838],[0.09055535654304232,0.07653070987275505],[0.08934004107177748,0.07741237690462968],[0.08810860175361,0.07828495274215864],[0.08685999025976486,0.07914722955450117],[0.08559321986207162,0.07999794596870313],[0.08430737411281548,0.08083579359791118],[0.08300161498202499,0.08165942398505407],[0.08167519040227975,0.08246745592415647],[0.08032744117480288,0.08325848311901386],[0.07895780719454736,0.0840310821367397],[0.07756583295616906,0.08478382061171102],[0.07615117230718232,0.08551526565369846],[0.07471359241918649,0.08622399241247898],[0.07325297695281228,0.08690859275000819],[0.07176932839693385,0.0875676839702756],[0.07026276956770251,0.08819991755629246],[0.06873354425804827,0.0888039878632669],[0.06718201703344047,0.0893786407169141],[0.0656086721748675,0.08992268186602463],[0.06401411177515971,0.09043498523887787],[0.06239905299990806,0.09091450095383513],[0.060764324529297434,0.09136026303547365],[0.05911086220214705,0.09177139678892879],[0.05743970388830196,0.09214712578668373],[0.05575198362022565,0.09248677842388306],[0.05404892501917138,0.09278979400033424],[0.05233183405564046,0.09305572828969147],[0.05060209118793722,0.09328425855887643],[0.048861142926484864,0.09347518800356683],[0.047110492875150074,0.09362844956856253],[0.04535169230411423,0.09374410912500317],[0.04358633031181132,0.09382236797974632],[0.04181602363610413,0.09386356469570094],[0.040042406177180676,0.09386817620553069],[0.03826711829660504,0.09383681820487443],[0.03649179595854116,0.0937702448150604],[0.034718059780374816,0.09366934750918954],[0.03294750406077986,0.09353515329941815],[0.03118168585370508,0.09336882218725458],[0.029422114156795458,0.09317164388267825],[0.027670239282403624,0.09294503380187213],[0.025927442478595568,0.09269052835730829],[0.024195025866415105,0.09240977955781922],[0.022474202758145215,0.0921045489401057],[0.020766088419403504,0.09177670085685086],[0.019071691335640815,0.09142819515021369],[0.017391905040989145,0.09106107924293957],[0.01572750056444215,0.09067747968263434],[0.014079119545062881,0.0902795931778826],[0.01244726806431815,0.08986967716783238],[0.010832311239755884,0.08945003996960249],[0.009234468620091866,0.08902303055037725],[0.0076538104173775375,0.08859102797332666],[0.00609025460730701,0.08815643056850962],[0.004543564923910586,0.08772164488167734],[0.003013349769904199,0.08728907445538032],[0.0014990620588438586,0.08686110849798657],[7.443183138627773e-18,0.08644011049713644],[-0.0014846911684507416,0.08602840683478082],[-0.002956016497693769,0.08562827546127462],[-0.0044151277031807485,0.08524193468602023],[-0.0058633186067417,0.08487153214187781],[-0.007302019661838235,0.08451913397997933],[-0.008732791583188036,0.08418671435070546],[-0.010157318107195676,0.08387614522541148],[-0.011577397914706277,0.08358918661202512],[-0.0129949357525295,0.0833274772158948],[-0.014411932794934648,0.08309252559524753],[-0.015830476290864218,0.08288570185833295],[-0.017252728546930902,0.08270822994679417],[-0.018680915300323928,0.08256118054703179],[-0.020117313539533988,0.08244546466832618],[-0.021564238834288693,0.08236182792327151],[-0.023024032239254304,0.0823108455426716],[-0.024499046838882852,0.08229291815346439],[-0.025991634003254625,0.08230826834450405],[-0.02750412942686533,0.08235693804115111],[-0.02903883902402506,0.08243878670562399],[-0.030598024755861812,0.08255349037597234],[-0.032183890464844774,0.08270054155236023],[-0.03379856779325967,0.08287924993512262],[-0.03544410226217169,0.08308874401479928],[-0.03712243958710251,0.083327973510082],[-0.03883541230592414,0.08359571264535223],[-0.040584726793339715,0.08389056425526449],[-0.04237195073477979,0.08421096469966213],[-0.04419850113060539,0.08455518956802316],[-0.04606563289917945,0.08492136014864399],[-0.04797442814466087,0.085307450633898],[-0.049925786152304245,0.08571129602917817],[-0.05192041417062407,0.08613060072956222],[-0.053958819036029476,0.08656294772484945],[-0.056041299691466324,0.08700580839042521],[-0.058167940646243116,0.0874565528184279],[-0.06033860641958646,0.08791246064094375],[-0.06255293700559514,0.08837073229444709],[-0.06481034439216328,0.08882850067245339],[-0.06711001016115363,0.0892828431113723],[-0.06945088419163925,0.0897307936528431],[-0.07183168448244015,0.09016935552442383],[-0.07425089810447298,0.09059551377938502],[-0.07670678328764992,0.09100624803554232],[-0.07919737264123027,0.09139854525255156],[-0.08172047750068101,0.09176941248688711],[-0.08427369338826522,0.09211588956383086],[-0.08685440656878923,0.09243506160621612],[-0.0894598016762232,0.09272407136039253],[-0.09208687038130027,0.09298013126090514],[-0.09473242106472989,0.0932005351767038],[-0.09739308945534718,0.0933826697833138],[-0.10006535018741115,0.0935240255072948],[-0.10274552922636807,0.09362220699148485],[-0.10542981710775014,0.09367494303195531],[-0.1081142829295064,0.0936800959402806],[-0.11079488903398349,0.09363567028763878],[-0.11346750631201385,0.0935398209903892],[-0.1161279300581465,0.09339086070010628],[-0.11877189630299018,0.09318726646456679],[-0.12139509854594822,0.09292768562987044],[-0.12399320480931929,0.09261094095770613],[-0.12656187493283874,0.09223603493573271],[-0.1290967780262442,0.09180215326310702],[-0.13159360999638087,0.09130866749734141],[-0.13404811106471806,0.0907551368528837],[-0.1364560831909387,0.09014130914606591],[-0.138813407318483,0.08946712088533966],[-0.14111606035858135,0.08873269650998412],[-0.14336013183039298,0.08793834678471486],[-0.14554184007637322,0.08708456636181677],[-0.14765754797391697,0.08617203052654869],[-0.14970377806665291,0.08520159114560127],[-0.15167722704149258,0.0841742718423119],[-0.1535747794806434,0.08309126242612841],[-0.15539352082127011,0.08195391260745241],[-0.15713074945930994,0.08076372503245872],[-0.1587839879380973,0.07952234767576528],[-0.1603509931669127,0.07823156563190181],[-0.1618297656193106,0.07689329234937624],[-0.1632185574660839,0.075509560353755],[-0.16451587960295952,0.07408251150853966],[-0.16572050753855863,0.07261438686473093],[-0.16683148611378043,0.0711075161518053],[-0.16784813302953516,0.06956430696438635],[-0.168770041165645,0.06798723370016004],[-0.1695970796797085,0.06637882630555828],[-0.17032939388076215,0.06474165888641141],[-0.17096740387863552,0.06307833824114556],[-0.17151180201595453,0.06139149237417452],[-0.1719635490957709,0.05968375904690839],[-0.17232386942374642,0.05795777442327275],[-0.1725942446896808,0.0562161618658088],[-0.17277640671889427,0.05446152093731168],[-0.1728723291295451,0.05269641666156405],[-0.1728842179373435,0.050923369095049686],[-0.17281450115428526,0.049144843259590176],[-0.17266581743295267,0.047363239483653764],[-0.17244100381258393,0.045580884197647165],[-0.17214308262747546,0.043800021225834415],[-0.17177524764233038,0.04202280361464737],[-0.1713408494828796,0.04025128603407317],[-0.1708433804334633,0.03848741778554629],[-0.17028645867624778,0.03673303644634918],[-0.1696738120493564,0.034989862176962656],[-0.16900926140339645,0.0332594927141146],[-0.1682967036376567,0.0315433990684832],[-0.1675400944986232,0.029842921942132783],[-0.16674343122441168,0.028159268876821165],[-0.16591073511922874,0.026493512140336378],[-0.16504603414206323,0.02484658735402144],[-0.16415334559346156,0.023219292860648288],[-0.16323665898346434,0.0216122898278288],[-0.1622999191625826,0.020026103078223275],[-0.16134700979607167,0.018461122633944466],[-0.16038173725973687,0.01691760595878318],[-0.1594078150330784,0.015395680878213063],[-0.15842884866277673,0.013895349153593757],[-0.15744832136634393,0.012416490683598042],[-0.15646958034223826,0.010958868302658594],[-0.1554958238488833,0.009522133143181646],[-0.15453008911086094,0.008105830525423031],[-0.1535752411060927,0.006709406336282432],[-0.15263396228310047,0.005332213855858064],[-0.15170874325248015,0.003973520988427319],[-0.15080187449154672,0.0026325178525941975],[-0.14991543909575603,0.0013083246836756177],[-0.1490513066049953,1.2980281283024946e-17],[-0.14821112792719648,-0.0012934510163339233],[-0.14739633137599312,-0.0025730679745359472],[-0.14660811983334246,-0.0038399266169000194],[-0.1458474690421996,-0.00509513009841289],[-0.14511512702849402,-0.006339800255321087],[-0.14441161464584665,-0.007575068913486151],[-0.14373722723071525,-0.008802069286778794],[-0.14309203734999063,-0.010021927514905842],[-0.142475898617519,-0.011235754388930761],[-0.14188845055063007,-0.012444637311352582],[-0.1413291244325241,-0.013649632535951228],[-0.14079715014135233,-0.014851757730703963],[-0.14029156390203393,-0.01605198490493722],[-0.1398112169123145,-0.017251233739513375],[-0.1393547847903109,-0.01845036535627694],[-0.13892077778682718,-0.019650176560214203],[-0.13850755170208381,-0.020851394584829864],[-0.13811331944319918,-0.02205467236813217],[-0.137736163155815,-0.023260584383359317],[-0.1373740468606754,-0.02446962304519717],[-0.1370248295237745,-0.025682195708747007],[-0.13668627848688153,-0.0268986222749241],[-0.13635608318384806,-0.028119133412323142],[-0.13603186906710868,-0.029343869401895543],[-0.13571121166819772,-0.030572879607067033],[-0.13539165071593706,-0.031806122568203095],[-0.13507070423618822,-0.03304346671662553],[-0.13474588255771647,-0.0342846916997162],[-0.13441470214976764,-0.0355294903050355],[-0.13407469921841925,-0.036777470967851895],[-0.1337234429906047,-0.0380281608430465],[-0.13335854861693916,-0.0392810094190421],[-0.13297768962705403,-0.04053539264822549],[-0.13257860987409045,-0.04179061756530816],[-0.13215913490826373,-0.043045927362214124],[-0.1317171827229955,-0.044300506885416945],[-0.131250773820982,-0.04555348851918063],[-0.13075804055171042,-0.04680395841590884],[-0.13023723567632828,-0.048050963032783146],[-0.1296867401203796,-0.049293515932088326],[-0.12910506987973447,-0.05053060480108724],[-0.12849088205001338,-0.05176119864603202],[-0.12784297995492713,-0.05298425511388642],[-0.12716031735418512,-0.054198727894593256],[-0.12644200171693717,-0.05540357415625434],[-0.12568729655208397,-0.05659776196540174],[-0.12489562279218204,-0.05778027764462853],[-0.12406655923305399,-0.05895013302021404],[-0.12319984203656675,-0.06010637251302262],[-0.1222953633093232,-0.06124808002686924],[-0.12135316877520277,-0.062374385589728555],[-0.12037345456475414,-0.06348447170460582],[-0.11935656314935868,-0.06457757936858458],[-0.11830297845282094,-0.06565301372050268],[-0.11721332017757734,-0.06671014927987971],[-0.11608833738702004,-0.06774843474210783],[-0.11492890138948597,-0.06876739729751526],[-0.11373599797324245,-0.06976664644470004],[-0.11251071904528374,-0.07074587727149623],[-0.1112542537299286,-0.07170487318005953],[-0.10996787898604649,-0.0726435080358266],[-0.10865294980424128,-0.07356174772349192],[-0.10731088904745514,-0.07445965109664256],[-0.10594317700022554,-0.07533737031127148],[-0.10455134069321631,-0.07619515053703614],[-0.10313694307064637,-0.07703332904381893],[-0.10170157206885176,-0.07785233366486115],[-0.10024682967443366,-0.07865268064145828],[-0.0987743210302697,-0.07943497185790384],[-0.0972856436570962,-0.08019989147902909],[-0.09578237685741106,-0.08094820200628569],[-0.0942660713671069,-0.08168073977183818],[-0.09273823931852841,-0.08239840989355544],[-0.09120034457656906,-0.08310218071708599],[-0.08965379350698884,-0.08379307777437048],[-0.0880999262333673,-0.08447217729094395],[-0.08654000843601195,-0.08514059927721714],[-0.08497522374274757,-0.08579950024156627],[-0.08340666675783315,-0.08645006556549635],[-0.08183533677130395,-0.0870935015833632],[-0.08026213218686003,-0.08773102741112195],[-0.07868784570201084,-0.08836386657031195],[-0.07711316026960126,-0.0889932384549735],[-0.07553864586507775,-0.0896203496904175],[-0.0739647570789608,-0.0902463854337161],[-0.07239183154897606,-0.09087250066646464],[-0.07082008924121092,-0.0914998115307514],[-0.0692496325845131,-0.0921293867593861],[-0.06768044745718285,-0.0927622392512586],[-0.06611240501984691,-0.09339931784223603],[-0.06454526438326835,-0.09404149932126114],[-0.06297867609478883,-0.09468958074028518],[-0.06141218642211753,-0.09534427206536511],[-0.059845242408336774,-0.09600618921468125],[-0.05827719766728286,-0.09667584752739615],[-0.056707318883937416,-0.09735365570518571],[-0.055134792980130146,-0.09803991026594619],[-0.053558734901756964,-0.09873479054661748],[-0.05197819597985748,-0.09943835428928952],[-0.05039217281431729,-0.10015053384177879],[-0.04879961662566846,-0.10087113300069665],[-0.04719944301747746,-0.10159982452169898],[-0.045590542089163785,-0.1023361483181184],[-0.04397178883677463,-0.10307951036556216],[-0.042342053777297176,-0.10382918232632475],[-0.04070021373049737,-0.10458430190363784],[-0.03904516269107539,-0.10534387393187736],[-0.03737582272310039,-0.10610677220489644],[-0.03569115480826097,-0.1068717420406675],[-0.03399016957943043,-0.10763740357642126],[-0.032271937871400036,-0.10840225578449122],[-0.03053560102139129,-0.10916468119512071],[-0.02878038085309113,-0.10992295130859872],[-0.027005589279487416,-0.1106752326752709],[-0.025210637461675484,-0.1114195936182558],[-0.023395044463082677,-0.11215401157008976],[-0.021558445341172374,-0.11287638099106284],[-0.01970059862166048,-0.11358452183369673],[-0.017821393103558368,-0.11427618851468345],[-0.015920853946956002,-0.11494907935266106],[-0.01399914799934253,-0.11560084642746889],[-0.012056588320406587,-0.11622910581401716],[-0.010093637869660511,-0.11683144814163095],[-0.008110912325838715,-0.11740544942771164],[-0.006109182011838824,-0.11794868213279605],[-0.0040893729039440775,-0.11845872638261175],[-0.0020525667091946475,-0.11893318130151787],[-3.083604443145791e-17,-0.11936967640080745],[0.0020669375995876886,-0.11976588296472364],[0.004146706176154431,-0.12011952537671747],[0.006237619232568585,-0.12042839232845319],[0.008337848326403947,-0.1206903478543434],[0.010445428625199744,-0.12090334213497834],[0.012558265357310338,-0.12106542201368896],[0.014674141131902668,-0.12117474117165992],[0.016790724096567792,-0.12122956990846832],[0.01890557689609167,-0.12122830447667127],[0.0210161663911679,-0.12116947592108354],[0.023119874091297215,-0.12105175837566945],[0.025214007251792528,-0.12087397677350932],[0.027295810580754986,-0.12063511392807488],[0.029362478498098574,-0.12033431694705043],[0.03141116788521746,-0.11997090294314643],[0.033439011260732496,-0.11954436400975746],[0.03544313031492074,-0.119054371432899],[0.03742064973297119,-0.11850077911459549],[0.03936871123510064,-0.11788362618677102],[0.04128448775985511,-0.11720313879869058],[0.04316519771558832,-0.11645973106509457],[0.04500811922419369,-0.11565400516633804],[0.04681060428064248,-0.11478675059607656],[0.048570092751783527,-0.11385894255629357],[0.05028412613816533,-0.11287173950373736],[0.05195036102336457,-0.11182647985609309],[0.05356658213644291,-0.11072467787043533],[0.05513071495468753,-0.10956801871067924],[0.05664083777573689,-0.10835835272483321],[0.05809519319051468,-0.10709768895684996],[0.059492198891109675,-0.10578818792173969],[0.06083045775080445,-0.10443215367634176],[0.06210876711688439,-0.10303202522171706],[0.06332612726060921,-0.10159036727651556],[0.06448174893279816,-0.10010986046386876],[0.06557505997784305,-0.09859329095733094],[0.06660571096358985,-0.09704353963415253],[0.06757357978941146,-0.09546357078666683],[0.06847877523988706,-0.09385642044482988],[0.06932163945679988,-0.09222518436492792],[0.07010274930761992,-0.09057300574117529],[0.07082291663423838,-0.08890306269833333],[0.07148318737142156,-0.08721855562460666],[0.0720848395302401,-0.08552269440488337],[0.0726293800475574,-0.08381868561490093],[0.07311854050851208,-0.08210971973712333],[0.07355427175476377,-0.08039895845900212],[0.07393873739706197,-0.07868952211388683],[0.0742743062564128,-0.0769844773241177],[0.07456354376372706,-0.07528682490481768],[0.07480920235330701,-0.07359948808556743],[0.07501421089083564,-0.0719253011055414],[0.07518166318164925,-0.07026699823577885],[0.07531480560996577,-0.06862720328010231],[0.07541702396438818,-0.06700841960375883],[0.07549182950937791,-0.06541302073618732],[0.07554284436646987,-0.06384324159140202],[0.07557378627276248,-0.06230117034634835],[0.07558845278763812,-0.060788741014260975],[0.07559070502173439,-0.059307726746529094],[0.07558445096487859,-0.05785973389289724],[0.07557362849200115,-0.0564461968459928],[0.07556218812794473,-0.055068373692219626],[0.07555407565357601,-0.05372734268698742],[0.07555321463667693,-0.05242399956810462],[0.0755634889717335,-0.051159055716944256],[0.07558872551295319,-0.049933037172744305],[0.0756326768846205,-0.048746284501131186],[0.07569900455224746,-0.047598953513684976],[0.07579126223689414,-0.04649101683112617],[0.07591287975352778,-0.045422266278505645],[0.07606714735236603,-0.04439231609665802],[0.07625720063982,-0.043400606950141585],[0.07648600615292686,-0.04244641070797004],[0.07675634765805384,-0.04152883596964797],[0.07707081324118231,-0.04064683430538871],[0.0774317832532589,-0.03979920717592312],[0.07784141916995022,-0.038984613494031976],[0.07830165342067967,-0.03820157778686162],[0.07881418023708409,-0.03744849891522913],[0.07938044756602498,-0.03672365930351013],[0.08000165008705508,-0.03602523463133103],[0.0806787233687964,-0.03535130393618483],[0.08141233919306808,-0.03469986007424987],[0.08220290206982812,-0.03406882048513875],[0.08305054696010715,-0.03345603820503365],[0.08395513821812968,-0.03285931307169276],[0.08491626975778495,-0.03227640306413335],[0.08593326644254398,-0.03170503571942365],[0.08700518669186177,-0.031142919568941343],[0.08813082629108317,-0.030587755536683716],[0.08930872338591436,-0.030037248242744126],[0.09053716463666993,-0.029489117155890438],[0.09181419250177522,-0.028941107540298106],[0.0931376136144413,-0.028391001142886473],[0.09450500821104392,-0.027836626569383238],[0.09591374056458017,-0.02727586929918008],[0.09736097037164808,-0.02670668129123991],[0.09884366503674526,-0.026127090135751874],[0.10035861279331698,-0.025535207708897993],[0.10190243659693489,-0.024929238290975913],[0.10347160872227783,-0.02430748611119884],[0.10506246599222006,-0.023668362285755314],[0.10667122556435144,-0.023010391119130162],[0.10829400119764238,-0.022332215742256706],[0.1099268199197729,-0.021632603064757266],[0.11156563901384359,-0.020910448022325875],[0.11320636324181912,-0.020164777104182078],[0.1148448622211037,-0.019394751149465827],[0.1164769878701299,-0.018599667405424288],[0.11809859183876023,-0.017778960844238998],[0.1197055428396417,-0.01693220473934241],[0.12129374379743572,-0.016059110506042286],[0.12285914873404062,-0.015159526815204357],[0.12439777930954703,-0.014233437992600606],[0.12590574094068985,-0.013280961720309086],[0.12737923842098747,-0.01230234606021292],[0.12881459096956377,-0.01129796582319036],[0.130208246638827,-0.010268318310977081],[0.1315567960147056,-0.009214018460914158],[0.13285698514699834,-0.008135793426843932],[0.13410572765156872,-0.0070344766322648],[0.13530011593056643,-0.005911001334500165],[0.13643743146158555,-0.004766393741045553],[0.1375151541116229,-0.0036017657214389084],[0.1385309704368796,-0.0024183071599201437],[0.13948278093479707,-0.0012172779958184333],[0.14036870622023828,-2.444829678550329e-17]]}},{"type":"Feature","properties":{"kind":"contour","demo":true,"depth_m":1000},"geometry":{"type":"LineString","coordinates":[[0.19281063575230184,0.0],[0.19393477165597803,0.0016924851123468565],[0.19496417792418255,0.0034034502603648444],[0.19589721580015668,0.005130895437324591],[0.19673256753893686,0.006872783139731146],[0.19746923719793477,0.00862705043947427],[0.198106549883962,0.0103916210012901],[0.19864414947361317,0.012164416976497464],[0.19908199483170277,0.013943370705150672],[0.1994203545600679,0.015726436160304384],[0.19965980031646618,0.017511600070006333],[0.19980119875047356,0.019296892654907794],[0.19984570211017988,0.021080397921996757],[0.1997947375800662,0.022860263457898662],[0.1996499954166767,0.024634709668437952],[0.19941341595455295,0.02640203841469062],[0.19908717556033703,0.02816064099956354],[0.19867367161795407,0.02990900546298912],[0.19817550663232106,0.031645723148099034],[0.1975954715430803,0.03336949450521594],[0.19693652834339828,0.035079134105149665],[0.19620179210189062,0.03677357483807982],[0.19539451248821016,0.038451871279220895],[0.19451805490476717,0.04011320220747331],[0.19357588132841572,0.04175687226833308],[0.19257153096674515,0.043382312777438294],[0.1915086008338521,0.04498908166624189],[0.19039072635013493,0.04657686257638766],[0.1892215620697605,0.04814546311440474],[0.1880047626379985,0.049694812283291694],[0.1867439640786227,0.05122495711241244],[0.18544276550904373,0.052736058511840316],[0.18410471137778672,0.054228386381840736],[0.1827332743153733,0.05570231401254986],[0.18133183868563835,0.05715831181306278],[0.17990368492001782,0.058596940413065006],[0.1784519747124333,0.06001884318380765],[0.17697973714707008,0.061424738228612705],[0.17548985582566082,0.06281540989618802],[0.1739850570548518,0.06419169987281047],[0.17246789914789473,0.06555449791188465],[0.17094076288830137,0.06690473226149407],[0.1694058431962611,0.06824335985231343],[0.16786514203159197,0.06957135630964197],[0.16632046255980876,0.07088970585433413],[0.16477340460059278,0.07219939115804583],[0.16322536137057617,0.07350138321847277],[0.1616775175249454,0.07479663132013625],[0.16013084849497197,0.07608605314576497],[0.15858612111123102,0.07737052510244113],[0.1570438954950078,0.078650872925419],[0.15550452819326568,0.07992786262090223],[0.15396817652558673,0.08120219180708309],[0.1524348041047475,0.08247448151041929],[0.1509041874860809,0.0837452684714612],[0.14937592389454873,0.08501499801156186],[0.14784943997253566,0.08628401750851923],[0.14632400148580518,0.08755257052563378],[0.14479872391986895,0.0888207916348337],[0.14327258389423078,0.09008870197044817],[0.14174443131761194,0.09135620554591754],[0.1402130022033582,0.09262308636124046],[0.13867693206080262,0.09388900632430303],[0.13713476977541975,0.0951535040044318],[0.13558499188817985,0.09641599423159455],[0.13402601718260343,0.09767576854966592],[0.1324562214866398,0.09893199652710377],[0.13087395259565354,0.10018372792328341],[0.12927754522250276,0.1014298957036283],[0.12766533588093618,0.10266931989159653],[0.12603567760931803,0.10390071224055585],[0.12438695444300514,0.10512268170363288],[0.12271759554554175,0.10633374067478897],[0.12102608891119464,0.10753231196967634],[0.11931099455420754,0.10871673651029562],[0.11757095710349391,0.10988528167313158],[0.11580471772529177,0.11103615025631633],[0.1140111253005524,0.11216749001747912],[0.11218914678849794,0.11327740373031234],[0.110337876712839,0.1143639597045372],[0.10845654571256118,0.1154252027109064],[0.10654452810493682,0.11645916525015444],[0.10460134841446556,0.11746387910241571],[0.10262668682775616,0.11843738709158773],[0.10062038354090111,0.11937775499743805],[0.09858244197262113,0.12028308354694492],[0.09651303082333995,0.12115152041543473],[0.09441248496734037,0.12198127216753882],[0.09228130517222087,0.1227706160678434],[0.0901201566469712,0.12351791169134821],[0.08792986642707906,0.12422161226448664],[0.08571141961212432,0.12488027566848685],[0.08346595447827684,0.12549257503826333],[0.0811947564949447,0.12605730889182282],[0.07889925128148455,0.12657341072732767],[0.07658099654634956,0.127039958027483],[0.07424167305727009,0.12745618061378178],[0.07188307469700968,0.12782146829634297],[0.06950709766487412,0.1281353777685943],[0.06711572888944475,0.12839763869986506],[0.06471103372293055,0.12860815898304592],[0.06229514299205168,0.12876702909881915],[0.059870239484464904,0.12887452556254375],[0.05743854395338196,0.12893111342466776],[0.055002300726206675,0.12893744780051258],[0.05256376300569733,0.1288943744104012],[0.050125177954337734,0.1288029291163619],[0.04768877165425744,0.12866433644699488],[0.045256734036169324,0.12848000710752158],[0.042831203871383984,0.12825153447750867],[0.04041425392101118,0.12798069010424593],[0.038007876335967423,0.1276694182052263],[0.03561396840037614,0.12731982919860121],[0.03323431870938109,0.12693419228583197],[0.030870593870297756,0.1265149271160008],[0.02852432581341565,0.12606459456635571],[0.026196899795649688,0.12558588667861198],[0.02388954317663502,0.12508161579529095],[0.021603315042790942,0.12455470294492452],[0.019339096750361315,0.12400816552925527],[0.017097583453501118,0.12344510436960605],[0.014879276678144702,0.12286869017334587],[0.012684477996690986,0.12228214948482614],[0.010513283852504319,0.12168875018828304],[0.00836558157689242,0.12109178663297604],[0.006241046634614851,0.12049456445325031],[0.004139141127137581,0.11990038515825052],[0.0020591135758161313,0.1193125305676699],[1.0223965950985722e-17,0.11873424717117695],[-0.002039373702252888,0.11816873049001733],[-0.004060388070545975,0.11761910951973406],[-0.006064625102707846,0.11708843133298097],[-0.008053861994071519,0.1165796459210223],[-0.010030063617355239,0.1160955913517155],[-0.011995373772306448,0.1156389793205675],[-0.013952105241420246,0.11521238116984425],[-0.01590272869502338,0.11481821444870334],[-0.017849860495788187,0.11445873008492308],[-0.019796249459269825,0.11413600023602818],[-0.02174476263330547,0.11385190688447588],[-0.023698370165044797,0.11360813123808441],[-0.02566012932995917,0.11340614399307349],[-0.02763316780237367,0.1132471965129645],[-0.029620666251850135,0.1131323129721777],[-0.03162584035409498,0.11306228350848646],[-0.03365192230894385,0.11303765842356904],[-0.03570214196136916,0.11305874346576236],[-0.03777970762434013,0.1131255962237957],[-0.03988778670472466,0.11323802365479112],[-0.04202948623524308,0.11339558076419619],[-0.04420783341675108,0.11359757044958221],[-0.04642575627583929,0.1138430445144398],[-0.04868606454287886,0.11413080585225127],[-0.05099143085521773,0.1144594117952582],[-0.05334437238923843,0.11482717861649133],[-0.055747233023432104,0.11523218716783165],[-0.05820216613252641,0.11567228963114495],[-0.06071111811004329,0.11614511735391606],[-0.06327581271346323,0.1166480897353279],[-0.06589773632245338,0.11717842412341396],[-0.06857812419639829,0.11773314667879203],[-0.07131794781276891,0.1183091041555827],[-0.07411790336270997,0.1189029765454595],[-0.07697840147463714,0.11951129052639325],[-0.07989955823064544,0.12013043365355612],[-0.08288118753417,0.12075666922607617],[-0.08592279488064096,0.12138615175988679],[-0.08902357257587196,0.12201494299382618],[-0.09218239643965496,0.12263902835342022],[-0.0953978240245315,0.12325433379444249],[-0.09866809437202866,0.12385674294640495],[-0.10199112932080791,0.12444211447459469],[-0.10536453637323204,0.12500629957815107],[-0.10878561311884434,0.12554515954097448],[-0.11225135320522178,0.12605458325198127],[-0.1157584538386464,0.12653050461136395],[-0.11930332478908791,0.12696891974009003],[-0.12288209886613961,0.12736590391086342],[-0.12649064382484396,0.12771762812018284],[-0.13012457565283037,0.12802037522295062],[-0.13377927318289143,0.12827055555330055],[-0.1374498939681023,0.12846472195792094],[-0.14113139134986538,0.1285995841711274],[-0.14481853264287856,0.1286720224642767],[-0.14850591835501903,0.12867910050579268],[-0.15218800235453095,0.12861807737207412],[-0.15585911289174073,0.1284864186538545],[-0.15951347437782246,0.12828180660716204],[-0.16314522981892543,0.1280021493028603],[-0.16674846380028047,0.12764558873380877],[-0.1703172259117345,0.12721050784394622],[-0.17384555450355507,0.12669553644903542],[-0.1773275006592967,0.12609955602438883],[-0.1807571522710554,0.12542170334059552],[-0.184128658101552,0.12466137293405308],[-0.18743625171719708,0.12381821840495015],[-0.19067427517659208,0.12289215254121401],[-0.19383720235981866,0.12188334627279895],[-0.19691966182535456,0.1207922264665187],[-0.19991645908352318,0.11961947257738931],[-0.2028225981780272,0.11836601217811242],[-0.20563330247031358,0.11703301539387222],[-0.20834403452526715,0.1156218882750039],[-0.2109505150009934,0.11413426514529834],[-0.21344874045022585,0.11257199996870255],[-0.21583499994614236,0.11093715678193863],[-0.21810589045107462,0.10923199924506546],[-0.22025833085271956,0.10745897936622946],[-0.22228957459897503,0.10562072546076695],[-0.22419722086938976,0.10372002940841518],[-0.22597922422841515,0.10175983327564005],[-0.22763390271311554,0.09974321537298411],[-0.22915994431571896,0.09767337581985855],[-0.23055641182931652,0.09555362169134084],[-0.23182274603310737,0.09338735182328108],[-0.23295876720180023,0.09117804135335841],[-0.23396467493207493,0.08892922607665861],[-0.23484104628733468,0.08664448669485898],[-0.2355888322703027,0.08432743303820903],[-0.23620935264128895,0.08198168833918076],[-0.23670428910812813,0.07961087363593958],[-0.23707567692183865,0.07721859238265265],[-0.23732589491991204,0.07480841534212535],[-0.23745765406679378,0.07238386583433101],[-0.23747398454850635,0.06994840541210326],[-0.23737822148545606,0.06750542003259279],[-0.23717398933423017,0.06505820679007683],[-0.23686518505558227,0.06260996127236],[-0.23645596013179682,0.06016376559934294],[-0.23595070152218559,0.057722577198379005],[-0.23535401165057046,0.05528921836681029],[-0.2346706875232215,0.05286636666759919],[-0.23390569907982495,0.05045654619926891],[-0.2330641668836309,0.04806211977647261],[-0.2321513392599574,0.04568528205243865],[-0.2311725689946893,0.043328053609330223],[-0.2301332897062975,0.04099227603723062],[-0.2290389920062088,0.03867960801705449],[-0.22789519956306353,0.03639152241721725],[-0.22670744518651945,0.034129304408401374],[-0.22548124704578407,0.031894050595267204],[-0.22422208513699032,0.02968666915849844],[-0.2229353781118837,0.02750788099517758],[-0.22162646057806373,0.025358221840181314],[-0.2203005609782417,0.023238045346104477],[-0.2189627801526445,0.021147527094182387],[-0.21761807068483885,0.01908666950382093],[-0.2162712171268879,0.017055307603682256],[-0.2149268171949075,0.015053115622837471],[-0.21358926402078954,0.013079614356310198],[-0.2122627295401339,0.011134179255417917],[-0.21095114909030538,0.009216049189691973],[-0.2096582072860506,0.007324335823841867],[-0.2083873252332935,0.005458033550239595],[-0.20714164913462568,0.0036160299147559526],[-0.20592404033264963,0.001797116471488532],[-0.2047370668297638,1.7829731097592037e-17],[-0.20358299631523083,-0.0017766859828608121],[-0.2024637907224984,-0.003534369485644186],[-0.20138110233177314,-0.00527452814935136],[-0.2003362714248356,-0.006998677269093729],[-0.19933032549106636,-0.008708357800585199],[-0.19836397997567037,-0.010405124421287722],[-0.19743764055318672,-0.012090533715234438],[-0.19655140690159004,-0.013766132549377863],[-0.19570507794467085,-0.015433446707754216],[-0.19489815852296866,-0.017093969847837457],[-0.19412986744635455,-0.018749152841180842],[-0.19339914687446455,-0.020400393557829383],[-0.1927046729646057,-0.022049027151046455],[-0.19204486772052096,-0.023696316895649782],[-0.1914179119695489,-0.025343445629714675],[-0.1908217593902742,-0.02699150784559712],[-0.1902541515077609,-0.028641502472176342],[-0.18971263356892382,-0.030294326385941872],[-0.18919457120654495,-0.031950768684074],[-0.1886971677968947,-0.0336115057480198],[-0.18821748241290365,-0.03527709712127132],[-0.1877524482723487,-0.03694798222013804],[-0.18729889157859095,-0.03862447789129884],[-0.18685355065003445,-0.04030677682484941],[-0.18641309523367053,-0.04199494682645492],[-0.1859741458978384,-0.043688930947107955],[-0.18553329339966307,-0.04538854846390261],[-0.18508711792352803,-0.04709349670019865],[-0.18463220808838907,-0.04880335366859314],[-0.18416517962373913,-0.05051758151526623],[-0.18368269361656167,-0.05223553073955332],[-0.18318147423466818,-0.053956445158042474],[-0.18265832583536248,-0.05567946757812804],[-0.18211014937241174,-0.057403646141796716],[-0.18153395801878963,-0.059127941296500036],[-0.1809268919275771,-0.06085123334630366],[-0.18028623205872665,-0.06257233053311453],[-0.1796094130050873,-0.06428997759469669],[-0.1788940347571196,-0.06600286474340594],[-0.17813787335206435,-0.06770963700712547],[-0.17733889035993636,-0.069408903871775],[-0.17649524116554938,-0.07109924916301388],[-0.1756052820128104,-0.07277924110336825],[-0.174667575784708,-0.07444744247999523],[-0.1736808964997163,-0.07610242085765563],[-0.17264423251271216,-0.07774275877120806],[-0.1715567884159089,-0.07936706383206006],[-0.17041798564270574,-0.08097397868351552],[-0.1692274617847031,-0.0825621907408423],[-0.16798506863939164,-0.08413044165314007],[-0.16669086901315108,-0.08567753642571373],[-0.16534513231115583,-0.08720235214363782],[-0.16394832895253666,-0.08870384623952819],[-0.1625011236556551,-0.09018106425119708],[-0.16100436764457646,-0.09163314701785052],[-0.15945908983374146,-0.0930593372667688],[-0.15786648705340456,-0.0944589855459774],[-0.15622791338360004,-0.09583155546224743],[-0.1545448686691824,-0.09717662818783476],[-0.15281898629284818,-0.09849390620366141],[-0.15105202028694611,-0.09978321625112856],[-0.1492458318683158,-0.10104451146940863],[-0.14740237548332816,-0.10227787269986464],[-0.14552368445273148,-0.10348350894416461],[-0.14361185630781345,-0.10466175696766594],[-0.1416690379107672,-0.10581308004471375],[-0.13969741045299036,-0.10693806584759961],[-0.13769917442534263,-0.10803742348603224],[-0.13567653465414925,-0.10911197970905286],[-0.1336316854959523,-0.11016267428635533],[-0.1315667962826981,-0.11119055459091629],[-0.1294839971072071,-0.11219676940967468],[-0.1273853650364166,-0.11318256201370161],[-0.12527291083703074,-0.11414926252382769],[-0.12314856629486971,-0.11509827961204826],[-0.12101417220540943,-0.11603109158314505],[-0.11887146710875125,-0.11694923688486167],[-0.11672207683760068,-0.11785430409859399],[-0.11456750494177836,-0.11874792146590486],[-0.11240912404736453,-0.11963174600921997],[-0.11024816820283931,-0.12050745230778637],[-0.10808572625852322,-0.12137672099236717],[-0.10592273631932403,-0.12224122702418753],[-0.10375998130424958,-0.12310262782532946],[-0.10159808563942456,-0.12396255132907452],[-0.09943751310446408,-0.12482258401963046],[-0.0972785658450692,-0.12568425903120806],[-0.09512138455763718,-0.126549044376572],[-0.09296594984458305,-0.12741833137494263],[-0.0908120847319776,-0.12829342334848987],[-0.08865945833405464,-0.1291755246556353],[-0.08650759064219231,-0.1300657301279663],[-0.08435585840913122,-0.13096501497577365],[-0.0822035020925367,-0.1318742252250635],[-0.08004963381554128,-0.13279406874637362],[-0.07789324629569076,-0.13372510693285278],[-0.07573322268776266,-0.13466774708186532],[-0.07356834728029898,-0.13562223553086303],[-0.0713973169803933,-0.13658865159445502],[-0.0692187535163554,-0.13756690234551486],[-0.06703121628335658,-0.13855671827881508],[-0.06483321575305834,-0.13955764989110284],[-0.06262322736459301,-0.14056906520673895],[-0.060399705811081256,-0.14159014827305208],[-0.05816109963320115,-0.14261989864443128],[-0.05590586602913579,-0.1436571318689244],[-0.05363248578858008,-0.14470048098574778],[-0.05133947825735029,-0.14574839903668677],[-0.04902541623855496,-0.14679916258889147],[-0.046688940736233885,-0.14785087626108376],[-0.04432877544785896,-0.1489014782397266],[-0.04194374091313112,-0.14994874676627792],[-0.039532768228063925,-0.15099030757130716],[-0.03709491223545079,-0.15202364222600642],[-0.03462936410541346,-0.1530460973765221],[-0.03213546322285595,-0.15405489482157964],[-0.029612708302239693,-0.15504714238912015],[-0.027060767654176855,-0.1560198455631181],[-0.024479488532846167,-0.15696991980744782],[-0.02186890549817963,-0.15789420352962447],[-0.01922924773210334,-0.15878947162348964],[-0.016560945253809037,-0.15965244952646798],[-0.013864633985079474,-0.16047982772389552],[-0.011141159623017639,-0.1612682766301511],[-0.008391580284148395,-0.1620144617738998],[-0.005617167890687677,-0.1627150592127226],[-0.002819408276819823,-0.16336677110074532],[-4.235643036836941e-17,-0.16396634133162527],[0.002839148150382962,-0.16451057117839793],[0.005695920947279178,-0.16499633485123913],[0.008568001816055295,-0.1654205948941692],[0.011452879205838432,-0.1657804173421048],[0.014347854220228457,-0.16607298656046315],[0.017250049478193467,-0.16629561969072665],[0.0201564191688277,-0.1664457806269913],[0.023063760256657254,-0.16652109345052718],[0.025968724787419187,-0.16651935525178],[0.02886783323769786,-0.16643854827201443],[0.03175748884556913,-0.16627685129993522],[0.034633992853460756,-0.1660326502621072],[0.03749356058886984,-0.16570454794980438],[0.04033233830337478,-0.16529137282904277],[0.043146420685594766,-0.16479218688496144],[0.04593186895941219,-0.16420629245639273],[0.048684729474882435,-0.1635332380213839],[0.051401052695875804,-0.16277282289956735],[0.05407691248559871,-0.16192510084260453],[0.056708425588794846,-0.16099038248941724],[0.05929177120759432,-0.1599692366685465],[0.06182321056672237,-0.15886249053570412],[0.06429910636305909,-0.15767122854039267],[0.06671594199440894,-0.15639679022131336],[0.06907034046275713,-0.15504076683614854],[0.07135908284828472,-0.15360499683715528],[0.07357912625197606,-0.15209156020980255],[0.07572762110675946,-0.15050277169741588],[0.07780192775979468,-0.14884117294040405],[0.07979963223170979,-0.14710952356412949],[0.08171856106231887,-0.1453107912547944],[0.08355679515656245,-0.14344814086784247],[0.08531268254912186,-0.141524922618274],[0.08698485001131119,-0.13954465940693167],[0.08857221342943869,-0.1375110333412033],[0.09007398688982357,-0.13542787151267352],[0.09148969041200881,-0.13329913109804603],[0.09281915627841568,-0.1311288838530897],[0.09406253391568228,-0.12892130007246475],[0.095220293290203,-0.1266806320909952],[0.09629322678787804,-0.12441119740430448],[0.09728244955577531,-0.12211736148866027],[0.09818939829123766,-0.11980352040142472],[0.09901582847191862,-0.1174740832446165],[0.09976381002823576,-0.11513345457480077],[0.10043572146776686,-0.11278601684280166],[0.1010342424691296,-0.11043611294657686],[0.10156234497083769,-0.10808802898003642],[0.10202328278847769,-0.10574597725957867],[0.10242057980125473,-0.10341407970872359],[0.10275801675647324,-0.10109635167939023],[0.10303961674780981,-0.09879668628616098],[0.10326962943026124,-0.09651883932725894],[0.10345251404137275,-0.09426641486299592],[0.10359292130473254,-0.09204285151910131],[0.1036956742977297,-0.08985140957867103],[0.10376574837117225,-0.08769515892247515],[0.10380825021352952,-0.0855769678730568],[0.10382839615726291,-0.08349949299348744],[0.10383148982891992,-0.08146516988680026],[0.10382289924836341,-0.07947620503707442],[0.10380803348567244,-0.07753456872787133],[0.10379231898686174,-0.07564198906829657],[0.10378117568161462,-0.07379994715137043],[0.10377999298769246,-0.07200967336370087],[0.10379410582756633,-0.07027214485965866],[0.10382877077310715,-0.0685880842074189],[0.10388914243386792,-0.06695795920836496],[0.10398025020359444,-0.06538198388548402],[0.10410697547811432,-0.06386012063056247],[0.10427402945568649,-0.06239208349422192],[0.1044859316282499,-0.06097734259717569],[0.10474698906881162,-0.05961512963554023],[0.10506127661646879,-0.05830444444765449],[0.10543261805629073,-0.0570440626046492],[0.10586456838651663,-0.055832543982018354],[0.10636039726027433,-0.05466824226467734],[0.10692307368332483,-0.053549315333493636],[0.10755525204321441,-0.052473736477054035],[0.10825925953870266,-0.05143930636851357],[0.10903708507146453,-0.0504436657437812],[0.10989036965487317,-0.04948430871404084],[0.11082039838719343,-0.048558596642717396],[0.11182809402879776,-0.04766377251447088],[0.11291401221508575,-0.04679697572166947],[0.11407833832870296,-0.04595525719204628],[0.11532088604643745,-0.045135594779910665],[0.11664109756788409,-0.044334908842351584],[0.11803804552463674,-0.04355007792135746],[0.11951043656044534,-0.04277795445267579],[0.12105661656450775,-0.04201538042254647],[0.12267457753188216,-0.041259202894171794],[0.12436196601696878,-0.04050628932691244],[0.12611609313813799,-0.03975354261273421],[0.12793394608394207,-0.03899791575634696],[0.12981220106394845,-0.038236426127780034],[0.13174723764014934,-0.03746616921880093],[0.13373515436813163,-0.03668433183760187],[0.13577178567080525,-0.03588820467952491],[0.1378527198614917,-0.03507519421526049],[0.13997331822761236,-0.034242833841911374],[0.14212873508111998,-0.03338879424653957],[0.14431393867719405,-0.0325108929362941],[0.14652373289862525,-0.031607102893913636],[0.1487527795997272,-0.030675560322299653],[0.15099562150060136,-0.02971457144692033],[0.153246705520105,-0.028722618350020938],[0.1555004064339954,-0.027698363815938907],[0.15775105074341633,-0.026640655172235475],[0.15999294063818129,-0.02554852711682374],[0.16222037793919553,-0.024421203526764135],[0.1644276879048272,-0.023258098249893562],[0.16660924278711142,-0.022058814885906882],[0.16875948502531382,-0.020823145568910247],[0.17087294996660815,-0.019551068768763856],[0.1729442880064027,-0.01824274613372177],[0.1749682860441836,-0.01689851840190632],[0.176939888154596,-0.015518900414022874],[0.1788542153778507,-0.014104575264376416],[0.1807065845383854,-0.012656387631691095],[0.1824925260060104,-0.011175336335421799],[0.18420780031949852,-0.009662566167159938],[0.18584841359869567,-0.00811935905036759],[0.1874106316777218,-0.00654712458498305],[0.18889099289863615,-0.0049473900364364635],[0.19028631951205527,-0.0033217898312531352],[0.19159372763855922,-0.0016720546237192603],[0.1928106357523018,-3.358221197022189e-17]]}},{"type":"Feature","properties":{"kind":"vegetation","demo":true},"geometry":{"type":"Polygon","coordinates":[[[0.02619,0.0],[0.026342694477679656,0.00022989491694487598],[0.026482521567918138,0.0004623000280620729],[0.026609258673868843,0.0006969436669259403],[0.026722726802601945,0.0009335490738218252],[0.026822790672491055,0.0011718360355395163],[0.02690935861093453,0.0014115225177381769],[0.026982382244708822,0.001652326280505328],[0.02704185598630832,0.0018939664678925077],[0.02708781632066076,0.0021361651624213097],[0.027120340897614736,0.0023786488958142987],[0.02713954743657045,0.00262115010751424],[0.02714559245056131,0.0028634085429102367],[0.027138669797988388,0.0031051725835887565],[0.027119009071056074,0.0033462005023687466],[0.027086873830752315,0.0035862616363604425],[0.027042559698955713,0.003825137471804453],[0.026986392318931494,0.004062622634998149],[0.02691872519609451,0.004298525784197146],[0.02683993743146761,0.004532670397987481],[0.026750431360745234,0.004764895456255459],[0.026650630112281918,0.004995056010533445],[0.026540975097662015,0.005223023641167432],[0.02642192344876926,0.005448686799432349],[0.026293945415460224,0.005671951033409665],[0.026157521738055082,0.005892739097135333],[0.0260131410088912,0.006110990943220352],[0.025861297037139745,0.006326663599837384],[0.025702486230964387,0.006539730933651083],[0.025537205010903546,0.006750183300943094],[0.025365947268086532,0.0069580270898415165],[0.025189201880549652,0.007163284157205051],[0.025007450300503827,0.007365991164330536],[0.024821164224922657,0.0075661988162458735],[0.024630803361272418,0.007763971009914803],[0.024436813299595263,0.00795938389721248],[0.0242396235014895,0.008152524869028944],[0.02403964541580757,0.008343491467317362],[0.023837270730119396,0.008532390232324223],[0.023632869766169885,0.008719335492616026],[0.023426790026698195,0.00890444810584969],[0.023219354900089664,0.009087854158520457],[0.023010862528402353,0.009269683633158972],[0.022801584843355347,0.009450069051638246],[0.022591766773889643,0.009629144103389255],[0.02238162562792134,0.009807042267411047],[0.022171350649904983,0.009983895436996505],[0.021961102754819217,0.010159832556078182],[0.02175101443818173,0.01033497827603006],[0.02154118986070277,0.010509451641641309],[0.021331705105200105,0.01068336481480707],[0.02112260860243031,0.010856821844260935],[0.020913921721545783,0.011029917489404453],[0.020705639519969666,0.011202736105972794],[0.020497731646597073,0.011375350600914057],[0.020290143391384605,0.011547821463454839],[0.02008279687358731,0.011720195878878742],[0.019875592360145453,0.01189250693106007],[0.01966840970501854,0.012064772899274684],[0.019461109899613555,0.012236996654256765],[0.019253536723862694,0.012409165157887385],[0.019045518486975433,0.01258124907029112],[0.018836869846424232,0.012753202467484423],[0.018627393693324133,0.012924962672067313],[0.018416883092036783,0.013096450198781709],[0.01820512326157028,0.013267568816079742],[0.017991893586159092,0.013438205724156556],[0.01777696964229447,0.013608231849209429],[0.017560125229434738,0.013777502252991307],[0.017341134391658172,0.013945856656036733],[0.017119773417627104,0.014113120072255509],[0.01689582280641079,0.014279103551917397],[0.016669069186964543,0.014443605029394627],[0.016439307179382853,0.014606410271390858],[0.016206341186432143,0.014767293920769359],[0.015969987104322618,0.014926020630503306],[0.015730073942195295,0.015082346281710277],[0.015486445340377549,0.01523601927920466],[0.015238960978093677,0.015386781917508727],[0.014987497862003988,0.015534371809808581],[0.0147319514876817,0.01567852337192736],[0.014472236866917664,0.01581896935301782],[0.014208289414564352,0.015955442404351598],[0.013940065689487498,0.016087676677305134],[0.013667543985081953,0.016215409441413954],[0.013390724765721977,0.016338382713189506],[0.01310963094645103,0.016456344886266756],[0.012824308014165783,0.016569052353377252],[0.012534823989509157,0.016676271110622237],[0.012241269229651398,0.01677777833455325],[0.01194375607310194,0.01687336392265417],[0.011642418328651441,0.016962831987958026],[0.011337410611488914,0.017046002298723707],[0.011028907530466536,0.017122711654341014],[0.010717102731390229,0.0171928151889263],[0.010402207802091907,0.01725618759441313],[0.01008445104588423,0.01731272425533244],[0.009764076130806536,0.01736234228791114],[0.009441340622836055,0.017404981476595856],[0.009116514411957556,0.017440605101626608],[0.008789878040653254,0.01746920065184091],[0.00846172094498867,0.017490780417479184],[0.008132339619026522,0.017505381958384653],[0.007802035713795496,0.017513068443641266],[0.0074711140824717465,0.017513928859368484],[0.007139880783795291,0.017508078082088405],[0.00680864105603901,0.01749565681579495],[0.00647769727407318,0.017476831391582435],[0.00614734690222152,0.017451793429428687],[0.005817880455685156,0.017420759362471276],[0.005489579483317723,0.017383969824860585],[0.005162714584468162,0.017341688905016524],[0.004837543472467472,0.017294203266852496],[0.004514309097123029,0.01724182114225642],[0.004193237838299313,0.01718487119883117],[0.003874537782309228,0.017123701287590613],[0.003558397092417007,0.017058677075979613],[0.0032449824842642363,0.01699018057223309],[0.0029344378164778712,0.016918608547706264],[0.0026268828061053484,0.01684437086439316],[0.0023224118778512374,0.016767888715399273],[0.002021093155365303,0.016689592786644347],[0.001722967602057559,0.016609921348539315],[0.0014280483180959635,0.016529318286805577],[0.001136319999381553,0.01644823108198159],[0.0008477385633982673,0.016367108747490092],[0.0005622309459058928,0.01628639973641647],[0.0002796950714892327,0.016206549827373667],[1.3887494702330984e-18,0.016127999999999997],[-0.0002770137500641766,0.016051184310752455],[-0.000551533701202111,0.015976527779718495],[-0.0008237747405385147,0.01590444429917379],[-0.0010939782694130498,0.015835334574561315],[-0.0013624111819018141,0.015769584108459272],[-0.0016293646762323658,0.01570756123794123],[-0.0018951529040245588,0.01564961523551326],[-0.002160111463237526,0.015596074483539689],[-0.0024245957416231985,0.015547244731743735],[-0.002688979118373594,0.015503407446992412],[-0.0029536510324974204,0.015464818264149234],[-0.0032190149272671212,0.015431705546305213],[-0.003485486080835184,0.015404269062180797],[-0.0037534893338244,0.0153826787879316],[-0.004023456725346613,0.01536707383999153],[-0.004295825049494757,0.015357561544951803],[-0.004571033344879771,0.015354216651805886],[-0.004849520330245037,0.015357080691192971],[-0.005131721799582602,0.01536616148554885],[-0.005418067990496046,0.015381432813327432],[-0.005708980939802099,0.015402834229692346],[-0.006004871840535325,0.015430271045299634],[-0.0063061384146165566,0.015463614464004396],[-0.006613162315465136,0.015502701879529358],[-0.006926306574777264,0.015547337330337205],[-0.00724591310755779,0.015597292111153701],[-0.007572300289281405,0.01565230553880107],[-0.007905760618771619,0.01571208586922321],[-0.008246558480024365,0.015776311361821473],[-0.00859492801576854,0.015844631486475275],[-0.008951071125050477,0.0159166682678996],[-0.0093151555965565,0.015992017761295888],[-0.009687313388748677,0.016070251652586645],[-0.010067639067188753,0.016150918975891642],[-0.01045618840866603,0.01623354794030791],[-0.01085297718093138,0.01631764785749934],[-0.01125798010597555,0.016402711161088934],[-0.011671130013880066,0.016488215508378565],[-0.012092317193317754,0.016573625954501615],[-0.012521388943792958,0.01665839718874393],[-0.012958149333692305,0.016741975822451023],[-0.01340235916717359,0.016823802717675647],[-0.013853736161855222,0.016903315345511098],[-0.014311955338189913,0.016979950162903244],[-0.014776649620318053,0.017053144996638847],[-0.015247410647105143,0.017122341423170043],[-0.015723789790978666,0.01718698713295467],[-0.01620529938109968,0.017246538268069888],[-0.01669141412633808,0.017300461721991334],[-0.017181572732473675,0.017348237390621513],[-0.017675179707024757,0.017389360363898123],[-0.018171607344114566,0.017423343047614195],[-0.018670197880832535,0.017449717205435762],[-0.019170265815633813,0.017468035911507633],[-0.01967110037845363,0.01747787540449088],[-0.02017196814139708,0.017478836834375597],[-0.020672115758103776,0.017470547893955617],[-0.021170772819185408,0.017452664327435967],[-0.02166715481049544,0.01742487130926575],[-0.02216046616041847,0.017386884686945433],[-0.022649903361864773,0.017338452082244847],[-0.023134658154225163,0.01727935384598293],[-0.023613920750187416,0.017209403862258794],[-0.024086883092036777,0.01712845019878171],[-0.02455274212186412,0.017036375600721916],[-0.025010703049985022,0.01693309782628976],[-0.02545998260583396,0.016818569823044267],[-0.025899812255638654,0.016692779744729255],[-0.026329441371301766,0.01655575080923146],[-0.026748140335118763,0.01640754099904656],[-0.027155203565241943,0.016248242606421798],[-0.027549952447159628,0.01607798162611346],[-0.02793173815689376,0.015896916999449916],[-0.028299944362128397,0.015705239714122982],[-0.028653989788061055,0.015503171764837028],[-0.028993330635416866,0.015290964980624116],[-0.029317462838779028,0.015068899725280254],[-0.029625924154163007,0.014837283477989419],[-0.02991829606559377,0.014596449301775357],[-0.030194205501330357,0.014346754207953293],[-0.030453326351314723,0.014088577425241769],[-0.030695380778399506,0.01382231858263657],[-0.030920140316924003,0.013548395815541868],[-0.031127426753256946,0.013267243804996144],[-0.03131711278400114,0.012979311760120783],[-0.031489122448654136,0.01268506135415578],[-0.0316434313346343,0.012384964624628849],[-0.03178006655370872,0.012079501848330395],[-0.03189910648998972,0.011769159401836917],[-0.032000680320797954,0.011454427618339138],[-0.03208496731281331,0.011135798651488608],[-0.03215219589704541,0.010813764356878147],[-0.03220264252724881,0.010488814201617656],[-0.032236630327475556,0.01016143321225926],[-0.032254527535497145,0.00983209997106447],[-0.03225674574983155,0.009501284670293991],[-0.03224373798907447,0.009169447233838593],[-0.03221599657315238,0.008837035515100055],[-0.032174050836983666,0.008504483579576248],[-0.03211846468784763,0.008172210080106953],[-0.03204983401851714,0.007840616732199629],[-0.03196878398890324,0.007510086896279911],[-0.03187596618958713,0.0071809842731037875],[-0.031772055701172496,0.006853651717929552],[-0.03165774806387682,0.006528410178382963],[-0.03153375617219135,0.006205557760260038],[-0.03140080710977394,0.005885368924804301],[-0.03125963893999544,0.005568093820271805],[-0.031110997467736923,0.005253957749862162],[-0.03095563298813188,0.004943160777351159],[-0.03079429703796338,0.004635877471014255],[-0.03062773916536181,0.004332256785684479],[-0.030456703733303624,0.004032422082046851],[-0.03028192677218808,0.0037364712815387306],[-0.030104132896466497,0.003444477154504792],[-0.029924032299920827,0.0031564877385515827],[-0.02974231784373595,0.002872526883362162],[-0.02955966225098601,0.0025925949175710982],[-0.029376715420562968,0.0023166694326669456],[-0.02919410187291718,0.0020447061782866752],[-0.029012418339260087,0.001776640062697757],[-0.02883223150510119,0.0015123862517315203],[-0.02865407591815972,0.0012518413589388893],[-0.028478452069810745,0.0009948847192892906],[-0.028305824658299755,0.0007413797383273679],[-0.028136621040995045,0.0004911753083430604],[-0.027971229881947574,0.00024410728279922054],[-0.02781,2.4218615099938054e-18],[-0.027653239421634147,-0.0002413321532267659],[-0.02750121464167689,-0.00048008314721775477],[-0.027354150093902036,-0.000716453694022234],[-0.02721222783247737,-0.000950649620351021],[-0.027075587424117004,-0.0011828802384652864],[-0.026944326049714744,-0.0014133567244890535],[-0.026818498813161187,-0.001642290513521164],[-0.026698119253990314,-0.001869891720762619],[-0.02658316005946648,-0.002096367597663799],[-0.0264735539707156,-0.002321921031835601],[-0.026369194876529667,-0.0025467490991594017],[-0.026269939087536862,-0.0027710416761756508],[-0.026175606782535964,-0.0029949801204315184],[-0.02608598361794675,-0.0032187360260268146],[-0.026000822490533367,-0.0034424700611169643],[-0.025919845442818723,-0.003666330893614873],[-0.025842745699928393,-0.0038904542107830427],[-0.02576918982598603,-0.004114961837826654],[-0.025698819987632647,-0.00433996095999029],[-0.025631256311760144,-0.004565543452029872],[-0.0255660993241401,-0.004791785318279912],[-0.02550293245529174,-0.005018746245868662],[-0.02544132459967129,-0.005246469272953683],[-0.025380832714079052,-0.005474980573161682],[-0.025321004441071382,-0.005704289356723018],[-0.025261380743132788,-0.005934387888097076],[-0.025201498533408397,-0.006165251619193511],[-0.025140893288918734,-0.006396839436610165],[-0.025079101632375495,-0.006629094020635191],[-0.025015663868989374,-0.006861942313102027],[-0.02495012646500399,-0.007095296090545507],[-0.024882044455105664,-0.007329052638488909],[-0.024810983766340458,-0.007563095522098366],[-0.02473652344671824,-0.0077972954478768034],[-0.024658257787292946,-0.008031511210536779],[-0.024575798327176435,-0.00826559071869388],[-0.024488775731665944,-0.008499372092562093],[-0.024396841534438427,-0.008732684826412667],[-0.024299669735584225,-0.00896535100818039],[-0.02419695824811297,-0.009197186588268616],[-0.024088430186462294,-0.009428002689317852],[-0.023973834991468067,-0.009657606948464733],[-0.023852949387210342,-0.009885804883429305],[-0.023725578166125052,-0.010112401273630455],[-0.023591554799762993,-0.010337201547442158],[-0.023450741873579203,-0.010560013166668016],[-0.02330303134514204,-0.010780646999328392],[-0.02314834462615572,-0.010998918671922658],[-0.022986632489688595,-0.011214649892449437],[-0.02281787480498541,-0.011427669735638187],[-0.022642080103209807,-0.011637815882066319],[-0.02245928497840905,-0.011844935803104986],[-0.022269553328910046,-0.0120488878839533],[-0.022072975445239666,-0.012249542477382006],[-0.021869666951508496,-0.012446782881212788],[-0.021659767608000494,-0.012640506233005238],[-0.021443439983467334,-0.012830624315907915],[-0.02122086800633164,-0.013017064270150338],[-0.020992255404653246,-0.013199769205205832],[-0.0207578240453051,-0.013378698708238122],[-0.02051781218333486,-0.013553829245054277],[-0.020272472632954987,-0.013725154450418943],[-0.020022070872002074,-0.013892685305237242],[-0.01976688309203678,-0.014056450198781706],[-0.019507194206514263,-0.014216494874818887],[-0.019243295829642525,-0.014372882261179769],[-0.01897548423866,-0.014525692183011214],[-0.018704058332304263,-0.014675020960639117],[-0.018429317598211113,-0.014820980893664099],[-0.018151560101876844,-0.014963699633593485],[-0.017871080509637947,-0.015103319447985025],[-0.01758816815787232,-0.015239996379734458],[-0.01730310518030602,-0.015373899305777565],[-0.01701616470492171,-0.01550520890009231],[-0.016727609131510963,-0.01563411650647781],[-0.016437688500396102,-0.015760822927146485],[-0.016146638962270154,-0.015885537133694977],[-0.015854681358469964,-0.01600847490751208],[-0.015562019920311136,-0.016129857417136385],[-0.01526884109537682,-0.01624990974049037],[-0.01497531250787285,-0.016368859340287954],[-0.014681582059338907,-0.016486934501237154],[-0.014387777175149831,-0.016604362737937035],[-0.014094004201352024,-0.016721369182596493],[-0.013800347955466785,-0.016838174961879417],[-0.013506871433957313,-0.016954995572307754],[-0.01321361567810684,-0.017072039263726357],[-0.012920599799094726,-0.01718950544035459],[-0.012627821162093558,-0.017307583088916337],[-0.012335255728246829,-0.017426449243253615],[-0.012042858552429054,-0.017546267494689797],[-0.011750564433746332,-0.01766718655721651],[-0.011458288714805878,-0.017789338896335043],[-0.011165928224879234,-0.01791283943008927],[-0.010873362361204692,-0.018037784310485087],[-0.010580454301830635,-0.01816424979310096],[-0.010287052342592699,-0.01829229120226033],[-0.009992991350053304,-0.01842194199865812],[-0.009698094321511915,-0.01855321295581626],[-0.009402174042526622,-0.01868609145118708],[-0.009105034831773542,-0.018820540877132832],[-0.00880647436251362,-0.01895650017638795],[-0.008506285549442834,-0.019093883505959766],[-0.008204258489269221,-0.019232580032748338],[-0.007900182442997589,-0.019372453863469315],[-0.007593847847605506,-0.019513344110749932],[-0.0072850483445706035,-0.019655065096539887],[-0.006973582812554738,-0.019797406693241794],[-0.006659257391471082,-0.019940134802222228],[-0.006341887485153253,-0.020082991968618902],[-0.006021299729911638,-0.02022569813061717],[-0.005697333916403467,-0.020367951500631545],[-0.0053698448524545864,-0.020509429575102288],[-0.005038704154756971,-0.020649790268904164],[-0.004703801957719291,-0.020788673169671142],[-0.004365048528172544,-0.02092570090666797],[-0.004022375775120583,-0.021060480628193656],[-0.0036757386442797975,-0.021192605580884198],[-0.0033251163877643475,-0.021321656783697313],[-0.002970513699945035,-0.02144720478881309],[-0.0026119617112344605,-0.02156881152117432],[-0.0022495188323244804,-0.021686032187922383],[-0.0018832714422233135,-0.02179841724856014],[-0.0015133344142990231,-0.02190551443629703],[-0.0011398514754351289,-0.022006870820702528],[-0.0007629953943313731,-0.022102034901517766],[-0.0003829679959396619,-0.022190558723249477],[-5.753390662394264e-18,-0.022271999999999993],[0.00038564931736470386,-0.022345924239870692],[0.0007736926390351409,-0.022411906858215744],[0.0011638152982948672,-0.022469535269018837],[0.0015556761442675115,-0.0225184109437173],[0.00194890857841745,-0.02255815142690646],[0.002343121758149659,-0.022588392298520468],[0.0027379019625751906,-0.022608789072305412],[0.0031328141145587312,-0.022619019020672673],[0.0035274034522464817,-0.022618782916346735],[0.00392119734238406,-0.02260780668159805],[0.004313707226887385,-0.022585842936277512],[0.004704430693322417,-0.02255267243634237],[0.005092853659193322,-0.02250810539508096],[0.0054784526592318705,-0.022451982679803743],[0.005860697224230986,-0.022384176877367174],[0.00623905233937617,-0.022304593222532244],[0.006612980969500014,-0.02221317038382781],[0.006981946638225926,-0.02210988110228652],[0.007345416047573622,-0.021994732679144664],[0.007702861724280199,-0.02186776730934305],[0.008053764678841668,-0.021729062258429983],[0.008397617063109179,-0.021578729881245252],[0.008733924812176311,-0.021416917481553322],[0.009062210256275818,-0.021243807012587462],[0.009382014688461053,-0.021059614619263832],[0.009692900873982339,-0.020864590023618908],[0.009994455487480791,-0.020659015755810944],[0.01028629146440825,-0.020443206233804787],[0.010568050253445094,-0.0202175066956214],[0.010839403957120809,-0.019982291988778707],[0.011100057348348746,-0.019737965222271878],[0.011349749751158347,-0.019484956287137506],[0.011588256774547914,-0.019223720252311578],[0.0118153918890807,-0.018954735643123926],[0.012031007836606367,-0.018678502610368155],[0.012234997864303843,-0.018395540998440877],[0.012427296775104924,-0.018106388321558895],[0.012607881787468696,-0.017811597657529217],[0.012776773198427198,-0.017511735468967983],[0.012934034844810914,-0.017207379362232902],[0.013079774358580312,-0.016899115794652603],[0.013214143213234743,-0.016587537740898873],[0.013337336559333522,-0.01627324232955782],[0.013449592848244056,-0.01595682846110721],[0.01355119324431926,-0.015638894418603323],[0.013642460826798096,-0.015320035482418715],[0.013723759583811833,-0.015000841560351101],[0.013795493201958824,-0.014681894844347856],[0.013858103655977038,-0.014363767504953637],[0.01391206960408997,-0.01404701943439931],[0.013957904595622938,-0.013732196049001513],[0.013996155098476834,-0.013419826161242586],[0.01402739835500103,-0.013110419931545363],[0.014052240075720026,-0.012804466909354035],[0.014071311981235223,-0.012502434172677553],[0.014085269203439775,-0.012204764574753498],[0.01409478755794496,-0.011911875105946816],[0.01410056070031853,-0.01162415537841304],[0.014103297179373841,-0.011341966240435096],[0.014103717401320525,-0.011065638526684995],[0.014102550519089693,-0.010795471949975814],[0.014100531261576446,-0.010531734139353396],[0.01409839671789712,-0.010274659828639853],[0.014096883092036784,-0.010024450198781718],[0.014096722443462082,-0.009781272376582632],[0.014098639429394181,-0.009545259091613613],[0.014103348064476327,-0.009316508492301132],[0.014111548513529129,-0.009095084121396257],[0.01412392393296503,-0.008881015050231134],[0.014141137376231402,-0.008674296170378473],[0.014163828778370836,-0.008474888640546189],[0.014192612034428167,-0.008282720485770534],[0.014228072185999344,-0.008097687345217722],[0.01427076272970833,-0.007919653364173097],[0.014321203060818646,-0.0077484522250890735],[0.014379876064537953,-0.007583888311885323],[0.014447225866861079,-0.007425738001047001],[0.014523655756022508,-0.00727375107245584],[0.014609526284797577,-0.007127652232315396],[0.014705153563007086,-0.00698714273999943],[0.014810807748646534,-0.006851902130164816],[0.014926711745084684,-0.006721590021027963],[0.015053040110760314,-0.006595847999311344],[0.015189918186757747,-0.006474301572023573],[0.015337421446564527,-0.006356562174946781],[0.015495575071216279,-0.006242229227467931],[0.015664353751917652,-0.006130892223209465],[0.01584368172110244,-0.00602213284578792],[0.016033433011764395,-0.005915527098959505],[0.016233431943759858,-0.0058106474403977655],[0.016443453834660195,-0.005707064908390849],[0.016663225931620517,-0.005604351230844685],[0.016892428559639395,-0.005502080906131609],[0.01713069648051509,-0.0053998332455323554],[0.017377620455765973,-0.00529719436727978],[0.017632749005777923,-0.005193759132525466],[0.017895590356479172,-0.005089133013911977],[0.018165614563923526,-0.0049829338878434925],[0.018442255806295365,-0.004874793742002046],[0.018724914832035484,-0.0047643602901543],[0.019012961552031,-0.004651298486831281],[0.019305737763120744,-0.004535291935037519],[0.019602559989539328,-0.004416044180754573],[0.01990272242836678,-0.004293279888641804],[0.020205499984563714,-0.004166745894003083],[0.0205101513807624,-0.004036212126776064],[0.02081592232664808,-0.0039014724040090593],[0.02112204873250993,-0.003762345088013535],[0.021427759951363323,-0.0036186736081156106],[0.02173228203394866,-0.0034703268446726514],[0.022034840980896513,-0.003317199374766943],[0.022334665976412628,-0.0031592115797348603],[0.022630992587982044,-0.0029963096154305593],[0.022923065916814728,-0.0028284652468568428],[0.023210143684057855,-0.00265567554951549],[0.023491499238177338,-0.0024779624805343196],[0.02376642446936417,-0.002295372323311489],[0.024034232617344328,-0.002107975010078804],[0.024294260959564253,-0.0019158633274181723],[0.024545873367381458,-0.0017191520103684555],[0.02478846271860993,-0.0015179767313287472],[0.025021453155548094,-0.0013124929904957154],[0.025244302178448325,-0.0011028749150659262],[0.02545650256526856,-0.0008893139748835613],[0.025657584109471103,-0.000672017622620821],[0.025847115168599985,-0.000451207866936775],[0.02602470401736623,-0.00022711978737243816],[0.026189999999999995,-4.56156439746406e-18]]]}},{"type":"Feature","properties":{"kind":"urban","demo":true},"geometry":{"type":"Polygon","coordinates":[[[0.02,-0.009],[0.028,-0.009],[0.028,0.005000000000000001],[0.02,0.005000000000000001],[0.02,-0.009]]]}},{"type":"Feature","properties":{"kind":"road","demo":true,"coastal":true,"class":"primary"},"geometry":{"type":"LineString","coordinates":[[0.025,-0.017],[0.025,0.005],[0.021,0.02]]}},{"type":"Feature","properties":{"kind":"basin","demo":true},"geometry":{"type":"Polygon","coordinates":[[[0.034,-0.006],[0.038000000000000006,-0.006],[0.038000000000000006,0.001],[0.034,0.001],[0.034,-0.006]]]}},{"type":"Feature","properties":{"kind":"breakwater","demo":true},"geometry":{"type":"LineString","coordinates":[[0.033,-0.007],[0.039,-0.007],[0.039,-0.001]]}},{"type":"Feature","properties":{"kind":"quay","demo":true},"geometry":{"type":"LineString","coordinates":[[0.034,-0.006],[0.034,0.001],[0.038,0.001]]}},{"type":"Feature","properties":{"kind":"pontoon","demo":true},"geometry":{"type":"LineString","coordinates":[[0.034,-0.004],[0.037,-0.004]]}},{"type":"Feature","properties":{"kind":"pontoon","demo":true},"geometry":{"type":"LineString","coordinates":[[0.034,-0.002],[0.037,-0.002]]}},{"type":"Feature","properties":{"kind":"pontoon","demo":true},"geometry":{"type":"LineString","coordinates":[[0.034,0],[0.037,0]]}},{"type":"Feature","properties":{"kind":"channel","demo":true},"geometry":{"type":"LineString","coordinates":[[0.039,-0.003],[0.055,-0.003],[0.071,-0.012]]}},{"type":"Feature","properties":{"kind":"entrance","demo":true},"geometry":{"type":"LineString","coordinates":[[0.037,-0.002],[0.042,-0.002]]}},{"type":"Feature","properties":{"kind":"bridge","demo":true},"geometry":{"type":"LineString","coordinates":[[0.056,0.029],[0.063,0.031]]}},{"type":"Feature","properties":{"kind":"port","demo":true,"name":"Port commercial · démo","icon":"port-commercial","rank":0},"geometry":{"type":"Point","coordinates":[0.035,-0.003]}},{"type":"Feature","properties":{"kind":"port","demo":true,"name":"Port pleasure · démo","icon":"port-pleasure","rank":1},"geometry":{"type":"Point","coordinates":[0.035,0.003]}},{"type":"Feature","properties":{"kind":"port","demo":true,"name":"Port marina · démo","icon":"port-marina","rank":2},"geometry":{"type":"Point","coordinates":[0.035,0.009000000000000001]}},{"type":"Feature","properties":{"kind":"port","demo":true,"name":"Port industrial · démo","icon":"port-industrial","rank":3},"geometry":{"type":"Point","coordinates":[0.035,0.015000000000000003]}},{"type":"Feature","properties":{"kind":"port","demo":true,"name":"Port military · démo","icon":"port-military","rank":4},"geometry":{"type":"Point","coordinates":[0.035,0.021]}},{"type":"Feature","properties":{"kind":"lighthouse","demo":true,"name":"Phare · démo","icon":"lighthouse","characteristic":"Fl(3) 10s","rank":1},"geometry":{"type":"Point","coordinates":[0.043,0.006]}},{"type":"Feature","properties":{"kind":"light","demo":true,"icon":"light-red","characteristic":"Fl 5s"},"geometry":{"type":"Point","coordinates":[0.039,-0.007]}},{"type":"Feature","properties":{"kind":"light","demo":true,"icon":"light-green","characteristic":"Fl 5s"},"geometry":{"type":"Point","coordinates":[0.04,-0.007]}},{"type":"Feature","properties":{"kind":"light","demo":true,"icon":"light-yellow","characteristic":"Fl 5s"},"geometry":{"type":"Point","coordinates":[0.041,-0.007]}},{"type":"Feature","properties":{"kind":"light","demo":true,"icon":"light-white","characteristic":"Fl 5s"},"geometry":{"type":"Point","coordinates":[0.042,-0.007]}},{"type":"Feature","properties":{"kind":"light","demo":true,"icon":"light-black","characteristic":"Fl 5s"},"geometry":{"type":"Point","coordinates":[0.043,-0.007]}},{"type":"Feature","properties":{"kind":"light_sector","demo":true,"color":"#D84949"},"geometry":{"type":"Polygon","coordinates":[[[0.043,0.006],[0.05295857776054671,0.01435623892592501],[0.05310289749894062,0.014181165083647888],[0.053244139796887385,0.014003599179233557],[0.053382261630614804,0.013823595300976628],[0.05351722092687431,0.01364120827980215],[0.05364897657575689,0.0134564936725636],[0.05377748844321554,0.013269507745119709],[0.053902717383290506,0.013080307455195353],[0.054024625250033535,0.012888950435031663],[0.054143174909127456,0.012695494973830703],[0.0542583302491977,0.0125],[0.05437005619281214,0.012302525063202382],[0.054478318707166046,0.01210313031621658],[0.054583084814448776,0.011901876496614108],[0.05468432260188917,0.011698824908258007],[0.054782001231476446,0.011494037402629092],[0.054876090949353806,0.011287576359985403],[0.054966563094881724,0.01107950467036056],[0.05505339010936823,0.010869885714406856],[0.05513654554446362,0.010658783344088905],[0.055216004070216804,0.010446261863233695],[0.05529174148279111,0.010232386007943038],[0.05536373471183699,0.010017220926874317],[0.05543196182751946,0.009800832161395578],[0.05549640204719814,0.00958328562562099],[0.05555703574175788,0.009364647586332769],[0.05561384444158795,0.00914498464279568],[0.05566681084220805,0.008924363706470245],[0.055715918809539466,0.008702851980630873],[0.05576115338481963,0.008480516939895084],[0.0558025007891587,0.008257426309670095],[0.05583994842773679,0.008033648045523003],[0.05587348489364041,0.007809250312480851],[0.05590309997133718,0.007584301464266917],[0.05592878463978755,0.007358870022479495],[0.05595053107519269,0.007133024655719556],[0.05596833265337771,0.006906834158673628],[0.055982183951809456,0.006680367431158272],[0.055992080751248244,0.006453693457132514],[0.05599802003703308,0.006226881283684687],[0.055999999999999994,0.006000000000000001],[0.05599802003703308,0.005773118716315315],[0.055992080751248244,0.005546306542867488],[0.055982183951809456,0.00531963256884173],[0.05596833265337771,0.005093165841326371],[0.05595053107519269,0.0048669753442804435],[0.05592878463978755,0.004641129977520504],[0.05590309997133718,0.004415698535733085],[0.05587348489364041,0.004190749687519151],[0.05583994842773679,0.003966351954476999],[0.0558025007891587,0.0037425736903299064],[0.043,0.006]]]}},{"type":"Feature","properties":{"kind":"buoy","demo":true,"icon":"lateral-port","name":"D1 · démo","characteristic":"Fl 4s","virtual":false},"geometry":{"type":"Point","coordinates":[0.045,-0.012]}},{"type":"Feature","properties":{"kind":"buoy","demo":true,"icon":"lateral-starboard","name":"D2 · démo","characteristic":"Fl 4s","virtual":false},"geometry":{"type":"Point","coordinates":[0.048,-0.012]}},{"type":"Feature","properties":{"kind":"buoy","demo":true,"icon":"cardinal-n","name":"D3 · démo","characteristic":"Fl 4s","virtual":false},"geometry":{"type":"Point","coordinates":[0.051,-0.012]}},{"type":"Feature","properties":{"kind":"buoy","demo":true,"icon":"cardinal-e","name":"D4 · démo","characteristic":"Fl 4s","virtual":false},"geometry":{"type":"Point","coordinates":[0.054,-0.012]}},{"type":"Feature","properties":{"kind":"buoy","demo":true,"icon":"cardinal-s","name":"D5 · démo","characteristic":"Fl 4s","virtual":false},"geometry":{"type":"Point","coordinates":[0.045,-0.015]}},{"type":"Feature","properties":{"kind":"buoy","demo":true,"icon":"cardinal-w","name":"D6 · démo","characteristic":"Fl 4s","virtual":false},"geometry":{"type":"Point","coordinates":[0.048,-0.015]}},{"type":"Feature","properties":{"kind":"buoy","demo":true,"icon":"safe-water","name":"D7 · démo","characteristic":"Fl 4s","virtual":false},"geometry":{"type":"Point","coordinates":[0.051,-0.015]}},{"type":"Feature","properties":{"kind":"buoy","demo":true,"icon":"special","name":"D8 · démo","characteristic":"Fl 4s","virtual":false},"geometry":{"type":"Point","coordinates":[0.054,-0.015]}},{"type":"Feature","properties":{"kind":"buoy","demo":true,"icon":"isolated-danger","name":"D9 · démo","characteristic":"Fl 4s","virtual":false},"geometry":{"type":"Point","coordinates":[0.045,-0.018000000000000002]}},{"type":"Feature","properties":{"kind":"buoy","demo":true,"icon":"buoy-sphere","name":"D10 · démo","characteristic":"Fl 4s","virtual":false},"geometry":{"type":"Point","coordinates":[0.048,-0.018000000000000002]}},{"type":"Feature","properties":{"kind":"buoy","demo":true,"icon":"buoy-spar","name":"D11 · démo","characteristic":"Fl 4s","virtual":false},"geometry":{"type":"Point","coordinates":[0.051,-0.018000000000000002]}},{"type":"Feature","properties":{"kind":"beacon","demo":true,"icon":"beacon","name":"Balise · démo","virtual":false},"geometry":{"type":"Point","coordinates":[0.047,0.02]}},{"type":"Feature","properties":{"kind":"anchorage","demo":true,"icon":"anchor","name":"anchorage · démo","identified":true},"geometry":{"type":"Point","coordinates":[0.058,0.015]}},{"type":"Feature","properties":{"kind":"ship_anchorage","demo":true,"icon":"anchor-ship","name":"ship_anchorage · démo","identified":true},"geometry":{"type":"Point","coordinates":[0.08,-0.025]}},{"type":"Feature","properties":{"kind":"mooring","demo":true,"icon":"mooring","name":"mooring · démo","identified":true},"geometry":{"type":"Point","coordinates":[0.042,-0.004]}},{"type":"Feature","properties":{"kind":"wreck","demo":true,"icon":"wreck","name":"wreck · démo","identified":true},"geometry":{"type":"Point","coordinates":[0.072,0.024]}},{"type":"Feature","properties":{"kind":"landmark","demo":true,"icon":"landmark","name":"landmark · démo","identified":true},"geometry":{"type":"Point","coordinates":[0.023,0.017]}},{"type":"Feature","properties":{"kind":"shoal","demo":true,"name":"shoal · démo"},"geometry":{"type":"Polygon","coordinates":[[[0.06,0.028],[0.06899999999999999,0.028],[0.06899999999999999,0.034],[0.06,0.034],[0.06,0.028]]]}},{"type":"Feature","properties":{"kind":"reef","demo":true,"name":"reef · démo"},"geometry":{"type":"Polygon","coordinates":[[[0.07,0.035],[0.079,0.035],[0.079,0.041],[0.07,0.041],[0.07,0.035]]]}},{"type":"Feature","properties":{"kind":"reserve","demo":true,"name":"reserve · démo"},"geometry":{"type":"Polygon","coordinates":[[[0.07,0.05],[0.079,0.05],[0.079,0.056],[0.07,0.056],[0.07,0.05]]]}},{"type":"Feature","properties":{"kind":"restricted","demo":true,"name":"restricted · démo"},"geometry":{"type":"Polygon","coordinates":[[[0.09,-0.04],[0.09899999999999999,-0.04],[0.09899999999999999,-0.034],[0.09,-0.034],[0.09,-0.04]]]}},{"type":"Feature","properties":{"kind":"military","demo":true,"name":"military · démo"},"geometry":{"type":"Polygon","coordinates":[[[-0.08,-0.04],[-0.07100000000000001,-0.04],[-0.07100000000000001,-0.034],[-0.08,-0.034],[-0.08,-0.04]]]}},{"type":"Feature","properties":{"kind":"windfarm","demo":true,"name":"windfarm · démo"},"geometry":{"type":"Polygon","coordinates":[[[0.11,-0.01],[0.119,-0.01],[0.119,-0.004],[0.11,-0.004],[0.11,-0.01]]]}},{"type":"Feature","properties":{"kind":"sea_name","demo":true,"name":"Mer fictive"},"geometry":{"type":"Point","coordinates":[0.13,0.02]}},{"type":"Feature","properties":{"kind":"coastal_city","demo":true,"name":"Ville · démo"},"geometry":{"type":"Point","coordinates":[0.02,-0.008]}},{"type":"Feature","properties":{"kind":"coastal_town","demo":true,"name":"Village · démo"},"geometry":{"type":"Point","coordinates":[-0.025,0.016]}},{"type":"Feature","properties":{"kind":"bay_name","demo":true,"name":"Baie fictive"},"geometry":{"type":"Point","coordinates":[0.06,-0.005]}},{"type":"Feature","properties":{"kind":"cape_name","demo":true,"name":"Pointe · démo"},"geometry":{"type":"Point","coordinates":[0.04,0.016]}},{"type":"Feature","properties":{"kind":"island_name","demo":true,"name":"Île fictive"},"geometry":{"type":"Point","coordinates":[0,0]}},{"type":"Feature","properties":{"kind":"beach_name","demo":true,"name":"Plage · démo"},"geometry":{"type":"Point","coordinates":[0.027,-0.018]}},{"type":"Feature","properties":{"kind":"cove_name","demo":true,"name":"Crique · démo"},"geometry":{"type":"Point","coordinates":[-0.04,-0.013]}}]}
