{"type":"FeatureCollection","features":[{"type":"Feature","geometry":{"type":"MultiPolygon","coordinates":[[[[5.515,43.20590567710843],[5.5150109,43.2058911],[5.515,43.205869761375666],[5.515,43.20590567710843]]],[[[5.515,43.225],[5.555,43.225],[5.555,43.19],[5.553917376098428,43.19],[5.5537193,43.1901009],[5.5535984,43.190174],[5.5534343,43.1903003],[5.5530076,43.1904594],[5.5528879,43.1906443],[5.5530162,43.1907722],[5.5529645,43.1908636],[5.5528914,43.1909435],[5.5527805,43.1910386],[5.552695,43.1911441],[5.5525831,43.1912484],[5.5524107,43.1914069],[5.5522051,43.1915271],[5.5521789,43.1916713],[5.5518281,43.1918233],[5.5515612,43.1919505],[5.5511895,43.192246],[5.5510254,43.1925211],[5.5508355,43.1926975],[5.550657,43.192742],[5.5506543,43.1929042],[5.5504138,43.1932071],[5.5500465,43.1933561],[5.5500378,43.193606],[5.5499505,43.1936782],[5.5498542,43.1937881],[5.5497996,43.1938786],[5.5497954,43.1939818],[5.5497656,43.1941211],[5.5497106,43.194256],[5.5496178,43.194381],[5.5494777,43.1944992],[5.5493591,43.1945794],[5.5492681,43.194686],[5.5491955,43.194775],[5.549146,43.1948563],[5.5490665,43.1950495],[5.5490098,43.1951785],[5.5488899,43.1953638],[5.5487928,43.1955121],[5.5487202,43.1956779],[5.5487021,43.1957794],[5.5486899,43.1959385],[5.5486678,43.1960674],[5.548707,43.1961552],[5.5485658,43.1961983],[5.5486877,43.1964224],[5.5487657,43.1966083],[5.5487431,43.1967039],[5.5486998,43.1968234],[5.5487621,43.1970339],[5.548798,43.1971632],[5.5487824,43.1972849],[5.5487588,43.1974119],[5.5487343,43.1975743],[5.5486577,43.1980029],[5.5486305,43.1980886],[5.5484902,43.1980997],[5.5484591,43.1981632],[5.5484427,43.1982435],[5.5484383,43.1983174],[5.5481957,43.1985083],[5.5479093,43.1988873],[5.5478555,43.1989919],[5.5478533,43.1991324],[5.5477935,43.1992797],[5.5477803,43.19937],[5.5477861,43.1994527],[5.5478833,43.1996167],[5.5478867,43.1999915],[5.5478601,43.2000882],[5.5478147,43.2001956],[5.5478734,43.2002607],[5.5477742,43.2005242],[5.5476998,43.2006314],[5.5476595,43.2008337],[5.5476114,43.2009937],[5.5476132,43.2010806],[5.5476624,43.2012004],[5.5476546,43.201234],[5.5475629,43.2013023],[5.547493,43.2013387],[5.5474592,43.2013528],[5.5474701,43.2013757],[5.547532,43.2013972],[5.5476189,43.2014462],[5.5476961,43.2014946],[5.5477788,43.20157],[5.5478211,43.2016375],[5.5478348,43.2017119],[5.5478256,43.2018243],[5.5478869,43.2018863],[5.5479683,43.2019112],[5.5480683,43.2019458],[5.5481465,43.201989],[5.5482326,43.2020492],[5.5483296,43.2021576],[5.5484092,43.2022776],[5.5485285,43.2024429],[5.5486285,43.2025553],[5.5486848,43.2026275],[5.5487243,43.2027203],[5.5487928,43.2029437],[5.5488624,43.2032115],[5.5488985,43.2037592],[5.5489207,43.2040456],[5.5488666,43.2041442],[5.5488253,43.2042504],[5.5487997,43.2043926],[5.5487456,43.2045175],[5.5487215,43.2046627],[5.5487272,43.2047949],[5.5488773,43.2048634],[5.5488569,43.2049215],[5.5488717,43.2050181],[5.5489046,43.2050647],[5.5490214,43.2051816],[5.5490826,43.2052678],[5.5490867,43.205396],[5.549046,43.2054871],[5.5489643,43.2055875],[5.548885,43.2056291],[5.5487958,43.2056408],[5.5487026,43.205603],[5.5486143,43.2056045],[5.5486031,43.2056271],[5.5485619,43.2056313],[5.5485512,43.2056639],[5.5485637,43.2057704],[5.5485715,43.2058372],[5.5485993,43.2058677],[5.5486435,43.2058675],[5.548876,43.2058802],[5.5490332,43.205921],[5.5491321,43.2060405],[5.5492216,43.206138],[5.5492138,43.2062503],[5.549252,43.2062937],[5.5492789,43.2064344],[5.5493345,43.206545],[5.5494639,43.2066141],[5.54956,43.2067063],[5.5496261,43.2067802],[5.549731,43.206855],[5.5498348,43.2069885],[5.5498588,43.2070767],[5.5499104,43.2071117],[5.5499689,43.2072713],[5.5499989,43.2074205],[5.5497037,43.2078356],[5.5494721,43.2080464],[5.5490514,43.2083529],[5.5485035,43.2086571],[5.5480048,43.2088404],[5.5476179,43.208887],[5.5473873,43.2088632],[5.5471691,43.2088129],[5.5465876,43.2084525],[5.5464533,43.2083957],[5.5463612,43.2083781],[5.5461937,43.2083192],[5.5460669,43.2081703],[5.5459465,43.2079595],[5.5456878,43.2079527],[5.545624,43.2079484],[5.5455202,43.2079706],[5.5454423,43.208089],[5.5452748,43.2082121],[5.5452142,43.2083452],[5.5452219,43.2085167],[5.5453141,43.2087435],[5.5454388,43.2089047],[5.5456024,43.2090981],[5.5458047,43.2093166],[5.545953,43.2095064],[5.5459993,43.2095718],[5.5460373,43.2097668],[5.5460138,43.2099989],[5.545954,43.2101471],[5.5457697,43.2102928],[5.5455686,43.2104067],[5.5452927,43.2105593],[5.5450943,43.2106516],[5.5450722,43.2106619],[5.5449485,43.2106839],[5.5447461,43.210686],[5.5446203,43.2106308],[5.5444878,43.210582],[5.544425,43.2105686],[5.5444224,43.2104949],[5.5445709,43.2104908],[5.5446657,43.2104339],[5.544637,43.210415],[5.5445612,43.2104607],[5.5444173,43.2104678],[5.5443683,43.2104507],[5.544309,43.2104381],[5.5441702,43.2104188],[5.5440027,43.2103789],[5.5438191,43.2103281],[5.5436724,43.2102977],[5.5433531,43.2103266],[5.5432402,43.2102462],[5.5431396,43.2102229],[5.5430052,43.2101784],[5.5428788,43.2101308],[5.5427791,43.2100955],[5.542677,43.2100596],[5.5425938,43.210059],[5.5425124,43.2100745],[5.5424035,43.2101109],[5.5423306,43.2101357],[5.5421948,43.2101407],[5.5421039,43.210132],[5.5418968,43.2101768],[5.5416173,43.2101546],[5.5415578,43.2100832],[5.5413574,43.2100637],[5.5412292,43.2099727],[5.5410635,43.2099202],[5.5409886,43.2098765],[5.5409381,43.2098314],[5.5408886,43.2097893],[5.5408088,43.20976],[5.5406926,43.2097906],[5.540587,43.209727],[5.5404908,43.2096796],[5.540425,43.209607],[5.5403642,43.2095825],[5.5402846,43.2095866],[5.5402142,43.2095492],[5.5401606,43.2095078],[5.5400681,43.2094687],[5.5400012,43.2094051],[5.5398882,43.2093648],[5.5397558,43.2093417],[5.5396616,43.2093182],[5.5395504,43.2092653],[5.5394529,43.2092097],[5.539377,43.2091606],[5.5393193,43.2091324],[5.5392757,43.2091247],[5.5391956,43.2090591],[5.5391691,43.2090664],[5.5391787,43.2090807],[5.5391903,43.209098],[5.5392336,43.2091382],[5.5393952,43.2092882],[5.5394991,43.2093878],[5.5395243,43.209495],[5.5395516,43.2095633],[5.5395776,43.2096073],[5.539525,43.2096451],[5.5394962,43.2096859],[5.5394873,43.2097785],[5.5394305,43.2098296],[5.539418,43.209886],[5.5394383,43.2099456],[5.5394356,43.2100017],[5.5394236,43.210082],[5.5393299,43.2102205],[5.5392614,43.210266],[5.5392286,43.2103223],[5.5392169,43.2103626],[5.5392274,43.2104529],[5.5392048,43.2104893],[5.5392057,43.2105364],[5.5392138,43.2105809],[5.5391784,43.2106653],[5.5391724,43.2107215],[5.5391511,43.2107495],[5.539107,43.210749],[5.5390668,43.2107275],[5.5390347,43.2107379],[5.5390341,43.2107719],[5.5390518,43.2107977],[5.5390258,43.2108306],[5.5389919,43.2108518],[5.5389909,43.2108793],[5.5390018,43.2109004],[5.5390287,43.2109157],[5.5389799,43.2109642],[5.5389659,43.2110379],[5.5389208,43.2110785],[5.5387904,43.2111854],[5.5387454,43.2112266],[5.5387177,43.2112727],[5.5387024,43.2113077],[5.5387176,43.2113335],[5.5387325,43.211367],[5.5387166,43.2114068],[5.5386023,43.2115084],[5.5385989,43.2115371],[5.5386348,43.2116154],[5.5386263,43.211655],[5.5386073,43.2117097],[5.5385645,43.2117646],[5.5385337,43.211812],[5.5385239,43.2118587],[5.5384977,43.2118875],[5.5384413,43.2118986],[5.5383998,43.2119147],[5.5383832,43.2119402],[5.5383571,43.2119714],[5.5383225,43.2119795],[5.5382647,43.2119806],[5.5382137,43.2120631],[5.5382195,43.2120951],[5.5383259,43.2121344],[5.5383296,43.2121575],[5.5383131,43.2121848],[5.5383363,43.2122068],[5.5383372,43.2122557],[5.5383505,43.212291],[5.5383968,43.2123034],[5.5384245,43.2123187],[5.5383735,43.212333],[5.5384153,43.2123322],[5.5382862,43.2124221],[5.5381943,43.2124568],[5.5380696,43.2125235],[5.5378781,43.2125958],[5.5376101,43.2126932],[5.537171,43.2128635],[5.53661,43.2129854],[5.5364023,43.2130003],[5.5362107,43.2129825],[5.5360162,43.2129737],[5.5357451,43.212932],[5.5354663,43.2128845],[5.5351677,43.2128924],[5.5350545,43.2129254],[5.5349412,43.2129554],[5.534774,43.2129822],[5.5346904,43.21299],[5.5346218,43.2129711],[5.5345385,43.2129532],[5.5340602,43.212984],[5.5339823,43.2129761],[5.5339357,43.2129566],[5.5338909,43.2129418],[5.5338482,43.2129352],[5.5338084,43.2129393],[5.5337725,43.2129529],[5.5337525,43.2129749],[5.5337499,43.213003],[5.5337665,43.2130395],[5.5337985,43.2130737],[5.5340043,43.213221],[5.5339701,43.2133595],[5.5340636,43.2133928],[5.5341633,43.2132374],[5.5345498,43.2131966],[5.5349393,43.2131993],[5.5349186,43.2135122],[5.5349467,43.2135501],[5.5349901,43.2135388],[5.5350072,43.2135228],[5.5350178,43.2132167],[5.5351148,43.2131704],[5.5354746,43.2132854],[5.5353389,43.2135223],[5.5352949,43.2135086],[5.5352784,43.2135347],[5.535406,43.2135746],[5.5354187,43.2135516],[5.5353646,43.2135311],[5.5355044,43.2132935],[5.5357644,43.2133713],[5.5355663,43.2137083],[5.5355953,43.2137165],[5.5357876,43.2133796],[5.5360981,43.2134721],[5.535905,43.2138084],[5.5359324,43.2138189],[5.536124,43.2134833],[5.536492,43.2135986],[5.5362897,43.2139333],[5.536327,43.2139448],[5.5365177,43.2136086],[5.5369072,43.2137178],[5.5370078,43.2141432],[5.5370469,43.2141806],[5.5371319,43.2141733],[5.5371756,43.2141293],[5.5370737,43.2136929],[5.5371318,43.2136702],[5.5373417,43.2135158],[5.5375883,43.2136436],[5.5378999,43.2138125],[5.5380804,43.2139195],[5.5382023,43.2140275],[5.5381865,43.2140636],[5.538169,43.2140885],[5.5376287,43.2143793],[5.5375695,43.2143386],[5.5375357,43.2143455],[5.537517,43.2143634],[5.5376122,43.2144369],[5.5375673,43.2144811],[5.5370603,43.2147393],[5.5368097,43.2146845],[5.5365586,43.2146231],[5.5366607,43.2143657],[5.5366341,43.2143569],[5.5365041,43.2146085],[5.5364295,43.2146619],[5.5362354,43.2146132],[5.5364034,43.2142782],[5.5363769,43.2142706],[5.536208,43.2146044],[5.5359723,43.2145396],[5.5361389,43.2142082],[5.536115,43.2142024],[5.5359443,43.2145327],[5.5357505,43.2144703],[5.5358927,43.2141402],[5.5358663,43.2141338],[5.5357253,43.2144637],[5.5353931,43.2142748],[5.5353746,43.2142643],[5.535284,43.2141637],[5.5351897,43.2140971],[5.5351568,43.214068],[5.5351662,43.2139742],[5.5351066,43.2137569],[5.535069,43.2137505],[5.5350359,43.2137653],[5.5350579,43.2140336],[5.5350281,43.2140611],[5.5349857,43.2140373],[5.5348867,43.214046],[5.5345171,43.213945],[5.5344254,43.2139071],[5.5343671,43.2138522],[5.534249,43.2137774],[5.5341433,43.2137798],[5.534128,43.2138315],[5.5339359,43.213884],[5.5338833,43.2138844],[5.5338908,43.2139243],[5.5338599,43.2139586],[5.5338248,43.2139372],[5.5338172,43.2138985],[5.5338478,43.2138826],[5.5338407,43.2138393],[5.5338168,43.2138016],[5.5338181,43.2137496],[5.5337148,43.2137228],[5.5336737,43.2137174],[5.5334902,43.2137906],[5.5331045,43.2137396],[5.5329519,43.2136587],[5.5328408,43.2135778],[5.5327776,43.2134914],[5.5327307,43.2134459],[5.5326401,43.2134192],[5.5325877,43.2133356],[5.5326344,43.2132298],[5.532569,43.2131478],[5.5325772,43.2130333],[5.5325206,43.2129807],[5.5324551,43.2129438],[5.5323754,43.2129157],[5.5323356,43.2129144],[5.5323136,43.2129335],[5.5323482,43.2129829],[5.5323089,43.2130278],[5.5322327,43.213013],[5.532159,43.2129528],[5.5321134,43.21294],[5.531994,43.213003],[5.5319221,43.2130583],[5.531897,43.2131295],[5.531877,43.2131724],[5.5317067,43.2131705],[5.5315663,43.2131105],[5.5312887,43.2129949],[5.5311391,43.2129326],[5.530969,43.2128077],[5.5308304,43.212641],[5.5308753,43.2126041],[5.530874,43.2125896],[5.5308983,43.2125759],[5.5309034,43.2125367],[5.5310349,43.2124606],[5.5310538,43.2124131],[5.5310856,43.2124027],[5.5310708,43.2123866],[5.5310843,43.2123554],[5.5311362,43.2123477],[5.5311728,43.2123113],[5.5312114,43.2123191],[5.5312384,43.2122822],[5.5312443,43.2122546],[5.5312164,43.212222],[5.5312176,43.212182],[5.5312813,43.2121242],[5.5312814,43.2120324],[5.5312334,43.2119736],[5.5312273,43.2119201],[5.5312186,43.2118947],[5.5311982,43.2119084],[5.5311808,43.2119178],[5.531175,43.211887],[5.53116,43.2118642],[5.5310912,43.2118727],[5.5310431,43.2118574],[5.5310135,43.2118838],[5.5309949,43.2118707],[5.5309728,43.2118224],[5.5309291,43.211798],[5.5308983,43.2117864],[5.5308525,43.2117823],[5.5308277,43.2117598],[5.5307951,43.2117607],[5.5307264,43.211709],[5.5306935,43.2117046],[5.5305981,43.2117174],[5.5305282,43.2116902],[5.5304057,43.2116698],[5.5302967,43.2116741],[5.530251,43.211642],[5.5301693,43.2116074],[5.5300775,43.2115981],[5.5300392,43.2115813],[5.5299891,43.2115899],[5.5299549,43.2115747],[5.5299488,43.2115529],[5.5299527,43.2115337],[5.5300075,43.2114755],[5.5300072,43.2114403],[5.5300401,43.2113846],[5.5300493,43.2112955],[5.5300898,43.2112449],[5.5300936,43.2111172],[5.5301121,43.2110827],[5.5300771,43.2109603],[5.5298882,43.2109168],[5.5298871,43.210865],[5.5298174,43.2108419],[5.5293237,43.2108595],[5.5292133,43.2107291],[5.5291078,43.2107381],[5.5288231,43.2106085],[5.5287856,43.2105309],[5.52857,43.2105354],[5.5283313,43.2102624],[5.5283569,43.2102081],[5.5282653,43.2100789],[5.5280288,43.2099676],[5.5277808,43.2097309],[5.5275498,43.2096164],[5.5274462,43.2095985],[5.5273248,43.2096443],[5.5272387,43.2097576],[5.5270654,43.2096203],[5.5270592,43.2096154],[5.5266496,43.2094822],[5.5262157,43.2090898],[5.5261297,43.2090511],[5.5260245,43.2090648],[5.5259113,43.2088958],[5.5258029,43.208512],[5.5258286,43.208367],[5.5257345,43.2082666],[5.5252154,43.2083123],[5.52508,43.2084473],[5.5245905,43.2085142],[5.5246118,43.2084242],[5.5245494,43.2083228],[5.5244083,43.2082583],[5.5244163,43.2080842],[5.5243106,43.2080614],[5.5243812,43.207926],[5.5243762,43.207914],[5.5243493,43.2079053],[5.5243084,43.2078587],[5.5242641,43.2078031],[5.5238991,43.2076818],[5.523643,43.2076891],[5.5234774,43.2076377],[5.5232783,43.2068627],[5.5232629,43.2068596],[5.5229699,43.2068003],[5.5229533,43.2067376],[5.52279,43.2067307],[5.5226871,43.2066234],[5.5225925,43.2066269],[5.5225886,43.2065772],[5.5222372,43.2064369],[5.5219937,43.2064518],[5.5219232,43.2063373],[5.5215302,43.206513],[5.5214449,43.206647],[5.5213389,43.206642],[5.5212912,43.2066842],[5.5212868,43.2066466],[5.5213118,43.2064302],[5.5211669,43.2063098],[5.5211169,43.2062472],[5.521166,43.2060396],[5.5210946,43.2059663],[5.5210716,43.2058644],[5.5207777,43.2057548],[5.5207157,43.2056467],[5.5205982,43.2055773],[5.5203213,43.2055131],[5.5202866,43.2054695],[5.5201991,43.2054321],[5.519992,43.2054036],[5.5198716,43.2054362],[5.5198575,43.205418],[5.5199745,43.2053758],[5.5199368,43.2053183],[5.519967,43.2052581],[5.5198554,43.2051599],[5.5197233,43.2051228],[5.5195682,43.2051557],[5.519516,43.2050539],[5.5193709,43.2049407],[5.5192538,43.2049316],[5.5190153,43.2050183],[5.5189173,43.2051891],[5.5187511,43.205217],[5.5185039,43.2049954],[5.5184424,43.2050447],[5.518308,43.2051139],[5.5182418,43.205044],[5.5180281,43.2050552],[5.517879,43.2049829],[5.5177439,43.2049166],[5.5176386,43.2047884],[5.5175717,43.2047645],[5.5175379,43.2046698],[5.5174874,43.2046737],[5.5174685,43.2047366],[5.5173698,43.2047247],[5.5173132,43.2045525],[5.5172433,43.2045463],[5.5172173,43.2044831],[5.5170374,43.2044569],[5.5168356,43.2043232],[5.5166931,43.2040328],[5.5166259,43.2039999],[5.5165541,43.2038816],[5.5162437,43.2038394],[5.5160618,43.2035947],[5.5158331,43.203522],[5.5157172,43.2033528],[5.5153961,43.2032107],[5.5152561,43.2030532],[5.5150765,43.2030037],[5.515,43.20303701299938],[5.515,43.20462332173175],[5.515297,43.204694],[5.5156946,43.2049207],[5.5157661,43.2049235],[5.5159304,43.2049669],[5.5160044,43.2049637],[5.516083,43.2051222],[5.5160928,43.2052386],[5.5161161,43.2053924],[5.5160779,43.2054361],[5.5160387,43.205453],[5.515979,43.2055075],[5.515984,43.2055619],[5.516065,43.2055682],[5.5161338,43.2055806],[5.5161573,43.2056155],[5.5162573,43.2057228],[5.5163159,43.2058441],[5.5163448,43.205893],[5.5163436,43.2059895],[5.5163206,43.205997],[5.5163009,43.2060034],[5.5162999,43.2060368],[5.5162887,43.2060382],[5.5162748,43.20604],[5.5162795,43.2060623],[5.5162455,43.2061115],[5.5162543,43.2061945],[5.5162461,43.2062559],[5.5162274,43.2063188],[5.5162151,43.206375],[5.5162405,43.2065116],[5.5162644,43.2065913],[5.5163035,43.2066275],[5.516353,43.2066713],[5.5163863,43.206724],[5.5163763,43.2067392],[5.516344,43.2067708],[5.5162926,43.206806],[5.5162868,43.2068455],[5.5163136,43.2068531],[5.5163393,43.2068436],[5.5163327,43.206817],[5.5163442,43.2068161],[5.5163926,43.2068005],[5.5164429,43.2068433],[5.5164248,43.2068682],[5.5164525,43.2068886],[5.5165077,43.2068544],[5.5166489,43.2069614],[5.5166926,43.2069963],[5.5167492,43.2070601],[5.5167694,43.2070539],[5.5167932,43.2070855],[5.5167752,43.2070924],[5.516802,43.2071634],[5.5168432,43.207223],[5.5168625,43.2072177],[5.5168805,43.2072237],[5.5169304,43.207232],[5.5170493,43.2072157],[5.5172272,43.2072829],[5.5173317,43.2072922],[5.5174132,43.2073284],[5.517548,43.2073811],[5.5176046,43.2073829],[5.5177584,43.2074509],[5.5178088,43.207447],[5.5178506,43.2074701],[5.5179276,43.2074826],[5.5180632,43.2075569],[5.5181116,43.20756],[5.5181963,43.2076004],[5.5184291,43.2077115],[5.5185419,43.2078104],[5.5185826,43.2078275],[5.518591,43.2078412],[5.5186689,43.2079132],[5.5188049,43.2080356],[5.5188622,43.2080847],[5.518921,43.2080509],[5.5189448,43.2080718],[5.5189478,43.2081032],[5.5189591,43.208123],[5.5190165,43.2081575],[5.5189994,43.2081808],[5.5190477,43.2082345],[5.5190828,43.2082268],[5.5190914,43.2082394],[5.5190749,43.208257],[5.5190942,43.208277],[5.519119,43.2082888],[5.5191838,43.208342],[5.519196,43.2083773],[5.5192916,43.2084841],[5.5193438,43.2085731],[5.5194018,43.2086466],[5.5194737,43.2087237],[5.5195019,43.2087348],[5.5196001,43.20889],[5.5196385,43.2089754],[5.5197565,43.209141],[5.519806,43.2092657],[5.5200199,43.2094716],[5.5200812,43.2095532],[5.5201583,43.209618],[5.5202024,43.2096733],[5.5202619,43.2097897],[5.520311,43.2098265],[5.5204146,43.209975],[5.5205102,43.209971],[5.5205734,43.2099846],[5.5206201,43.2099748],[5.5206789,43.2099738],[5.5207884,43.2099782],[5.5208182,43.209989],[5.5208537,43.2100107],[5.5208776,43.2100356],[5.5208965,43.210073],[5.5208946,43.2100964],[5.5209238,43.2101237],[5.5209413,43.2101648],[5.5209776,43.2101942],[5.5210002,43.2102155],[5.5210386,43.2102887],[5.521091,43.2103479],[5.5211063,43.2104046],[5.5211282,43.2104342],[5.5211555,43.2104653],[5.5211642,43.2104986],[5.521208,43.2105701],[5.5212437,43.2106005],[5.5212914,43.2106869],[5.5213081,43.2107513],[5.5213393,43.2108913],[5.5213725,43.2110566],[5.5214166,43.2111746],[5.5214265,43.2112314],[5.5214203,43.2112705],[5.5214044,43.2112853],[5.521326,43.2112846],[5.5212574,43.21128],[5.5211891,43.2112833],[5.5211594,43.2112409],[5.5211342,43.2112022],[5.5210796,43.211124],[5.5210477,43.2110241],[5.520969,43.2108361],[5.5209452,43.2108154],[5.5209103,43.2107474],[5.5208427,43.2106744],[5.5207548,43.2105789],[5.5206791,43.2104877],[5.520571,43.2104567],[5.5204792,43.2104078],[5.5203289,43.2103651],[5.5202028,43.2103121],[5.5200183,43.210158],[5.5199332,43.2100533],[5.5199148,43.2099882],[5.5198599,43.2099954],[5.5198145,43.2099454],[5.5197238,43.2098456],[5.5196107,43.2097311],[5.5195565,43.2096784],[5.5195466,43.2096679],[5.5194818,43.2095646],[5.5194329,43.2095239],[5.5194135,43.2095034],[5.5193959,43.2094745],[5.5193624,43.2094385],[5.5193252,43.2094033],[5.5193038,43.2093707],[5.5192672,43.2093274],[5.5192154,43.2093002],[5.5191378,43.2092173],[5.5189888,43.2090538],[5.518967,43.2090026],[5.5189508,43.2089471],[5.5189024,43.20889],[5.518865,43.2088559],[5.5187545,43.2087992],[5.5187117,43.2087539],[5.5186634,43.2087116],[5.5185761,43.2086409],[5.5184443,43.2085268],[5.5184339,43.2085323],[5.5183583,43.2084765],[5.5182196,43.2084075],[5.5181437,43.2083693],[5.5181244,43.2083906],[5.5181147,43.2084018],[5.5177566,43.2082101],[5.5176854,43.2081803],[5.5176465,43.2081826],[5.5173706,43.2081202],[5.5173272,43.2081095],[5.5172431,43.2080791],[5.5172163,43.2080631],[5.5171874,43.2080459],[5.5170982,43.208011],[5.5170719,43.207994],[5.51704,43.2079758],[5.5169335,43.2079346],[5.5169439,43.2079212],[5.5169424,43.207907],[5.5169298,43.2079015],[5.5169107,43.2078964],[5.516883,43.2078913],[5.516865,43.2078775],[5.516857,43.2078847],[5.5168662,43.2079053],[5.5168336,43.2078935],[5.5168201,43.2078899],[5.5168074,43.2078932],[5.5167904,43.207885],[5.5167866,43.2078627],[5.5166603,43.2078173],[5.5166337,43.2078214],[5.5165877,43.2078176],[5.5165511,43.2077969],[5.5165082,43.2077863],[5.5164675,43.2077793],[5.5164337,43.207757],[5.5163819,43.2077366],[5.5163478,43.2077048],[5.5163145,43.2076953],[5.5162742,43.2076545],[5.5162531,43.207627],[5.516209,43.2076108],[5.5161879,43.207574],[5.5161613,43.2075444],[5.5161405,43.2075213],[5.5161085,43.2074888],[5.5160913,43.2074267],[5.5160681,43.2074105],[5.5160541,43.2074189],[5.5159432,43.2073437],[5.5158938,43.207332],[5.5158166,43.2073015],[5.5157705,43.2073145],[5.5157594,43.2073079],[5.5157266,43.2073055],[5.5152791,43.2069322],[5.5152765,43.206902],[5.5152646,43.2069007],[5.5152391,43.2067115],[5.515207,43.2066481],[5.51521,43.2066042],[5.5151918,43.2064893],[5.5151822,43.2063817],[5.5151427,43.2062674],[5.5151329,43.2062292],[5.5151168,43.2061881],[5.5150423,43.2060828],[5.5150381,43.2060408],[5.5150294,43.2059881],[5.5150069,43.205949],[5.515,43.20592945],[5.515,43.225]]]]},"properties":{"kind":"land","demo":false,"source":"OpenStreetMap","retrieved_at":"2026-05-06T03:25:00Z","license":"ODbL-1.0","osm_ids":["way/31062447","way/31062448","way/31062449","way/229726334","way/229730174","way/229730176","way/229730182","way/229730185","way/237168162","way/237168174","way/237168177","way/237168178"],"derived":"Directed OSM coastline closed at pilot bbox","osm_inputs":[{"osm_id":"way/31062447","osm_tags":{"natural":"coastline","source":"cadastre-dgi-fr source : Direction Générale des Impôts - Cadastre. Mise à jour : 2008"},"osm_timestamp":"2020-03-17T08:20:19Z","osm_version":12},{"osm_id":"way/31062448","osm_tags":{"natural":"coastline","source":"cadastre-dgi-fr source : Direction Générale des Impôts - Cadastre. Mise à jour : 2008"},"osm_timestamp":"2020-03-17T08:20:19Z","osm_version":12},{"osm_id":"way/31062449","osm_tags":{"natural":"coastline","source":"cadastre-dgi-fr source : Direction Générale des Impôts - Cadastre. Mise à jour : 2008"},"osm_timestamp":"2024-08-21T15:36:52Z","osm_version":18},{"osm_id":"way/229726334","osm_tags":{"natural":"coastline","source":"cadastre-dgi-fr source : Direction Générale des Impôts - Cadastre. Mise à jour : 2008"},"osm_timestamp":"2020-03-17T08:20:19Z","osm_version":4},{"osm_id":"way/229730174","osm_tags":{"natural":"coastline","source":"cadastre-dgi-fr source : Direction Générale des Impôts - Cadastre. Mise à jour : 2008"},"osm_timestamp":"2023-02-18T18:44:20Z","osm_version":5},{"osm_id":"way/229730176","osm_tags":{"natural":"coastline","source":"cadastre-dgi-fr source : Direction Générale des Impôts - Cadastre. Mise à jour : 2008"},"osm_timestamp":"2026-03-08T18:38:49Z","osm_version":11},{"osm_id":"way/229730182","osm_tags":{"natural":"coastline","source":"cadastre-dgi-fr source : Direction Générale des Impôts - Cadastre. Mise à jour : 2008"},"osm_timestamp":"2022-06-22T15:32:21Z","osm_version":7},{"osm_id":"way/229730185","osm_tags":{"natural":"coastline","source":"cadastre-dgi-fr source : Direction Générale des Impôts - Cadastre. Mise à jour : 2008"},"osm_timestamp":"2020-03-17T08:20:19Z","osm_version":5},{"osm_id":"way/237168162","osm_tags":{"natural":"coastline","source":"cadastre-dgi-fr source : Direction Générale des Impôts - Cadastre. Mise à jour : 2008"},"osm_timestamp":"2023-02-18T18:37:20Z","osm_version":6},{"osm_id":"way/237168174","osm_tags":{"natural":"coastline","source":"cadastre-dgi-fr source : Direction Générale des Impôts - Cadastre. Mise à jour : 2008"},"osm_timestamp":"2020-03-17T08:20:19Z","osm_version":4},{"osm_id":"way/237168177","osm_tags":{"natural":"coastline","source":"cadastre-dgi-fr source : Direction Générale des Impôts - Cadastre. Mise à jour : 2008"},"osm_timestamp":"2020-03-17T08:20:19Z","osm_version":4},{"osm_id":"way/237168178","osm_tags":{"natural":"coastline","source":"cadastre-dgi-fr source : Direction Générale des Impôts - Cadastre. Mise à jour : 2008"},"osm_timestamp":"2020-03-17T08:20:19Z","osm_version":4}]}},{"type":"Feature","geometry":{"type":"Point","coordinates":[5.5338496,43.2130099]},"properties":{"kind":"light","demo":false,"source":"OpenStreetMap","osm_id":"node/1420666229","osm_tags":{"man_made":"lighthouse","seamark:information":"Fl.(2)R. 6s marks head of breakwater in Port du Prado 1.2 miles NNE.","seamark:light:character":"Oc","seamark:light:colour":"green","seamark:light:group":"2","seamark:light:height":"17","seamark:light:period":"6","seamark:light:range":"6","seamark:light:reference":"E 0686","seamark:light:sequence":"1+(1)+3+(1)","seamark:type":"light_minor","source":"US NGA Pub. 113. 2010-10-22."},"osm_version":6,"osm_timestamp":"2019-07-29T19:51:46Z","retrieved_at":"2026-05-06T03:25:00Z","license":"ODbL-1.0","name":"","characteristic":"Oc(2) green 6s","icon":"light-green"}},{"type":"Feature","geometry":{"type":"Point","coordinates":[5.5323407,43.2131003]},"properties":{"kind":"light","demo":false,"source":"OpenStreetMap","osm_id":"node/1420666230","osm_tags":{"man_made":"lighthouse","seamark:information":"Visible 248°-068°.","seamark:light:1:character":"Fl","seamark:light:1:colour":"red","seamark:light:1:height":"11","seamark:light:1:period":"4","seamark:light:1:range":"6","seamark:light:1:sector_end":"68","seamark:light:1:sector_start":"248","seamark:light:1:sequence":"1+(3)","seamark:light:reference":"E 0687","seamark:name":"Cassis","seamark:type":"light_minor","source":"US NGA Pub. 113. 2010-10-22."},"osm_version":6,"osm_timestamp":"2024-10-12T15:51:14Z","retrieved_at":"2026-05-06T03:25:00Z","license":"ODbL-1.0","name":"Cassis","characteristic":"Fl red 4s","icon":"light-red"}},{"type":"Feature","geometry":{"type":"Polygon","coordinates":[[[5.5338269,43.2135201],[5.5337148,43.2137228],[5.5338181,43.2137496],[5.5338168,43.2138016],[5.5338407,43.2138393],[5.5338478,43.2138826],[5.5338172,43.2138985],[5.5338248,43.2139372],[5.5338599,43.2139586],[5.5338908,43.2139243],[5.5338833,43.2138844],[5.5339359,43.213884],[5.534128,43.2138315],[5.5341433,43.2137798],[5.534249,43.2137774],[5.5343671,43.2138522],[5.5344254,43.2139071],[5.5345171,43.213945],[5.5348867,43.214046],[5.5349857,43.2140373],[5.5350281,43.2140611],[5.5350579,43.2140336],[5.5350359,43.2137653],[5.535069,43.2137505],[5.5351066,43.2137569],[5.5351662,43.2139742],[5.5351568,43.214068],[5.5351897,43.2140971],[5.535284,43.2141637],[5.5353746,43.2142643],[5.5353931,43.2142748],[5.5357253,43.2144637],[5.5357505,43.2144703],[5.5359443,43.2145327],[5.5359723,43.2145396],[5.536208,43.2146044],[5.5362354,43.2146132],[5.5364295,43.2146619],[5.5365041,43.2146085],[5.5365586,43.2146231],[5.5368097,43.2146845],[5.5370603,43.2147393],[5.5375673,43.2144811],[5.5376122,43.2144369],[5.537517,43.2143634],[5.5375357,43.2143455],[5.5375695,43.2143386],[5.5376287,43.2143793],[5.538169,43.2140885],[5.5381865,43.2140636],[5.5382023,43.2140275],[5.5380804,43.2139195],[5.5378999,43.2138125],[5.5375883,43.2136436],[5.5373417,43.2135158],[5.5371318,43.2136702],[5.5370737,43.2136929],[5.5371756,43.2141293],[5.5371319,43.2141733],[5.5370469,43.2141806],[5.5370078,43.2141432],[5.5369072,43.2137178],[5.5365177,43.2136086],[5.536492,43.2135986],[5.536124,43.2134833],[5.5360981,43.2134721],[5.5357876,43.2133796],[5.5357644,43.2133713],[5.5355044,43.2132935],[5.5354746,43.2132854],[5.5351148,43.2131704],[5.5350178,43.2132167],[5.5350072,43.2135228],[5.5349901,43.2135388],[5.5349467,43.2135501],[5.5349186,43.2135122],[5.5349393,43.2131993],[5.5345498,43.2131966],[5.5341633,43.2132374],[5.5340636,43.2133928],[5.5339701,43.2133595],[5.5338269,43.2135201]]]},"properties":{"kind":"marina_extent","demo":false,"source":"OpenStreetMap","osm_id":"way/11407276","osm_tags":{"leisure":"marina","name":"Port de Cassis","seamark:harbour:category":"marina","seamark:type":"harbour"},"osm_version":16,"osm_timestamp":"2026-03-16T11:54:07Z","retrieved_at":"2026-05-06T03:25:00Z","license":"ODbL-1.0","name":"Port de Cassis","derived":"Label point from mapped marina geometry"}},{"type":"Feature","geometry":{"type":"Point","coordinates":[5.536061296665059,43.213951800000004]},"properties":{"kind":"port","demo":false,"source":"OpenStreetMap","osm_id":"way/11407276","osm_tags":{"leisure":"marina","name":"Port de Cassis","seamark:harbour:category":"marina","seamark:type":"harbour"},"osm_version":16,"osm_timestamp":"2026-03-16T11:54:07Z","retrieved_at":"2026-05-06T03:25:00Z","license":"ODbL-1.0","name":"Port de Cassis","derived":"Label point from mapped marina geometry","icon":"port-marina"}},{"type":"Feature","geometry":{"type":"LineString","coordinates":[[5.5369369,43.2144065],[5.5368097,43.2146845]]},"properties":{"kind":"pontoon","demo":false,"source":"OpenStreetMap","osm_id":"way/30384270","osm_tags":{"created_by":"Potlatch 0.10f","man_made":"pier"},"osm_version":1,"osm_timestamp":"2009-01-22T12:54:22Z","retrieved_at":"2026-05-06T03:25:00Z","license":"ODbL-1.0","name":""}},{"type":"Feature","geometry":{"type":"LineString","coordinates":[[5.5391691,43.2090664],[5.5391956,43.2090591],[5.5392757,43.2091247],[5.5393193,43.2091324],[5.539377,43.2091606],[5.5394529,43.2092097],[5.5395504,43.2092653],[5.5396616,43.2093182],[5.5397558,43.2093417],[5.5398882,43.2093648],[5.5400012,43.2094051],[5.5400681,43.2094687],[5.5401606,43.2095078],[5.5402142,43.2095492],[5.5402846,43.2095866],[5.5403642,43.2095825],[5.540425,43.209607],[5.5404908,43.2096796],[5.540587,43.209727],[5.5406926,43.2097906],[5.5408088,43.20976],[5.5408886,43.2097893],[5.5409381,43.2098314],[5.5409886,43.2098765],[5.5410635,43.2099202],[5.5412292,43.2099727],[5.5413574,43.2100637],[5.5415578,43.2100832],[5.5416173,43.2101546],[5.5418968,43.2101768],[5.5421039,43.210132],[5.5421948,43.2101407],[5.5423306,43.2101357],[5.5424035,43.2101109],[5.5425124,43.2100745],[5.5425938,43.210059],[5.542677,43.2100596],[5.5427791,43.2100955],[5.5428788,43.2101308],[5.5430052,43.2101784],[5.5431396,43.2102229],[5.5432402,43.2102462],[5.5433531,43.2103266],[5.5436724,43.2102977],[5.5438191,43.2103281],[5.5440027,43.2103789],[5.5441702,43.2104188],[5.544309,43.2104381],[5.5443683,43.2104507],[5.5444173,43.2104678],[5.5445612,43.2104607],[5.544637,43.210415],[5.5446657,43.2104339],[5.5445709,43.2104908],[5.5444224,43.2104949],[5.544425,43.2105686],[5.5444878,43.210582],[5.5446203,43.2106308],[5.5447461,43.210686],[5.5449485,43.2106839],[5.5450722,43.2106619],[5.5450943,43.2106516]]},"properties":{"kind":"coast","demo":false,"source":"OpenStreetMap","osm_id":"way/31062447","osm_tags":{"natural":"coastline","source":"cadastre-dgi-fr source : Direction Générale des Impôts - Cadastre. Mise à jour : 2008"},"osm_version":12,"osm_timestamp":"2020-03-17T08:20:19Z","retrieved_at":"2026-05-06T03:25:00Z","license":"ODbL-1.0","name":""}},{"type":"Feature","geometry":{"type":"MultiLineString","coordinates":[[[5.5161161,43.2053924],[5.5160928,43.2052386],[5.516083,43.2051222],[5.5160044,43.2049637],[5.5159304,43.2049669],[5.5157661,43.2049235],[5.5156946,43.2049207],[5.515297,43.204694],[5.515,43.20462332173175]],[[5.515,43.20303701299938],[5.5150765,43.2030037],[5.5152561,43.2030532],[5.5153961,43.2032107],[5.5157172,43.2033528],[5.5158331,43.203522],[5.5160618,43.2035947],[5.5162437,43.2038394],[5.5165541,43.2038816],[5.5166259,43.2039999],[5.5166931,43.2040328],[5.5168356,43.2043232],[5.5170374,43.2044569],[5.5172173,43.2044831],[5.5172433,43.2045463],[5.5173132,43.2045525],[5.5173698,43.2047247],[5.5174685,43.2047366],[5.5174874,43.2046737],[5.5175379,43.2046698],[5.5175717,43.2047645],[5.5176386,43.2047884],[5.5177439,43.2049166],[5.517879,43.2049829],[5.5180281,43.2050552],[5.5182418,43.205044],[5.518308,43.2051139],[5.5184424,43.2050447],[5.5185039,43.2049954],[5.5187511,43.205217],[5.5189173,43.2051891],[5.5190153,43.2050183],[5.5192538,43.2049316],[5.5193709,43.2049407],[5.519516,43.2050539],[5.5195682,43.2051557],[5.5197233,43.2051228],[5.5198554,43.2051599],[5.519967,43.2052581],[5.5199368,43.2053183],[5.5199745,43.2053758],[5.5198575,43.205418],[5.5198716,43.2054362],[5.519992,43.2054036],[5.5201991,43.2054321],[5.5202866,43.2054695],[5.5203213,43.2055131],[5.5205982,43.2055773],[5.5207157,43.2056467],[5.5207777,43.2057548],[5.5210716,43.2058644],[5.5210946,43.2059663],[5.521166,43.2060396],[5.5211169,43.2062472],[5.5211669,43.2063098],[5.5213118,43.2064302],[5.5212868,43.2066466]]]},"properties":{"kind":"coast","demo":false,"source":"OpenStreetMap","osm_id":"way/31062448","osm_tags":{"natural":"coastline","source":"cadastre-dgi-fr source : Direction Générale des Impôts - Cadastre. Mise à jour : 2008"},"osm_version":12,"osm_timestamp":"2020-03-17T08:20:19Z","retrieved_at":"2026-05-06T03:25:00Z","license":"ODbL-1.0","name":""}},{"type":"Feature","geometry":{"type":"LineString","coordinates":[[5.5300771,43.2109603],[5.5301121,43.2110827],[5.5300936,43.2111172],[5.5300898,43.2112449],[5.5300493,43.2112955],[5.5300401,43.2113846],[5.5300072,43.2114403],[5.5300075,43.2114755],[5.5299527,43.2115337],[5.5299488,43.2115529],[5.5299549,43.2115747],[5.5299891,43.2115899],[5.5300392,43.2115813],[5.5300775,43.2115981],[5.5301693,43.2116074],[5.530251,43.211642],[5.5302967,43.2116741],[5.5304057,43.2116698],[5.5305282,43.2116902],[5.5305981,43.2117174],[5.5306935,43.2117046],[5.5307264,43.211709],[5.5307951,43.2117607],[5.5308277,43.2117598],[5.5308525,43.2117823],[5.5308983,43.2117864],[5.5309291,43.211798],[5.5309728,43.2118224],[5.5309949,43.2118707],[5.5310135,43.2118838],[5.5310431,43.2118574],[5.5310912,43.2118727],[5.53116,43.2118642],[5.531175,43.211887],[5.5311808,43.2119178],[5.5311982,43.2119084],[5.5312186,43.2118947],[5.5312273,43.2119201],[5.5312334,43.2119736],[5.5312814,43.2120324],[5.5312813,43.2121242],[5.5312176,43.212182],[5.5312164,43.212222],[5.5312443,43.2122546],[5.5312384,43.2122822],[5.5312114,43.2123191],[5.5311728,43.2123113],[5.5311362,43.2123477],[5.5310843,43.2123554],[5.5310708,43.2123866],[5.5310856,43.2124027],[5.5310538,43.2124131],[5.5310349,43.2124606],[5.5309034,43.2125367],[5.5308983,43.2125759],[5.530874,43.2125896],[5.5308753,43.2126041],[5.5308304,43.212641],[5.530969,43.2128077],[5.5311391,43.2129326],[5.5312887,43.2129949],[5.5315663,43.2131105],[5.5317067,43.2131705],[5.531877,43.2131724],[5.531897,43.2131295],[5.5319221,43.2130583],[5.531994,43.213003],[5.5321134,43.21294],[5.532159,43.2129528],[5.5322327,43.213013],[5.5323089,43.2130278],[5.5323482,43.2129829],[5.5323136,43.2129335],[5.5323356,43.2129144],[5.5323754,43.2129157],[5.5324551,43.2129438],[5.5325206,43.2129807],[5.5325772,43.2130333],[5.532569,43.2131478],[5.5326344,43.2132298],[5.5325877,43.2133356],[5.5326401,43.2134192],[5.5327307,43.2134459],[5.5327776,43.2134914],[5.5328408,43.2135778],[5.5329519,43.2136587],[5.5331045,43.2137396],[5.5334902,43.2137906],[5.5336737,43.2137174],[5.5337148,43.2137228],[5.5338181,43.2137496],[5.5338168,43.2138016],[5.5338407,43.2138393],[5.5338478,43.2138826],[5.5338172,43.2138985],[5.5338248,43.2139372],[5.5338599,43.2139586],[5.5338908,43.2139243],[5.5338833,43.2138844],[5.5339359,43.213884],[5.534128,43.2138315],[5.5341433,43.2137798],[5.534249,43.2137774],[5.5343671,43.2138522],[5.5344254,43.2139071],[5.5345171,43.213945],[5.5348867,43.214046],[5.5349857,43.2140373],[5.5350281,43.2140611],[5.5350579,43.2140336],[5.5350359,43.2137653],[5.535069,43.2137505],[5.5351066,43.2137569],[5.5351662,43.2139742],[5.5351568,43.214068],[5.5351897,43.2140971],[5.535284,43.2141637],[5.5353746,43.2142643],[5.5353931,43.2142748],[5.5357253,43.2144637],[5.5358663,43.2141338],[5.5358927,43.2141402],[5.5357505,43.2144703],[5.5359443,43.2145327],[5.536115,43.2142024],[5.5361389,43.2142082],[5.5359723,43.2145396],[5.536208,43.2146044],[5.5363769,43.2142706],[5.5364034,43.2142782],[5.5362354,43.2146132],[5.5364295,43.2146619],[5.5365041,43.2146085],[5.5366341,43.2143569],[5.5366607,43.2143657],[5.5365586,43.2146231],[5.5368097,43.2146845],[5.5370603,43.2147393],[5.5375673,43.2144811],[5.5376122,43.2144369],[5.537517,43.2143634],[5.5375357,43.2143455],[5.5375695,43.2143386],[5.5376287,43.2143793],[5.538169,43.2140885],[5.5381865,43.2140636],[5.5382023,43.2140275],[5.5380804,43.2139195],[5.5378999,43.2138125],[5.5375883,43.2136436],[5.5373417,43.2135158],[5.5371318,43.2136702],[5.5370737,43.2136929],[5.5371756,43.2141293],[5.5371319,43.2141733],[5.5370469,43.2141806],[5.5370078,43.2141432],[5.5369072,43.2137178],[5.5365177,43.2136086],[5.536327,43.2139448],[5.5362897,43.2139333],[5.536492,43.2135986],[5.536124,43.2134833],[5.5359324,43.2138189],[5.535905,43.2138084],[5.5360981,43.2134721],[5.5357876,43.2133796],[5.5355953,43.2137165],[5.5355663,43.2137083],[5.5357644,43.2133713],[5.5355044,43.2132935],[5.5353646,43.2135311],[5.5354187,43.2135516],[5.535406,43.2135746],[5.5352784,43.2135347],[5.5352949,43.2135086],[5.5353389,43.2135223],[5.5354746,43.2132854],[5.5351148,43.2131704],[5.5350178,43.2132167],[5.5350072,43.2135228],[5.5349901,43.2135388],[5.5349467,43.2135501],[5.5349186,43.2135122],[5.5349393,43.2131993],[5.5345498,43.2131966],[5.5341633,43.2132374],[5.5340636,43.2133928],[5.5339701,43.2133595],[5.5340043,43.213221],[5.5337985,43.2130737],[5.5337665,43.2130395],[5.5337499,43.213003],[5.5337525,43.2129749],[5.5337725,43.2129529],[5.5338084,43.2129393],[5.5338482,43.2129352],[5.5338909,43.2129418],[5.5339357,43.2129566],[5.5339823,43.2129761],[5.5340602,43.212984],[5.5345385,43.2129532],[5.5346218,43.2129711],[5.5346904,43.21299],[5.534774,43.2129822],[5.5349412,43.2129554],[5.5350545,43.2129254],[5.5351677,43.2128924],[5.5354663,43.2128845],[5.5357451,43.212932],[5.5360162,43.2129737],[5.5362107,43.2129825],[5.5364023,43.2130003],[5.53661,43.2129854],[5.537171,43.2128635],[5.5376101,43.2126932],[5.5378781,43.2125958],[5.5380696,43.2125235],[5.5381943,43.2124568],[5.5382862,43.2124221],[5.5384153,43.2123322],[5.5383735,43.212333],[5.5384245,43.2123187],[5.5383968,43.2123034],[5.5383505,43.212291],[5.5383372,43.2122557],[5.5383363,43.2122068],[5.5383131,43.2121848],[5.5383296,43.2121575],[5.5383259,43.2121344],[5.5382195,43.2120951],[5.5382137,43.2120631],[5.5382647,43.2119806],[5.5383225,43.2119795],[5.5383571,43.2119714],[5.5383832,43.2119402],[5.5383998,43.2119147],[5.5384413,43.2118986],[5.5384977,43.2118875],[5.5385239,43.2118587],[5.5385337,43.211812],[5.5385645,43.2117646],[5.5386073,43.2117097],[5.5386263,43.211655],[5.5386348,43.2116154],[5.5385989,43.2115371],[5.5386023,43.2115084],[5.5387166,43.2114068],[5.5387325,43.211367],[5.5387176,43.2113335],[5.5387024,43.2113077],[5.5387177,43.2112727],[5.5387454,43.2112266],[5.5387904,43.2111854],[5.5389208,43.2110785],[5.5389659,43.2110379],[5.5389799,43.2109642],[5.5390287,43.2109157],[5.5390018,43.2109004],[5.5389909,43.2108793],[5.5389919,43.2108518],[5.5390258,43.2108306],[5.5390518,43.2107977],[5.5390341,43.2107719],[5.5390347,43.2107379],[5.5390668,43.2107275],[5.539107,43.210749],[5.5391511,43.2107495],[5.5391724,43.2107215],[5.5391784,43.2106653],[5.5392138,43.2105809],[5.5392057,43.2105364],[5.5392048,43.2104893],[5.5392274,43.2104529],[5.5392169,43.2103626],[5.5392286,43.2103223],[5.5392614,43.210266],[5.5393299,43.2102205],[5.5394236,43.210082],[5.5394356,43.2100017],[5.5394383,43.2099456],[5.539418,43.209886],[5.5394305,43.2098296],[5.5394873,43.2097785],[5.5394962,43.2096859],[5.539525,43.2096451],[5.5395776,43.2096073],[5.5395516,43.2095633],[5.5395243,43.209495],[5.5394991,43.2093878],[5.5393952,43.2092882],[5.5392336,43.2091382],[5.5391903,43.209098],[5.5391787,43.2090807],[5.5391691,43.2090664]]},"properties":{"kind":"coast","demo":false,"source":"OpenStreetMap","osm_id":"way/31062449","osm_tags":{"natural":"coastline","source":"cadastre-dgi-fr source : Direction Générale des Impôts - Cadastre. Mise à jour : 2008"},"osm_version":18,"osm_timestamp":"2024-08-21T15:36:52Z","retrieved_at":"2026-05-06T03:25:00Z","license":"ODbL-1.0","name":""}},{"type":"Feature","geometry":{"type":"LineString","coordinates":[[5.5362354,43.2146132],[5.5364034,43.2142782],[5.5363769,43.2142706],[5.536208,43.2146044],[5.5362354,43.2146132]]},"properties":{"kind":"pontoon","demo":false,"source":"OpenStreetMap","osm_id":"way/76017469","osm_tags":{"man_made":"pier","source":"cadastre-dgi-fr source : Direction Générale des Impôts - Cadastre ; mise à jour : 2010"},"osm_version":1,"osm_timestamp":"2010-09-05T09:57:28Z","retrieved_at":"2026-05-06T03:25:00Z","license":"ODbL-1.0","name":"","derived":"Mapped pier outline; not an inferred centreline"}},{"type":"Feature","geometry":{"type":"LineString","coordinates":[[5.5353389,43.2135223],[5.5352949,43.2135086],[5.5352784,43.2135347],[5.535406,43.2135746],[5.5354187,43.2135516],[5.5353646,43.2135311],[5.5355044,43.2132935],[5.5354746,43.2132854],[5.5353389,43.2135223]]},"properties":{"kind":"pontoon","demo":false,"source":"OpenStreetMap","osm_id":"way/76017474","osm_tags":{"man_made":"pier","source":"cadastre-dgi-fr source : Direction Générale des Impôts - Cadastre ; mise à jour : 2010"},"osm_version":1,"osm_timestamp":"2010-09-05T09:57:30Z","retrieved_at":"2026-05-06T03:25:00Z","license":"ODbL-1.0","name":"","derived":"Mapped pier outline; not an inferred centreline"}},{"type":"Feature","geometry":{"type":"LineString","coordinates":[[5.5362897,43.2139333],[5.536327,43.2139448],[5.5365177,43.2136086],[5.536492,43.2135986],[5.5362897,43.2139333]]},"properties":{"kind":"pontoon","demo":false,"source":"OpenStreetMap","osm_id":"way/76017476","osm_tags":{"man_made":"pier","source":"cadastre-dgi-fr source : Direction Générale des Impôts - Cadastre ; mise à jour : 2010"},"osm_version":1,"osm_timestamp":"2010-09-05T09:57:31Z","retrieved_at":"2026-05-06T03:25:00Z","license":"ODbL-1.0","name":"","derived":"Mapped pier outline; not an inferred centreline"}},{"type":"Feature","geometry":{"type":"LineString","coordinates":[[5.5355663,43.2137083],[5.5355953,43.2137165],[5.5357876,43.2133796],[5.5357644,43.2133713],[5.5355663,43.2137083]]},"properties":{"kind":"pontoon","demo":false,"source":"OpenStreetMap","osm_id":"way/76017477","osm_tags":{"man_made":"pier","source":"cadastre-dgi-fr source : Direction Générale des Impôts - Cadastre ; mise à jour : 2010"},"osm_version":1,"osm_timestamp":"2010-09-05T09:57:31Z","retrieved_at":"2026-05-06T03:25:00Z","license":"ODbL-1.0","name":"","derived":"Mapped pier outline; not an inferred centreline"}},{"type":"Feature","geometry":{"type":"LineString","coordinates":[[5.5357505,43.2144703],[5.5358927,43.2141402],[5.5358663,43.2141338],[5.5357253,43.2144637],[5.5357505,43.2144703]]},"properties":{"kind":"pontoon","demo":false,"source":"OpenStreetMap","osm_id":"way/76017478","osm_tags":{"man_made":"pier","source":"cadastre-dgi-fr source : Direction Générale des Impôts - Cadastre ; mise à jour : 2010"},"osm_version":1,"osm_timestamp":"2010-09-05T09:57:32Z","retrieved_at":"2026-05-06T03:25:00Z","license":"ODbL-1.0","name":"","derived":"Mapped pier outline; not an inferred centreline"}},{"type":"Feature","geometry":{"type":"LineString","coordinates":[[5.535905,43.2138084],[5.5359324,43.2138189],[5.536124,43.2134833],[5.5360981,43.2134721],[5.535905,43.2138084]]},"properties":{"kind":"pontoon","demo":false,"source":"OpenStreetMap","osm_id":"way/76017479","osm_tags":{"man_made":"pier","source":"cadastre-dgi-fr source : Direction Générale des Impôts - Cadastre ; mise à jour : 2010"},"osm_version":1,"osm_timestamp":"2010-09-05T09:57:32Z","retrieved_at":"2026-05-06T03:25:00Z","license":"ODbL-1.0","name":"","derived":"Mapped pier outline; not an inferred centreline"}},{"type":"Feature","geometry":{"type":"LineString","coordinates":[[5.5365586,43.2146231],[5.5366607,43.2143657],[5.5366341,43.2143569],[5.5365041,43.2146085],[5.5365586,43.2146231]]},"properties":{"kind":"pontoon","demo":false,"source":"OpenStreetMap","osm_id":"way/76017480","osm_tags":{"man_made":"pier","source":"cadastre-dgi-fr source : Direction Générale des Impôts - Cadastre ; mise à jour : 2010"},"osm_version":1,"osm_timestamp":"2010-09-05T09:57:33Z","retrieved_at":"2026-05-06T03:25:00Z","license":"ODbL-1.0","name":"","derived":"Mapped pier outline; not an inferred centreline"}},{"type":"Feature","geometry":{"type":"LineString","coordinates":[[5.5359723,43.2145396],[5.5361389,43.2142082],[5.536115,43.2142024],[5.5359443,43.2145327],[5.5359723,43.2145396]]},"properties":{"kind":"pontoon","demo":false,"source":"OpenStreetMap","osm_id":"way/76017481","osm_tags":{"man_made":"pier","source":"cadastre-dgi-fr source : Direction Générale des Impôts - Cadastre ; mise à jour : 2010"},"osm_version":1,"osm_timestamp":"2010-09-05T09:57:33Z","retrieved_at":"2026-05-06T03:25:00Z","license":"ODbL-1.0","name":"","derived":"Mapped pier outline; not an inferred centreline"}},{"type":"Feature","geometry":{"type":"LineString","coordinates":[[5.5214044,43.2112853],[5.5214111,43.2112362],[5.5214023,43.2111824],[5.521381,43.2111301],[5.5213652,43.2110679],[5.5213286,43.2109104],[5.5212849,43.2107461],[5.5211543,43.2105436],[5.5211082,43.2104479],[5.5210025,43.2103016],[5.5209202,43.2102365],[5.5208587,43.2101788],[5.5208081,43.2101235],[5.520817,43.2101169],[5.5207722,43.2100725],[5.5203969,43.2099838],[5.520319,43.2098929],[5.5201953,43.2097559],[5.5201622,43.2096989],[5.5199727,43.209482],[5.5198041,43.2093071],[5.5196154,43.2090705],[5.5196283,43.209014],[5.5195356,43.2088622],[5.5194192,43.2087114],[5.5193164,43.2085842],[5.5192164,43.2084511],[5.519039,43.2082627],[5.5189862,43.2082028],[5.5188611,43.208145],[5.5187715,43.2080573],[5.5187638,43.2080607],[5.5186295,43.2079378],[5.5186378,43.2079322],[5.5185794,43.2078848],[5.518375,43.2077768],[5.5182492,43.2077154],[5.5181439,43.2076731],[5.5179904,43.2076162],[5.5176231,43.2074927],[5.5168949,43.2072574],[5.5168397,43.20724],[5.5167317,43.2070798]]},"properties":{"kind":"pontoon","demo":false,"source":"OpenStreetMap","osm_id":"way/106136838","osm_tags":{"access":"private","man_made":"pier","mooring":"yes"},"osm_version":5,"osm_timestamp":"2023-02-18T18:37:20Z","retrieved_at":"2026-05-06T03:25:00Z","license":"ODbL-1.0","name":""}},{"type":"Feature","geometry":{"type":"LineString","coordinates":[[5.5211673,43.2112291],[5.5210296,43.2109225],[5.5209762,43.2108171],[5.5209366,43.2107291],[5.5209005,43.210694],[5.5208329,43.2106227],[5.5207363,43.2105053],[5.5206191,43.2104408],[5.520468,43.2103804],[5.520327,43.2103295],[5.5201722,43.2102166],[5.5200946,43.2101535],[5.5200089,43.2100718],[5.5199335,43.2099794]]},"properties":{"kind":"pontoon","demo":false,"source":"OpenStreetMap","osm_id":"way/106136846","osm_tags":{"access":"private","man_made":"pier","mooring":"yes"},"osm_version":6,"osm_timestamp":"2023-02-18T18:37:20Z","retrieved_at":"2026-05-06T03:25:00Z","license":"ODbL-1.0","name":""}},{"type":"Feature","geometry":{"type":"LineString","coordinates":[[5.5173426,43.2080601],[5.5171941,43.2079997],[5.5170982,43.2079607],[5.5171262,43.2079223],[5.5169724,43.2078515],[5.5168992,43.2078164],[5.516766,43.2077466],[5.516694,43.2077346],[5.5166302,43.207713],[5.5165595,43.2076956],[5.5165151,43.2076755],[5.516448,43.2076414],[5.5163736,43.2075997],[5.5163129,43.2075757],[5.5161969,43.2074651],[5.5161495,43.2074313],[5.5160982,43.2073923]]},"properties":{"kind":"pontoon","demo":false,"source":"OpenStreetMap","osm_id":"way/190081947","osm_tags":{"access":"private","man_made":"pier","mooring":"yes"},"osm_version":4,"osm_timestamp":"2023-02-18T18:37:20Z","retrieved_at":"2026-05-06T03:25:00Z","license":"ODbL-1.0","name":""}},{"type":"Feature","geometry":{"type":"LineString","coordinates":[[5.5169724,43.2078515],[5.5169298,43.2079015]]},"properties":{"kind":"pontoon","demo":false,"source":"OpenStreetMap","osm_id":"way/190081953","osm_tags":{"access":"private","man_made":"pier","mooring":"yes"},"osm_version":3,"osm_timestamp":"2015-07-06T09:53:40Z","retrieved_at":"2026-05-06T03:25:00Z","license":"ODbL-1.0","name":""}},{"type":"Feature","geometry":{"type":"LineString","coordinates":[[5.5182476,43.208367],[5.5182196,43.2084075],[5.5182123,43.2084213]]},"properties":{"kind":"pontoon","demo":false,"source":"OpenStreetMap","osm_id":"way/190081955","osm_tags":{"access":"private","man_made":"pier","mooring":"yes"},"osm_version":3,"osm_timestamp":"2015-07-06T09:53:39Z","retrieved_at":"2026-05-06T03:25:00Z","license":"ODbL-1.0","name":""}},{"type":"Feature","geometry":{"type":"LineString","coordinates":[[5.5170982,43.2079607],[5.5170719,43.207994]]},"properties":{"kind":"pontoon","demo":false,"source":"OpenStreetMap","osm_id":"way/190081958","osm_tags":{"access":"private","man_made":"pier","mooring":"yes"},"osm_version":3,"osm_timestamp":"2015-07-06T09:53:40Z","retrieved_at":"2026-05-06T03:25:00Z","license":"ODbL-1.0","name":""}},{"type":"Feature","geometry":{"type":"LineString","coordinates":[[5.5209762,43.2108171],[5.5209104,43.2108331]]},"properties":{"kind":"pontoon","demo":false,"source":"OpenStreetMap","osm_id":"way/190081961","osm_tags":{"access":"private","man_made":"pier","mooring":"yes"},"osm_version":3,"osm_timestamp":"2015-07-06T09:53:40Z","retrieved_at":"2026-05-06T03:25:00Z","license":"ODbL-1.0","name":""}},{"type":"Feature","geometry":{"type":"LineString","coordinates":[[5.5201722,43.2102166],[5.5200956,43.2102713]]},"properties":{"kind":"pontoon","demo":false,"source":"OpenStreetMap","osm_id":"way/190081963","osm_tags":{"access":"private","man_made":"pier","mooring":"yes"},"osm_version":4,"osm_timestamp":"2023-02-18T18:37:20Z","retrieved_at":"2026-05-06T03:25:00Z","license":"ODbL-1.0","name":""}},{"type":"Feature","geometry":{"type":"LineString","coordinates":[[5.5188049,43.2080356],[5.5186689,43.2079132],[5.5186378,43.2079322],[5.5186295,43.2079378],[5.5187638,43.2080607],[5.5187715,43.2080573],[5.5188049,43.2080356]]},"properties":{"kind":"pontoon","demo":false,"source":"OpenStreetMap","osm_id":"way/190081967","osm_tags":{"access":"private","area":"yes","man_made":"pier"},"osm_version":4,"osm_timestamp":"2023-02-18T18:37:20Z","retrieved_at":"2026-05-06T03:25:00Z","license":"ODbL-1.0","name":"","derived":"Mapped pier outline; not an inferred centreline"}},{"type":"Feature","geometry":{"type":"LineString","coordinates":[[5.5196219,43.2096423],[5.5194878,43.2095225]]},"properties":{"kind":"pontoon","demo":false,"source":"OpenStreetMap","osm_id":"way/190107489","osm_tags":{"access":"private","man_made":"pier","mooring":"yes"},"osm_version":2,"osm_timestamp":"2015-07-06T09:53:39Z","retrieved_at":"2026-05-06T03:25:00Z","license":"ODbL-1.0","name":""}},{"type":"Feature","geometry":{"type":"LineString","coordinates":[[5.5166489,43.2069614],[5.5164065,43.2071218]]},"properties":{"kind":"pontoon","demo":false,"source":"OpenStreetMap","osm_id":"way/190107491","osm_tags":{"access":"private","floating":"yes","man_made":"pier","mooring":"yes"},"osm_version":3,"osm_timestamp":"2015-07-06T09:53:40Z","retrieved_at":"2026-05-06T03:25:00Z","license":"ODbL-1.0","name":""}},{"type":"Feature","geometry":{"type":"LineString","coordinates":[[5.5163442,43.2068161],[5.5163671,43.2068516],[5.5162883,43.2068838],[5.5162591,43.2068451],[5.5161254,43.2069107],[5.5159905,43.2069682]]},"properties":{"kind":"pontoon","demo":false,"source":"OpenStreetMap","osm_id":"way/190107492","osm_tags":{"access":"private","floating":"yes","man_made":"pier","mooring":"yes"},"osm_version":4,"osm_timestamp":"2023-02-18T18:37:20Z","retrieved_at":"2026-05-06T03:25:00Z","license":"ODbL-1.0","name":""}},{"type":"Feature","geometry":{"type":"LineString","coordinates":[[5.5497954,43.1939818],[5.5497996,43.1938786],[5.5498542,43.1937881],[5.5499505,43.1936782],[5.5500378,43.193606],[5.5500465,43.1933561],[5.5504138,43.1932071],[5.5506543,43.1929042],[5.550657,43.192742],[5.5508355,43.1926975],[5.5510254,43.1925211],[5.5511895,43.192246],[5.5515612,43.1919505],[5.5518281,43.1918233],[5.5521789,43.1916713],[5.5522051,43.1915271],[5.5524107,43.1914069],[5.5525831,43.1912484],[5.552695,43.1911441],[5.5527805,43.1910386],[5.5528914,43.1909435],[5.5529645,43.1908636],[5.5530162,43.1907722],[5.5528879,43.1906443],[5.5530076,43.1904594],[5.5534343,43.1903003],[5.5535984,43.190174],[5.5537193,43.1901009],[5.553917376098428,43.19]]},"properties":{"kind":"coast","demo":false,"source":"OpenStreetMap","osm_id":"way/229726334","osm_tags":{"natural":"coastline","source":"cadastre-dgi-fr source : Direction Générale des Impôts - Cadastre. Mise à jour : 2008"},"osm_version":4,"osm_timestamp":"2020-03-17T08:20:19Z","retrieved_at":"2026-05-06T03:25:00Z","license":"ODbL-1.0","name":""}},{"type":"Feature","geometry":{"type":"LineString","coordinates":[[5.5162151,43.206375],[5.5162274,43.2063188],[5.5162461,43.2062559],[5.5162543,43.2061945],[5.5162455,43.2061115],[5.5162795,43.2060623],[5.5162748,43.20604],[5.5162887,43.2060382],[5.5162999,43.2060368],[5.5163009,43.2060034],[5.5163206,43.205997],[5.5163436,43.2059895],[5.5163448,43.205893],[5.5163159,43.2058441],[5.5162573,43.2057228],[5.5161573,43.2056155],[5.5161338,43.2055806],[5.516065,43.2055682],[5.515984,43.2055619],[5.515979,43.2055075],[5.5160387,43.205453],[5.5160779,43.2054361],[5.5161161,43.2053924]]},"properties":{"kind":"coast","demo":false,"source":"OpenStreetMap","osm_id":"way/229730174","osm_tags":{"natural":"coastline","source":"cadastre-dgi-fr source : Direction Générale des Impôts - Cadastre. Mise à jour : 2008"},"osm_version":5,"osm_timestamp":"2023-02-18T18:44:20Z","retrieved_at":"2026-05-06T03:25:00Z","license":"ODbL-1.0","name":""}},{"type":"Feature","geometry":{"type":"LineString","coordinates":[[5.51521,43.2066042],[5.515207,43.2066481],[5.5152391,43.2067115],[5.5152646,43.2069007],[5.5152765,43.206902],[5.5152791,43.2069322],[5.5157266,43.2073055],[5.5157594,43.2073079],[5.5157705,43.2073145],[5.5158166,43.2073015],[5.5158938,43.207332],[5.5159432,43.2073437],[5.5160541,43.2074189],[5.5160681,43.2074105],[5.5160913,43.2074267],[5.5161085,43.2074888],[5.5161405,43.2075213],[5.5161613,43.2075444],[5.5161879,43.207574],[5.516209,43.2076108],[5.5162531,43.207627],[5.5162742,43.2076545],[5.5163145,43.2076953],[5.5163478,43.2077048],[5.5163819,43.2077366],[5.5164337,43.207757],[5.5164675,43.2077793],[5.5165082,43.2077863],[5.5165511,43.2077969],[5.5165877,43.2078176],[5.5166337,43.2078214],[5.5166603,43.2078173],[5.5167866,43.2078627],[5.5167904,43.207885],[5.5168074,43.2078932],[5.5168201,43.2078899],[5.5168336,43.2078935],[5.5168662,43.2079053],[5.516857,43.2078847],[5.516865,43.2078775],[5.516883,43.2078913],[5.5169107,43.2078964],[5.5169298,43.2079015],[5.5169424,43.207907],[5.5169439,43.2079212],[5.5169335,43.2079346],[5.51704,43.2079758],[5.5170719,43.207994],[5.5170982,43.208011],[5.5171874,43.2080459],[5.5172163,43.2080631],[5.5172431,43.2080791],[5.5173272,43.2081095],[5.5173706,43.2081202],[5.5176465,43.2081826],[5.5176854,43.2081803],[5.5177566,43.2082101],[5.5181147,43.2084018],[5.5181244,43.2083906],[5.5181437,43.2083693],[5.5182196,43.2084075],[5.5183583,43.2084765],[5.5184339,43.2085323],[5.5184443,43.2085268],[5.5185761,43.2086409],[5.5186634,43.2087116],[5.5187117,43.2087539],[5.5187545,43.2087992],[5.518865,43.2088559],[5.5189024,43.20889],[5.5189508,43.2089471],[5.518967,43.2090026],[5.5189888,43.2090538],[5.5191378,43.2092173],[5.5192154,43.2093002],[5.5192672,43.2093274],[5.5193038,43.2093707],[5.5193252,43.2094033],[5.5193624,43.2094385],[5.5193959,43.2094745],[5.5194135,43.2095034],[5.5194329,43.2095239],[5.5194818,43.2095646],[5.5195466,43.2096679],[5.5195565,43.2096784],[5.5196107,43.2097311],[5.5197238,43.2098456],[5.5198145,43.2099454],[5.5198599,43.2099954],[5.5199148,43.2099882],[5.5199332,43.2100533],[5.5200183,43.210158],[5.5202028,43.2103121],[5.5203289,43.2103651],[5.5204792,43.2104078],[5.520571,43.2104567],[5.5206791,43.2104877],[5.5207548,43.2105789],[5.5208427,43.2106744],[5.5209103,43.2107474],[5.5209452,43.2108154],[5.520969,43.2108361],[5.5210477,43.2110241],[5.5210796,43.211124],[5.5211342,43.2112022],[5.5211594,43.2112409],[5.5211891,43.2112833],[5.5212574,43.21128],[5.521326,43.2112846],[5.5214044,43.2112853],[5.5214203,43.2112705],[5.5214265,43.2112314],[5.5214166,43.2111746],[5.5213725,43.2110566],[5.5213393,43.2108913],[5.5213081,43.2107513],[5.5212914,43.2106869],[5.5212437,43.2106005],[5.521208,43.2105701],[5.5211642,43.2104986],[5.5211555,43.2104653],[5.5211282,43.2104342],[5.5211063,43.2104046],[5.521091,43.2103479],[5.5210386,43.2102887],[5.5210002,43.2102155],[5.5209776,43.2101942],[5.5209413,43.2101648],[5.5209238,43.2101237],[5.5208946,43.2100964],[5.5208965,43.210073],[5.5208776,43.2100356],[5.5208537,43.2100107],[5.5208182,43.209989],[5.5207884,43.2099782],[5.5206789,43.2099738],[5.5206201,43.2099748],[5.5205734,43.2099846],[5.5205102,43.209971],[5.5204146,43.209975],[5.520311,43.2098265],[5.5202619,43.2097897],[5.5202024,43.2096733],[5.5201583,43.209618],[5.5200812,43.2095532],[5.5200199,43.2094716],[5.519806,43.2092657],[5.5197565,43.209141],[5.5196385,43.2089754],[5.5196001,43.20889],[5.5195019,43.2087348],[5.5194737,43.2087237],[5.5194018,43.2086466],[5.5193438,43.2085731],[5.5192916,43.2084841],[5.519196,43.2083773],[5.5191838,43.208342],[5.519119,43.2082888],[5.5190942,43.208277],[5.5190749,43.208257],[5.5190914,43.2082394],[5.5190828,43.2082268],[5.5190477,43.2082345],[5.5189994,43.2081808],[5.5190165,43.2081575],[5.5189591,43.208123],[5.5189478,43.2081032],[5.5189448,43.2080718],[5.518921,43.2080509],[5.5188622,43.2080847],[5.5188049,43.2080356],[5.5186689,43.2079132],[5.518591,43.2078412],[5.5185826,43.2078275],[5.5185419,43.2078104],[5.5184291,43.2077115],[5.5181963,43.2076004],[5.5181116,43.20756],[5.5180632,43.2075569],[5.5179276,43.2074826],[5.5178506,43.2074701],[5.5178088,43.207447],[5.5177584,43.2074509],[5.5176046,43.2073829],[5.517548,43.2073811],[5.5174132,43.2073284],[5.5173317,43.2072922],[5.5172272,43.2072829],[5.5170493,43.2072157],[5.5169304,43.207232],[5.5168805,43.2072237],[5.5168625,43.2072177],[5.5168432,43.207223],[5.516802,43.2071634],[5.5167752,43.2070924],[5.5167932,43.2070855],[5.5167694,43.2070539],[5.5167492,43.2070601],[5.5166926,43.2069963],[5.5166489,43.2069614],[5.5165077,43.2068544],[5.5164525,43.2068886],[5.5164248,43.2068682],[5.5164429,43.2068433],[5.5163926,43.2068005],[5.5163442,43.2068161],[5.5163327,43.206817],[5.5163393,43.2068436],[5.5163136,43.2068531],[5.5162868,43.2068455],[5.5162926,43.206806],[5.516344,43.2067708],[5.5163763,43.2067392],[5.5163863,43.206724],[5.516353,43.2066713],[5.5163035,43.2066275],[5.5162644,43.2065913],[5.5162405,43.2065116],[5.5162151,43.206375]]},"properties":{"kind":"coast","demo":false,"source":"OpenStreetMap","osm_id":"way/229730176","osm_tags":{"natural":"coastline","source":"cadastre-dgi-fr source : Direction Générale des Impôts - Cadastre. Mise à jour : 2008"},"osm_version":11,"osm_timestamp":"2026-03-08T18:38:49Z","retrieved_at":"2026-05-06T03:25:00Z","license":"ODbL-1.0","name":""}},{"type":"Feature","geometry":{"type":"LineString","coordinates":[[5.5219232,43.2063373],[5.5219937,43.2064518],[5.5222372,43.2064369],[5.5225886,43.2065772],[5.5225925,43.2066269],[5.5226871,43.2066234],[5.52279,43.2067307],[5.5229533,43.2067376],[5.5229699,43.2068003],[5.5232629,43.2068596],[5.5232783,43.2068627],[5.5234774,43.2076377],[5.523643,43.2076891],[5.5238991,43.2076818],[5.5242641,43.2078031],[5.5243084,43.2078587],[5.5243493,43.2079053],[5.5243762,43.207914],[5.5243812,43.207926],[5.5243106,43.2080614],[5.5244163,43.2080842],[5.5244083,43.2082583],[5.5245494,43.2083228],[5.5246118,43.2084242],[5.5245905,43.2085142],[5.52508,43.2084473],[5.5252154,43.2083123],[5.5257345,43.2082666],[5.5258286,43.208367],[5.5258029,43.208512],[5.5259113,43.2088958],[5.5260245,43.2090648],[5.5261297,43.2090511],[5.5262157,43.2090898],[5.5266496,43.2094822],[5.5270592,43.2096154],[5.5270654,43.2096203],[5.5272387,43.2097576],[5.5273248,43.2096443],[5.5274462,43.2095985],[5.5275498,43.2096164],[5.5277808,43.2097309],[5.5280288,43.2099676],[5.5282653,43.2100789],[5.5283569,43.2102081],[5.5283313,43.2102624],[5.52857,43.2105354],[5.5287856,43.2105309],[5.5288231,43.2106085],[5.5291078,43.2107381],[5.5292133,43.2107291],[5.5293237,43.2108595],[5.5298174,43.2108419],[5.5298871,43.210865],[5.5298882,43.2109168],[5.5300771,43.2109603]]},"properties":{"kind":"coast","demo":false,"source":"OpenStreetMap","osm_id":"way/229730182","osm_tags":{"natural":"coastline","source":"cadastre-dgi-fr source : Direction Générale des Impôts - Cadastre. Mise à jour : 2008"},"osm_version":7,"osm_timestamp":"2022-06-22T15:32:21Z","retrieved_at":"2026-05-06T03:25:00Z","license":"ODbL-1.0","name":""}},{"type":"Feature","geometry":{"type":"LineString","coordinates":[[5.5485637,43.2057704],[5.5485512,43.2056639],[5.5485619,43.2056313],[5.5486031,43.2056271],[5.5486143,43.2056045],[5.5487026,43.205603],[5.5487958,43.2056408],[5.548885,43.2056291],[5.5489643,43.2055875],[5.549046,43.2054871],[5.5490867,43.205396],[5.5490826,43.2052678],[5.5490214,43.2051816],[5.5489046,43.2050647],[5.5488717,43.2050181],[5.5488569,43.2049215],[5.5488773,43.2048634],[5.5487272,43.2047949],[5.5487215,43.2046627],[5.5487456,43.2045175],[5.5487997,43.2043926],[5.5488253,43.2042504],[5.5488666,43.2041442],[5.5489207,43.2040456],[5.5488985,43.2037592],[5.5488624,43.2032115],[5.5487928,43.2029437],[5.5487243,43.2027203],[5.5486848,43.2026275],[5.5486285,43.2025553],[5.5485285,43.2024429],[5.5484092,43.2022776],[5.5483296,43.2021576],[5.5482326,43.2020492],[5.5481465,43.201989],[5.5480683,43.2019458],[5.5479683,43.2019112],[5.5478869,43.2018863],[5.5478256,43.2018243],[5.5478348,43.2017119],[5.5478211,43.2016375],[5.5477788,43.20157],[5.5476961,43.2014946],[5.5476189,43.2014462],[5.547532,43.2013972],[5.5474701,43.2013757],[5.5474592,43.2013528],[5.547493,43.2013387],[5.5475629,43.2013023],[5.5476546,43.201234],[5.5476624,43.2012004],[5.5476132,43.2010806],[5.5476114,43.2009937],[5.5476595,43.2008337],[5.5476998,43.2006314],[5.5477742,43.2005242],[5.5478734,43.2002607],[5.5478147,43.2001956],[5.5478601,43.2000882],[5.5478867,43.1999915],[5.5478833,43.1996167],[5.5477861,43.1994527],[5.5477803,43.19937],[5.5477935,43.1992797],[5.5478533,43.1991324],[5.5478555,43.1989919],[5.5479093,43.1988873],[5.5481957,43.1985083],[5.5484383,43.1983174],[5.5484427,43.1982435],[5.5484591,43.1981632],[5.5484902,43.1980997],[5.5486305,43.1980886],[5.5486577,43.1980029],[5.5487343,43.1975743],[5.5487588,43.1974119],[5.5487824,43.1972849],[5.548798,43.1971632],[5.5487621,43.1970339],[5.5486998,43.1968234],[5.5487431,43.1967039],[5.5487657,43.1966083],[5.5486877,43.1964224],[5.5485658,43.1961983],[5.548707,43.1961552],[5.5486678,43.1960674],[5.5486899,43.1959385],[5.5487021,43.1957794],[5.5487202,43.1956779],[5.5487928,43.1955121],[5.5488899,43.1953638],[5.5490098,43.1951785],[5.5490665,43.1950495],[5.549146,43.1948563],[5.5491955,43.194775],[5.5492681,43.194686],[5.5493591,43.1945794],[5.5494777,43.1944992],[5.5496178,43.194381],[5.5497106,43.194256],[5.5497656,43.1941211],[5.5497954,43.1939818]]},"properties":{"kind":"coast","demo":false,"source":"OpenStreetMap","osm_id":"way/229730185","osm_tags":{"natural":"coastline","source":"cadastre-dgi-fr source : Direction Générale des Impôts - Cadastre. Mise à jour : 2008"},"osm_version":5,"osm_timestamp":"2020-03-17T08:20:19Z","retrieved_at":"2026-05-06T03:25:00Z","license":"ODbL-1.0","name":""}},{"type":"Feature","geometry":{"type":"Polygon","coordinates":[[[5.547868535692681,43.225],[5.555,43.225],[5.555,43.224755195927266],[5.5545397,43.2245755],[5.5542487,43.2249392],[5.5531169,43.2244191],[5.5536636,43.2235081],[5.5523539,43.2233686],[5.5522708,43.2226476],[5.5515686,43.2223821],[5.549912,43.2227899],[5.5497589,43.2229433],[5.549377,43.2230412],[5.5487495,43.2237074],[5.5483013,43.2240766],[5.5475282,43.2243453],[5.5476227,43.2245802],[5.547868535692681,43.225]]]},"properties":{"kind":"vegetation","demo":false,"source":"OpenStreetMap","osm_id":"way/236487110","osm_tags":{"CLC:code":"312","CLC:id":"FR-267561","CLC:year":"2006","landuse":"forest","leaf_type":"needleleaved","source":"Union européenne - SOeS, CORINE Land Cover, 2006."},"osm_version":29,"osm_timestamp":"2026-03-11T18:38:54Z","retrieved_at":"2026-05-06T03:25:00Z","license":"ODbL-1.0","name":""}},{"type":"Feature","geometry":{"type":"MultiLineString","coordinates":[[[5.515,43.205869761375666],[5.5150109,43.2058911],[5.515,43.20590567710843]],[[5.515,43.20592945],[5.5150069,43.205949],[5.5150294,43.2059881],[5.5150381,43.2060408],[5.5150423,43.2060828],[5.5151168,43.2061881],[5.5151329,43.2062292],[5.5151427,43.2062674],[5.5151822,43.2063817],[5.5151918,43.2064893],[5.51521,43.2066042]]]},"properties":{"kind":"coast","demo":false,"source":"OpenStreetMap","osm_id":"way/237168162","osm_tags":{"natural":"coastline","source":"cadastre-dgi-fr source : Direction Générale des Impôts - Cadastre. Mise à jour : 2008"},"osm_version":6,"osm_timestamp":"2023-02-18T18:37:20Z","retrieved_at":"2026-05-06T03:25:00Z","license":"ODbL-1.0","name":""}},{"type":"Feature","geometry":{"type":"LineString","coordinates":[[5.5450943,43.2106516],[5.5452927,43.2105593],[5.5455686,43.2104067],[5.5457697,43.2102928],[5.545954,43.2101471],[5.5460138,43.2099989],[5.5460373,43.2097668],[5.5459993,43.2095718],[5.545953,43.2095064],[5.5458047,43.2093166],[5.5456024,43.2090981],[5.5454388,43.2089047],[5.5453141,43.2087435],[5.5452219,43.2085167],[5.5452142,43.2083452],[5.5452748,43.2082121],[5.5454423,43.208089],[5.5455202,43.2079706],[5.545624,43.2079484],[5.5456878,43.2079527],[5.5459465,43.2079595],[5.5460669,43.2081703],[5.5461937,43.2083192],[5.5463612,43.2083781],[5.5464533,43.2083957],[5.5465876,43.2084525],[5.5471691,43.2088129],[5.5473873,43.2088632],[5.5476179,43.208887],[5.5480048,43.2088404],[5.5485035,43.2086571],[5.5490514,43.2083529],[5.5494721,43.2080464],[5.5497037,43.2078356],[5.5499989,43.2074205],[5.5499689,43.2072713],[5.5499104,43.2071117],[5.5498588,43.2070767],[5.5498348,43.2069885],[5.549731,43.206855],[5.5496261,43.2067802],[5.54956,43.2067063],[5.5494639,43.2066141],[5.5493345,43.206545],[5.5492789,43.2064344],[5.549252,43.2062937],[5.5492138,43.2062503],[5.5492216,43.206138],[5.5491321,43.2060405],[5.5490332,43.205921]]},"properties":{"kind":"coast","demo":false,"source":"OpenStreetMap","osm_id":"way/237168174","osm_tags":{"natural":"coastline","source":"cadastre-dgi-fr source : Direction Générale des Impôts - Cadastre. Mise à jour : 2008"},"osm_version":4,"osm_timestamp":"2020-03-17T08:20:19Z","retrieved_at":"2026-05-06T03:25:00Z","license":"ODbL-1.0","name":""}},{"type":"Feature","geometry":{"type":"LineString","coordinates":[[5.5490332,43.205921],[5.548876,43.2058802],[5.5486435,43.2058675],[5.5485993,43.2058677],[5.5485715,43.2058372],[5.5485637,43.2057704]]},"properties":{"kind":"coast","demo":false,"source":"OpenStreetMap","osm_id":"way/237168177","osm_tags":{"natural":"coastline","source":"cadastre-dgi-fr source : Direction Générale des Impôts - Cadastre. Mise à jour : 2008"},"osm_version":4,"osm_timestamp":"2020-03-17T08:20:19Z","retrieved_at":"2026-05-06T03:25:00Z","license":"ODbL-1.0","name":""}},{"type":"Feature","geometry":{"type":"LineString","coordinates":[[5.5212868,43.2066466],[5.5212912,43.2066842],[5.5213389,43.206642],[5.5214449,43.206647],[5.5215302,43.206513],[5.5219232,43.2063373]]},"properties":{"kind":"coast","demo":false,"source":"OpenStreetMap","osm_id":"way/237168178","osm_tags":{"natural":"coastline","source":"cadastre-dgi-fr source : Direction Générale des Impôts - Cadastre. Mise à jour : 2008"},"osm_version":4,"osm_timestamp":"2020-03-17T08:20:19Z","retrieved_at":"2026-05-06T03:25:00Z","license":"ODbL-1.0","name":""}},{"type":"Feature","geometry":{"type":"Polygon","coordinates":[[[5.5301115,43.2119128],[5.5304898,43.2120205],[5.5307891,43.2121975],[5.5308432,43.2122621],[5.5308414,43.2124146],[5.5307286,43.2126231],[5.5307888,43.2126356],[5.5309018,43.2125223],[5.5310117,43.2124624],[5.53108,43.2123507],[5.5311312,43.2123351],[5.5311728,43.2123113],[5.5312114,43.2123191],[5.5312384,43.2122822],[5.5312443,43.2122546],[5.5312164,43.212222],[5.5312176,43.212182],[5.5312321,43.2120819],[5.5310386,43.2120709],[5.5310227,43.2121118],[5.530669,43.2118465],[5.5306934,43.2117973],[5.5297973,43.2116553],[5.5296975,43.2118643],[5.5301115,43.2119128]]]},"properties":{"kind":"urban","demo":false,"source":"OpenStreetMap","osm_id":"way/250305979","osm_tags":{"landuse":"residential"},"osm_version":27,"osm_timestamp":"2026-03-03T12:42:58Z","retrieved_at":"2026-05-06T03:25:00Z","license":"ODbL-1.0","name":""}},{"type":"Feature","geometry":{"type":"LineString","coordinates":[[5.5353931,43.2142748],[5.5354998,43.2140734]]},"properties":{"kind":"pontoon","demo":false,"source":"OpenStreetMap","osm_id":"way/335369616","osm_tags":{"man_made":"pier"},"osm_version":1,"osm_timestamp":"2015-03-29T15:06:45Z","retrieved_at":"2026-05-06T03:25:00Z","license":"ODbL-1.0","name":""}},{"type":"Feature","geometry":{"type":"LineString","coordinates":[[5.519,43.2090018],[5.5189336,43.2089028],[5.5187583,43.2087422],[5.518668,43.2087068],[5.5185758,43.2086293],[5.5183703,43.2084209],[5.5183103,43.2083906],[5.5182476,43.208367],[5.5181734,43.2083424],[5.5180595,43.2083025],[5.5177016,43.2081193]]},"properties":{"kind":"pontoon","demo":false,"source":"OpenStreetMap","osm_id":"way/358830079","osm_tags":{"access":"private","man_made":"pier","mooring":"yes"},"osm_version":3,"osm_timestamp":"2023-02-18T18:37:20Z","retrieved_at":"2026-05-06T03:25:00Z","license":"ODbL-1.0","name":""}},{"type":"Feature","geometry":{"type":"LineString","coordinates":[[5.5189336,43.2089028],[5.5188815,43.2089275]]},"properties":{"kind":"pontoon","demo":false,"source":"OpenStreetMap","osm_id":"way/358830080","osm_tags":{"man_made":"pier"},"osm_version":1,"osm_timestamp":"2015-07-06T09:53:38Z","retrieved_at":"2026-05-06T03:25:00Z","license":"ODbL-1.0","name":""}},{"type":"Feature","geometry":{"type":"LineString","coordinates":[[5.5176963,43.2079991],[5.5176579,43.2081099]]},"properties":{"kind":"pontoon","demo":false,"source":"OpenStreetMap","osm_id":"way/358830082","osm_tags":{"floating":"yes","man_made":"pier","mooring":"private"},"osm_version":2,"osm_timestamp":"2015-07-06T10:18:42Z","retrieved_at":"2026-05-06T03:25:00Z","license":"ODbL-1.0","name":""}},{"type":"Feature","geometry":{"type":"LineString","coordinates":[[5.5194568,43.2094983],[5.5194053,43.2094627],[5.5193695,43.2094346],[5.5193428,43.2094041],[5.5192917,43.2093355],[5.519114,43.209142],[5.5190225,43.209032]]},"properties":{"kind":"pontoon","demo":false,"source":"OpenStreetMap","osm_id":"way/358830083","osm_tags":{"access":"private","man_made":"pier","mooring":"yes"},"osm_version":1,"osm_timestamp":"2015-07-06T09:53:38Z","retrieved_at":"2026-05-06T03:25:00Z","license":"ODbL-1.0","name":""}},{"type":"Feature","geometry":{"type":"LineString","coordinates":[[5.515914,43.2072542],[5.51599,43.2073119]]},"properties":{"kind":"pontoon","demo":false,"source":"OpenStreetMap","osm_id":"way/358843448","osm_tags":{"man_made":"pier"},"osm_version":1,"osm_timestamp":"2015-07-06T10:18:41Z","retrieved_at":"2026-05-06T03:25:00Z","license":"ODbL-1.0","name":""}},{"type":"Feature","geometry":{"type":"LineString","coordinates":[[5.5160541,43.2074189],[5.5160681,43.2074105],[5.5160982,43.2073923],[5.5161025,43.2073868],[5.5159927,43.2073086],[5.51599,43.2073119],[5.5159432,43.2073437],[5.5160541,43.2074189]]},"properties":{"kind":"pontoon","demo":false,"source":"OpenStreetMap","osm_id":"way/358843449","osm_tags":{"area":"yes","man_made":"pier"},"osm_version":2,"osm_timestamp":"2023-02-18T18:37:20Z","retrieved_at":"2026-05-06T03:25:00Z","license":"ODbL-1.0","name":"","derived":"Mapped pier outline; not an inferred centreline"}},{"type":"Feature","geometry":{"type":"LineString","coordinates":[[5.5176465,43.2081826],[5.5176854,43.2081803],[5.5177566,43.2082101],[5.5181147,43.2084018],[5.5181244,43.2083906],[5.5181437,43.2083693],[5.5180297,43.2083103],[5.5177736,43.2081856],[5.51766,43.2081531],[5.517671,43.2081136],[5.5176579,43.2081099],[5.517531,43.2080798],[5.5175211,43.2080861],[5.5173928,43.2080677],[5.5173706,43.2081202],[5.5176465,43.2081826]]},"properties":{"kind":"pontoon","demo":false,"source":"OpenStreetMap","osm_id":"way/358843450","osm_tags":{"area":"yes","man_made":"pier"},"osm_version":4,"osm_timestamp":"2023-02-18T18:44:46Z","retrieved_at":"2026-05-06T03:25:00Z","license":"ODbL-1.0","name":"","derived":"Mapped pier outline; not an inferred centreline"}},{"type":"Feature","geometry":{"type":"LineString","coordinates":[[5.5199335,43.2099794],[5.5199424,43.2099763],[5.5199068,43.2099349],[5.5199156,43.2099271],[5.5198195,43.2098165],[5.5197207,43.209725],[5.5196294,43.2096411],[5.5196219,43.2096423],[5.5195797,43.2096659],[5.5195565,43.2096784],[5.5196107,43.2097311],[5.5197238,43.2098456],[5.5198145,43.2099454],[5.5198599,43.2099954],[5.5199148,43.2099882],[5.5199335,43.2099794]]},"properties":{"kind":"pontoon","demo":false,"source":"OpenStreetMap","osm_id":"way/358843451","osm_tags":{"area":"yes","man_made":"pier"},"osm_version":2,"osm_timestamp":"2022-06-22T16:14:25Z","retrieved_at":"2026-05-06T03:25:00Z","license":"ODbL-1.0","name":"","derived":"Mapped pier outline; not an inferred centreline"}},{"type":"Feature","geometry":{"type":"Polygon","coordinates":[[[5.5295802,43.2169187],[5.5296464,43.2169119],[5.5297229,43.216833],[5.529604,43.2164126],[5.5294471,43.2158609],[5.5293425,43.2158984],[5.5286912,43.21567],[5.5284664,43.2155735],[5.527977,43.215275],[5.5276654,43.2154906],[5.5274719,43.2156879],[5.5269926,43.2159357],[5.5267529,43.2161273],[5.5263201,43.2162843],[5.5265287,43.216937],[5.5268669,43.2170279],[5.526959,43.2168822],[5.5271644,43.2169587],[5.5276743,43.216979],[5.5278716,43.217103],[5.5281503,43.2171736],[5.5280333,43.2173887],[5.5282227,43.2174457],[5.5282461,43.2174214],[5.5284718,43.2177812],[5.5286025,43.2182171],[5.528484,43.2183075],[5.528528,43.2185325],[5.5286591,43.2186133],[5.5288647,43.2187508],[5.5289433,43.2187351],[5.5295041,43.2193407],[5.5299047,43.2196729],[5.5299558,43.2196388],[5.5300215,43.219595],[5.5305063,43.219306],[5.5309657,43.2190321],[5.5311179,43.2185799],[5.5312446,43.2182033],[5.5304507,43.2181173],[5.5303008,43.217847],[5.5301306,43.2176808],[5.529915,43.21733],[5.5298327,43.2170572],[5.5297695,43.2170637],[5.5297604,43.217032],[5.5297329,43.2170036],[5.5295941,43.2170184],[5.5295802,43.2169187]]]},"properties":{"kind":"urban","demo":false,"source":"OpenStreetMap","osm_id":"way/618356968","osm_tags":{"description":"This is a gated community.","landuse":"residential","name":"Les Terres Marines","place":"neighbourhood","residential":"gated"},"osm_version":7,"osm_timestamp":"2026-03-11T18:38:54Z","retrieved_at":"2026-05-06T03:25:00Z","license":"ODbL-1.0","name":"Les Terres Marines"}},{"type":"Feature","geometry":{"type":"LineString","coordinates":[[5.5171941,43.2079997],[5.5172229,43.2079572]]},"properties":{"kind":"pontoon","demo":false,"source":"OpenStreetMap","osm_id":"way/1147420167","osm_tags":{"man_made":"pier"},"osm_version":1,"osm_timestamp":"2023-02-18T18:37:20Z","retrieved_at":"2026-05-06T03:25:00Z","license":"ODbL-1.0","name":""}},{"type":"Feature","geometry":{"type":"LineString","coordinates":[[5.5168949,43.2072574],[5.5168805,43.2072237]]},"properties":{"kind":"pontoon","demo":false,"source":"OpenStreetMap","osm_id":"way/1147420168","osm_tags":{"man_made":"pier"},"osm_version":1,"osm_timestamp":"2023-02-18T18:37:20Z","retrieved_at":"2026-05-06T03:25:00Z","license":"ODbL-1.0","name":""}},{"type":"Feature","geometry":{"type":"LineString","coordinates":[[5.5176231,43.2074927],[5.5176717,43.2074062]]},"properties":{"kind":"pontoon","demo":false,"source":"OpenStreetMap","osm_id":"way/1147420169","osm_tags":{"man_made":"pier"},"osm_version":1,"osm_timestamp":"2023-02-18T18:37:20Z","retrieved_at":"2026-05-06T03:25:00Z","license":"ODbL-1.0","name":""}},{"type":"Feature","geometry":{"type":"LineString","coordinates":[[5.5181439,43.2076731],[5.5181963,43.2076004]]},"properties":{"kind":"pontoon","demo":false,"source":"OpenStreetMap","osm_id":"way/1147420170","osm_tags":{"man_made":"pier"},"osm_version":1,"osm_timestamp":"2023-02-18T18:37:20Z","retrieved_at":"2026-05-06T03:25:00Z","license":"ODbL-1.0","name":""}},{"type":"Feature","geometry":{"type":"MultiPolygon","coordinates":[[[[5.5543413,43.21799],[5.5542426,43.2180526],[5.5538406,43.2180354],[5.5536109,43.2180483],[5.5533643,43.2181293],[5.5533342,43.2182228],[5.5536298,43.2183781],[5.5540731,43.2185786],[5.554809,43.2184709],[5.5549153,43.2185381],[5.555,43.218591613856816],[5.555,43.21840459270833],[5.5543843,43.2181434],[5.5543413,43.21799]]],[[[5.555,43.219517221375064],[5.555,43.21897878802154],[5.5548765,43.2193325],[5.555,43.219517221375064]]]]},"properties":{"kind":"vegetation","demo":false,"source":"OpenStreetMap","osm_id":"way/1476570648","osm_tags":{"CLC:code":"312","CLC:id":"FR-267561","CLC:year":"2006","landuse":"forest","leaf_type":"needleleaved","source":"Union européenne - SOeS, CORINE Land Cover, 2006."},"osm_version":3,"osm_timestamp":"2026-02-12T17:27:15Z","retrieved_at":"2026-05-06T03:25:00Z","license":"ODbL-1.0","name":""}},{"type":"Feature","geometry":{"type":"Polygon","coordinates":[[[5.550826,43.2159694],[5.5507313,43.2161244],[5.5506519,43.2165255],[5.5505697,43.2169411],[5.5508407,43.2169904],[5.5509425,43.2170713],[5.5509852,43.217206],[5.5516075,43.2174706],[5.5519561,43.2174602],[5.5520241,43.2173846],[5.5524908,43.2171031],[5.5526926,43.2170612],[5.5527858,43.2170419],[5.5524038,43.2168053],[5.5522954,43.2168764],[5.5517425,43.2165722],[5.5522249,43.2163924],[5.5511001,43.2158315],[5.5509691,43.2158664],[5.550826,43.2159694]]]},"properties":{"kind":"urban","demo":false,"source":"OpenStreetMap","osm_id":"way/1476570670","osm_tags":{"landuse":"residential"},"osm_version":3,"osm_timestamp":"2026-02-18T18:19:50Z","retrieved_at":"2026-05-06T03:25:00Z","license":"ODbL-1.0","name":""}},{"type":"Feature","geometry":{"type":"Polygon","coordinates":[[[5.5527293,43.2162301],[5.5528268,43.2163451],[5.5535047,43.2167074],[5.5535252,43.2167688],[5.5531658,43.2175831],[5.5531986,43.2177447],[5.5533643,43.2181293],[5.5536109,43.2180483],[5.5538406,43.2180354],[5.5542426,43.2180526],[5.5543413,43.21799],[5.5540689,43.2177451],[5.5539497,43.2175338],[5.553764,43.21759],[5.5536922,43.2174399],[5.5540074,43.2173963],[5.5538756,43.217114],[5.5539083,43.2167801],[5.5538093,43.2164807],[5.5537843,43.2164053],[5.5539137,43.2161748],[5.553772,43.2161688],[5.553546,43.2160041],[5.5535933,43.2159502],[5.5532297,43.2158574],[5.552899,43.2156733],[5.5527059,43.215714],[5.5523961,43.2158478],[5.5527293,43.2162301]]]},"properties":{"kind":"urban","demo":false,"source":"OpenStreetMap","osm_id":"way/1476589887","osm_tags":{"landuse":"residential"},"osm_version":1,"osm_timestamp":"2026-02-11T18:59:08Z","retrieved_at":"2026-05-06T03:25:00Z","license":"ODbL-1.0","name":""}},{"type":"Feature","geometry":{"type":"Polygon","coordinates":[[[5.5523348,43.2179335],[5.5524434,43.2179198],[5.5526793,43.2177272],[5.5525141,43.2175174],[5.5518511,43.2176446],[5.552047,43.2179593],[5.5517308,43.2182],[5.5518535,43.2182602],[5.5523348,43.2179335]]]},"properties":{"kind":"urban","demo":false,"source":"OpenStreetMap","osm_id":"way/1476589888","osm_tags":{"landuse":"residential"},"osm_version":1,"osm_timestamp":"2026-02-11T18:59:08Z","retrieved_at":"2026-05-06T03:25:00Z","license":"ODbL-1.0","name":""}},{"type":"Feature","geometry":{"type":"Polygon","coordinates":[[[5.552951,43.2194527],[5.5530112,43.2194076],[5.5528727,43.2192612],[5.5530039,43.2191367],[5.5525367,43.2187249],[5.5522411,43.2190672],[5.552951,43.2194527]]]},"properties":{"kind":"urban","demo":false,"source":"OpenStreetMap","osm_id":"way/1476589892","osm_tags":{"landuse":"residential"},"osm_version":1,"osm_timestamp":"2026-02-11T18:59:08Z","retrieved_at":"2026-05-06T03:25:00Z","license":"ODbL-1.0","name":""}},{"type":"Feature","geometry":{"type":"Polygon","coordinates":[[[5.5531088,43.2196375],[5.5523002,43.2191524],[5.5521972,43.2191701],[5.551811,43.2196244],[5.5518421,43.2197686],[5.5521598,43.2200206],[5.5525172,43.2202018],[5.5531088,43.2196375]]]},"properties":{"kind":"urban","demo":false,"source":"OpenStreetMap","osm_id":"way/1476589893","osm_tags":{"landuse":"residential"},"osm_version":1,"osm_timestamp":"2026-02-11T18:59:08Z","retrieved_at":"2026-05-06T03:25:00Z","license":"ODbL-1.0","name":""}},{"type":"Feature","geometry":{"type":"Polygon","coordinates":[[[5.5512907,43.219678],[5.5513764,43.2196224],[5.5516806,43.2197843],[5.551745,43.2195845],[5.5516002,43.219521],[5.5514772,43.2193077],[5.5518446,43.2189708],[5.5517927,43.2189251],[5.5513921,43.2192784],[5.5512596,43.2192208],[5.5509156,43.2194772],[5.5512907,43.219678]]]},"properties":{"kind":"urban","demo":false,"source":"OpenStreetMap","osm_id":"way/1476589894","osm_tags":{"landuse":"residential"},"osm_version":1,"osm_timestamp":"2026-02-11T18:59:08Z","retrieved_at":"2026-05-06T03:25:00Z","license":"ODbL-1.0","name":""}},{"type":"Feature","geometry":{"type":"Polygon","coordinates":[[[5.5491764,43.2204327],[5.5489781,43.2205735],[5.548704,43.2205798],[5.5485215,43.2210348],[5.5479433,43.2209903],[5.548044,43.2217341],[5.5482015,43.2218083],[5.5471786,43.222142],[5.5473324,43.2229069],[5.5481152,43.2228974],[5.5477112,43.2234569],[5.5485703,43.2236584],[5.5492317,43.2229039],[5.5497486,43.2228074],[5.5495488,43.2219303],[5.5495162,43.2217821],[5.5496328,43.2216834],[5.5504865,43.2215037],[5.5506817,43.2214128],[5.5510116,43.2209933],[5.5498392,43.220443],[5.5491764,43.2204327]]]},"properties":{"kind":"urban","demo":false,"source":"OpenStreetMap","osm_id":"way/1476589895","osm_tags":{"landuse":"residential"},"osm_version":2,"osm_timestamp":"2026-03-12T15:18:57Z","retrieved_at":"2026-05-06T03:25:00Z","license":"ODbL-1.0","name":""}},{"type":"Feature","geometry":{"type":"Polygon","coordinates":[[[5.5485703,43.2236584],[5.5477112,43.2234569],[5.5481152,43.2228974],[5.5473324,43.2229069],[5.5471786,43.222142],[5.5482015,43.2218083],[5.548044,43.2217341],[5.5479433,43.2209903],[5.5485215,43.2210348],[5.548704,43.2205798],[5.5489781,43.2205735],[5.5491764,43.2204327],[5.5498392,43.220443],[5.5510116,43.2209933],[5.551337,43.2206226],[5.5502588,43.2199464],[5.5500713,43.2200902],[5.5496198,43.2198201],[5.5494113,43.2197018],[5.5490133,43.2193703],[5.54875,43.2194258],[5.5477168,43.2196619],[5.5476359,43.2197016],[5.547558,43.2197398],[5.5472926,43.2199128],[5.5472471,43.2200214],[5.5471969,43.2202261],[5.547018,43.2203795],[5.5469006,43.2205138],[5.5468278,43.2205949],[5.5467891,43.2206655],[5.5468278,43.220707],[5.5470525,43.2204209],[5.5472699,43.2202214],[5.5473532,43.2200996],[5.5476515,43.2202223],[5.5471279,43.2213025],[5.5468781,43.2213319],[5.54665,43.2212073],[5.5468672,43.2216334],[5.5467814,43.222126],[5.5465703,43.2221591],[5.546426,43.2221152],[5.5463049,43.2220785],[5.5459863,43.2215672],[5.5458164,43.2215316],[5.5455722,43.2212135],[5.5454427,43.2209785],[5.5454453,43.2209497],[5.5452351,43.2205907],[5.545229,43.2202178],[5.545436,43.219705],[5.5454324,43.2195563],[5.54548,43.2195534],[5.5454451,43.2193052],[5.5450455,43.2192627],[5.545078,43.2192916],[5.5451853,43.2193255],[5.5452389,43.2193685],[5.5452461,43.2194141],[5.5451227,43.2196917],[5.5451138,43.2198168],[5.5450297,43.2199875],[5.5449636,43.2200565],[5.5449153,43.2202546],[5.5448759,43.2203771],[5.5448205,43.22051],[5.5448134,43.2206651],[5.5447508,43.2208436],[5.5446393,43.2210615],[5.5449097,43.2210048],[5.5450286,43.2212474],[5.5450126,43.2213756],[5.5448811,43.2215044],[5.5449268,43.2217252],[5.5450286,43.2219315],[5.5451976,43.2220751],[5.5456549,43.2220331],[5.546127,43.2224846],[5.5459495,43.2225554],[5.5457246,43.2227358],[5.5457219,43.2232322],[5.5461271,43.2236235],[5.5455528,43.2239282],[5.5459046,43.2243943],[5.5474336,43.2241103],[5.5474911,43.2242531],[5.5482164,43.2239707],[5.5485703,43.2236584]]]},"properties":{"kind":"vegetation","demo":false,"source":"OpenStreetMap","osm_id":"way/1476589897","osm_tags":{"CLC:code":"312","CLC:id":"FR-267561","CLC:year":"2006","landuse":"forest","leaf_type":"needleleaved","source":"Union européenne - SOeS, CORINE Land Cover, 2006."},"osm_version":4,"osm_timestamp":"2026-03-12T15:18:57Z","retrieved_at":"2026-05-06T03:25:00Z","license":"ODbL-1.0","name":""}},{"type":"Feature","geometry":{"type":"Polygon","coordinates":[[[5.5514758,43.2221522],[5.5516422,43.2219231],[5.5517963,43.2217929],[5.551975,43.2217345],[5.5521598,43.2218183],[5.5522687,43.2217016],[5.5520386,43.221519],[5.5522892,43.2213813],[5.5521105,43.2212361],[5.5519873,43.2213259],[5.5518476,43.2212421],[5.5517285,43.221254],[5.5515826,43.2213438],[5.5511287,43.221052],[5.5508033,43.2214453],[5.5506778,43.2215266],[5.5497473,43.2217424],[5.5496458,43.2218047],[5.5496351,43.2219162],[5.549912,43.2227899],[5.5515686,43.2223821],[5.5514758,43.2221522]]]},"properties":{"kind":"urban","demo":false,"source":"OpenStreetMap","osm_id":"way/1476589898","osm_tags":{"landuse":"residential"},"osm_version":1,"osm_timestamp":"2026-02-11T18:59:08Z","retrieved_at":"2026-05-06T03:25:00Z","license":"ODbL-1.0","name":""}},{"type":"Feature","geometry":{"type":"Polygon","coordinates":[[[5.5535698,43.2221942],[5.5533143,43.2222433],[5.5532813,43.2220803],[5.5532218,43.2220054],[5.5533142,43.2215684],[5.5532033,43.2214277],[5.5534169,43.2211882],[5.5531458,43.2209666],[5.5530903,43.2209157],[5.5529342,43.2208125],[5.5526939,43.2210205],[5.5525542,43.2209577],[5.5525152,43.2209936],[5.5531314,43.2214067],[5.5529547,43.2215758],[5.5527267,43.2216836],[5.5527046,43.2224235],[5.5527479,43.2227097],[5.5534222,43.2233187],[5.5537148,43.2234439],[5.5537869,43.2233535],[5.5538619,43.2232421],[5.5544725,43.2234252],[5.5548232,43.2230409],[5.555,43.22308602481962],[5.555,43.22172220077519],[5.5547361,43.2216129],[5.5543999,43.2214826],[5.5540852,43.2217497],[5.5539207,43.2216859],[5.5537825,43.2220645],[5.5535698,43.2221942]]]},"properties":{"kind":"urban","demo":false,"source":"OpenStreetMap","osm_id":"way/1476589899","osm_tags":{"landuse":"residential"},"osm_version":1,"osm_timestamp":"2026-02-11T18:59:08Z","retrieved_at":"2026-05-06T03:25:00Z","license":"ODbL-1.0","name":""}},{"type":"Feature","geometry":{"type":"Polygon","coordinates":[[[5.5546829,43.2202701],[5.55417,43.2208675],[5.5540619,43.2212415],[5.5549041,43.2204115],[5.5546829,43.2202701]]]},"properties":{"kind":"urban","demo":false,"source":"OpenStreetMap","osm_id":"way/1476589900","osm_tags":{"landuse":"residential"},"osm_version":1,"osm_timestamp":"2026-02-11T18:59:08Z","retrieved_at":"2026-05-06T03:25:00Z","license":"ODbL-1.0","name":""}},{"type":"Feature","geometry":{"type":"Polygon","coordinates":[[[5.555,43.21897878802154],[5.555,43.218591613856816],[5.5549153,43.2185381],[5.5542618,43.2188751],[5.5546456,43.2193612],[5.5548765,43.2193325],[5.555,43.21897878802154]]]},"properties":{"kind":"urban","demo":false,"source":"OpenStreetMap","osm_id":"way/1476589938","osm_tags":{"landuse":"residential"},"osm_version":1,"osm_timestamp":"2026-02-11T18:59:08Z","retrieved_at":"2026-05-06T03:25:00Z","license":"ODbL-1.0","name":""}},{"type":"Feature","geometry":{"type":"Polygon","coordinates":[[[5.5514601,43.2154757],[5.5518334,43.2154047],[5.5520877,43.2153489],[5.5523259,43.2152571],[5.5524861,43.2151649],[5.5533395,43.2145644],[5.5533077,43.2145453],[5.553261,43.2145768],[5.5532396,43.2145912],[5.5529009,43.2148193],[5.5528423,43.2148587],[5.552455,43.2151197],[5.5524022,43.2151553],[5.5523598,43.2151838],[5.5522721,43.2152163],[5.5522246,43.2152339],[5.5521033,43.2152789],[5.5515507,43.2153358],[5.5511461,43.215472],[5.5508708,43.215228],[5.5498089,43.2159211],[5.5499342,43.2160603],[5.5506819,43.2155948],[5.5508975,43.2157355],[5.5511908,43.2155674],[5.5514601,43.2154757]]]},"properties":{"kind":"vegetation","demo":false,"source":"OpenStreetMap","osm_id":"way/1477732473","osm_tags":{"landuse":"forest"},"osm_version":3,"osm_timestamp":"2026-03-13T19:06:21Z","retrieved_at":"2026-05-06T03:25:00Z","license":"ODbL-1.0","name":""}},{"type":"Feature","geometry":{"type":"Polygon","coordinates":[[[5.5501814,43.2169706],[5.5501526,43.2169268],[5.5500522,43.2169052],[5.5496883,43.216989],[5.5493254,43.2173081],[5.5496977,43.2173947],[5.5501756,43.2170145],[5.5501814,43.2169706]]]},"properties":{"kind":"urban","demo":false,"source":"OpenStreetMap","osm_id":"way/1480365914","osm_tags":{"landuse":"residential"},"osm_version":1,"osm_timestamp":"2026-02-18T18:19:50Z","retrieved_at":"2026-05-06T03:25:00Z","license":"ODbL-1.0","name":""}},{"type":"Feature","geometry":{"type":"Polygon","coordinates":[[[5.5490145,43.2176356],[5.5485473,43.2175078],[5.5484257,43.2174212],[5.5483256,43.2172785],[5.5481897,43.2168869],[5.5479166,43.2163428],[5.5478084,43.2163617],[5.5477581,43.2164731],[5.5477566,43.2166257],[5.5478251,43.2170602],[5.54792,43.2172973],[5.5480819,43.2174629],[5.5482931,43.2175629],[5.5487771,43.2177845],[5.5490145,43.2176356]]]},"properties":{"kind":"urban","demo":false,"source":"OpenStreetMap","osm_id":"way/1480365915","osm_tags":{"landuse":"residential"},"osm_version":1,"osm_timestamp":"2026-02-18T18:19:50Z","retrieved_at":"2026-05-06T03:25:00Z","license":"ODbL-1.0","name":""}},{"type":"Feature","geometry":{"type":"Polygon","coordinates":[[[5.5496581,43.217804],[5.5500784,43.2174937],[5.550493,43.2171366],[5.5505662,43.217025],[5.550853,43.217056],[5.5509006,43.2170916],[5.5509532,43.2172531],[5.551424,43.2174594],[5.5514099,43.2175174],[5.5519561,43.2174602],[5.5516075,43.2174706],[5.5509852,43.217206],[5.5509425,43.2170713],[5.5508407,43.2169904],[5.5505697,43.2169411],[5.5506519,43.2165255],[5.5505975,43.216522],[5.5504684,43.2169356],[5.5503463,43.2170974],[5.5500341,43.2173469],[5.5492129,43.2178936],[5.5494848,43.2179161],[5.5496581,43.217804]]]},"properties":{"kind":"vegetation","demo":false,"source":"OpenStreetMap","osm_id":"way/1480365916","osm_tags":{"landuse":"forest"},"osm_version":1,"osm_timestamp":"2026-02-18T18:19:50Z","retrieved_at":"2026-05-06T03:25:00Z","license":"ODbL-1.0","name":""}},{"type":"Feature","geometry":{"type":"Polygon","coordinates":[[[5.5491978,43.2174128],[5.5490755,43.2174628],[5.5488706,43.2174856],[5.5487046,43.2174754],[5.5485774,43.2174369],[5.5484741,43.2173586],[5.5483959,43.2172593],[5.5482065,43.2168873],[5.5481897,43.2168869],[5.5483256,43.2172785],[5.5484257,43.2174212],[5.5485473,43.2175078],[5.5490145,43.2176356],[5.5487771,43.2177845],[5.5490516,43.2178434],[5.5496977,43.2173947],[5.5493254,43.2173081],[5.5491978,43.2174128]]]},"properties":{"kind":"vegetation","demo":false,"source":"OpenStreetMap","osm_id":"way/1480365917","osm_tags":{"landuse":"forest"},"osm_version":1,"osm_timestamp":"2026-02-18T18:19:50Z","retrieved_at":"2026-05-06T03:25:00Z","license":"ODbL-1.0","name":""}},{"type":"Feature","geometry":{"type":"Polygon","coordinates":[[[5.5442339,43.2151643],[5.5446706,43.2151397],[5.5449958,43.2150983],[5.5452207,43.2150865],[5.5460569,43.2149976],[5.5461978,43.2150232],[5.5464282,43.2151773],[5.5464106,43.2152198],[5.5461517,43.2150716],[5.5460352,43.2150381],[5.5452058,43.2151309],[5.5449768,43.2151289],[5.5446461,43.2151793],[5.5444523,43.2151998],[5.544129,43.2151955],[5.5441184,43.2152549],[5.544398,43.2153675],[5.5445769,43.2153898],[5.5455094,43.2154781],[5.5457382,43.2154894],[5.5458519,43.2154885],[5.5463806,43.2154299],[5.546403,43.2154041],[5.5464879,43.2154084],[5.5465163,43.2154462],[5.5466566,43.2154772],[5.546731,43.2154987],[5.5467308,43.215448],[5.5464837,43.2152565],[5.5466575,43.2145449],[5.5467348,43.21446],[5.54685,43.2144274],[5.5468893,43.2143661],[5.5468594,43.2143128],[5.5466928,43.2140965],[5.546419,43.2141103],[5.5457474,43.2141663],[5.5455366,43.2143912],[5.5454645,43.2147879],[5.5448894,43.2147138],[5.5446981,43.2150863],[5.5446902,43.2151017],[5.5441696,43.2149627],[5.5441937,43.2148825],[5.5440365,43.214853],[5.5439296,43.2151411],[5.5442339,43.2151643]]]},"properties":{"kind":"urban","demo":false,"source":"OpenStreetMap","osm_id":"way/1480365931","osm_tags":{"landuse":"residential"},"osm_version":1,"osm_timestamp":"2026-02-18T18:19:50Z","retrieved_at":"2026-05-06T03:25:00Z","license":"ODbL-1.0","name":""}},{"type":"Feature","geometry":{"type":"Polygon","coordinates":[[[5.5419593,43.2137054],[5.5419211,43.2137103],[5.5419167,43.213699],[5.5418966,43.2136886],[5.541878,43.213682],[5.5418682,43.2136853],[5.5418266,43.2136293],[5.5417932,43.2135762],[5.5417529,43.2134413],[5.5417154,43.2134408],[5.5416902,43.2134647],[5.5416768,43.2135635],[5.5417477,43.2137215],[5.5418484,43.2137873],[5.542063,43.2138472],[5.5424173,43.2139298],[5.5424704,43.213773],[5.5422323,43.2137133],[5.5419593,43.2137054]]]},"properties":{"kind":"vegetation","demo":false,"source":"OpenStreetMap","osm_id":"way/1480365951","osm_tags":{"landuse":"forest"},"osm_version":4,"osm_timestamp":"2026-03-23T17:26:26Z","retrieved_at":"2026-05-06T03:25:00Z","license":"ODbL-1.0","name":""}},{"type":"Feature","geometry":{"type":"LineString","coordinates":[[5.5401575,43.2093857],[5.5403249,43.2096511]]},"properties":{"kind":"breakwater","demo":false,"source":"OpenStreetMap","osm_id":"way/1481322489","osm_tags":{"man_made":"groyne"},"osm_version":1,"osm_timestamp":"2026-02-21T10:42:40Z","retrieved_at":"2026-05-06T03:25:00Z","license":"ODbL-1.0","name":""}},{"type":"Feature","geometry":{"type":"Polygon","coordinates":[[[5.5443205,43.2231962],[5.5445058,43.2236579],[5.5449385,43.2235048],[5.5449743,43.2233618],[5.5449152,43.2232382],[5.5445494,43.2231497],[5.5443205,43.2231962]]]},"properties":{"kind":"urban","demo":false,"source":"OpenStreetMap","osm_id":"way/1481773643","osm_tags":{"landuse":"residential"},"osm_version":1,"osm_timestamp":"2026-02-22T14:05:03Z","retrieved_at":"2026-05-06T03:25:00Z","license":"ODbL-1.0","name":""}},{"type":"Feature","geometry":{"type":"Polygon","coordinates":[[[5.5404434,43.2137267],[5.5404556,43.2138075],[5.5411158,43.2139062],[5.5415117,43.2139242],[5.5415349,43.2138538],[5.5410708,43.2137504],[5.5409605,43.2137299],[5.5404434,43.2137267]]]},"properties":{"kind":"urban","demo":false,"source":"OpenStreetMap","osm_id":"way/1481773667","osm_tags":{"landuse":"residential"},"osm_version":1,"osm_timestamp":"2026-02-22T14:05:03Z","retrieved_at":"2026-05-06T03:25:00Z","license":"ODbL-1.0","name":""}},{"type":"Feature","geometry":{"type":"MultiPolygon","coordinates":[[[[5.5545121,43.2139337],[5.5546004,43.2139921],[5.5548346,43.214037],[5.555,43.21403406593082],[5.555,43.213442545854754],[5.5546394,43.2137331],[5.5545121,43.2139337]]],[[[5.5546151,43.2150498],[5.5544059,43.2154537],[5.5545986,43.2155786],[5.555,43.21524341989448],[5.555,43.21434262827927],[5.5548941,43.2144846],[5.5546151,43.2150498]]]]},"properties":{"kind":"urban","demo":false,"source":"OpenStreetMap","osm_id":"way/1481773669","osm_tags":{"landuse":"residential"},"osm_version":1,"osm_timestamp":"2026-02-22T14:05:03Z","retrieved_at":"2026-05-06T03:25:00Z","license":"ODbL-1.0","name":""}},{"type":"Feature","geometry":{"type":"Polygon","coordinates":[[[5.5461745,43.2101363],[5.5454021,43.2107788],[5.5451596,43.2108554],[5.5454275,43.2110807],[5.5455087,43.2111358],[5.5458651,43.2111194],[5.5465604,43.2109661],[5.5468408,43.2109031],[5.5461745,43.2101363]]]},"properties":{"kind":"urban","demo":false,"source":"OpenStreetMap","osm_id":"way/1481773670","osm_tags":{"landuse":"residential"},"osm_version":1,"osm_timestamp":"2026-02-22T14:05:03Z","retrieved_at":"2026-05-06T03:25:00Z","license":"ODbL-1.0","name":""}},{"type":"Feature","geometry":{"type":"Polygon","coordinates":[[[5.5441709,43.21206],[5.5429782,43.2125369],[5.5425643,43.2127577],[5.5422883,43.2129424],[5.54231,43.2129842],[5.5425234,43.2133959],[5.5424348,43.2134849],[5.5424785,43.2134996],[5.5423026,43.2136934],[5.5424815,43.2137402],[5.5433498,43.2139386],[5.5439544,43.2142299],[5.544029,43.2143494],[5.5446851,43.21416],[5.5446973,43.2139121],[5.5441918,43.2137817],[5.5442948,43.2134864],[5.5445388,43.2133096],[5.5449554,43.2134472],[5.5449363,43.2133528],[5.5448357,43.2128558],[5.5444804,43.2129412],[5.5441709,43.21206]]]},"properties":{"kind":"urban","demo":false,"source":"OpenStreetMap","osm_id":"way/1481773671","osm_tags":{"landuse":"residential"},"osm_version":4,"osm_timestamp":"2026-03-18T17:19:00Z","retrieved_at":"2026-05-06T03:25:00Z","license":"ODbL-1.0","name":""}},{"type":"Feature","geometry":{"type":"Polygon","coordinates":[[[5.545952,43.2088344],[5.5461551,43.2090919],[5.5465967,43.2088822],[5.5463654,43.2086381],[5.545952,43.2088344]]]},"properties":{"kind":"urban","demo":false,"source":"OpenStreetMap","osm_id":"way/1481773672","osm_tags":{"landuse":"residential"},"osm_version":1,"osm_timestamp":"2026-02-22T14:05:03Z","retrieved_at":"2026-05-06T03:25:00Z","license":"ODbL-1.0","name":""}},{"type":"Feature","geometry":{"type":"MultiPolygon","coordinates":[[[[5.548029,43.2127882],[5.5480243,43.2131399],[5.5480679,43.2131752],[5.5483723,43.2130513],[5.5492848,43.2138261],[5.5499365,43.2132216],[5.5500234,43.2132667],[5.5492798,43.2139131],[5.5497407,43.2141886],[5.5498852,43.2141078],[5.5508415,43.2134947],[5.5517216,43.2129668],[5.5541117,43.2117218],[5.555,43.21115548527993],[5.555,43.21066076157777],[5.5543532,43.2107907],[5.5532946,43.211021],[5.5528638,43.2110598],[5.5520203,43.2115159],[5.5509651,43.2119372],[5.5509134,43.211884],[5.5501547,43.2122139],[5.5496995,43.211834],[5.5496285,43.2117401],[5.5490672,43.2121317],[5.5488379,43.2122517],[5.5487291,43.2124643],[5.5486418,43.212513],[5.5485469,43.2125939],[5.5481541,43.2126567],[5.548029,43.2127882]]],[[[5.5529666,43.2091821],[5.5513216,43.2092446],[5.5514513,43.2098059],[5.552207,43.2096854],[5.5526442,43.2096127],[5.5527675,43.2100462],[5.552289,43.2100974],[5.5522708,43.2103192],[5.5529268,43.2102746],[5.5529563,43.2101211],[5.553228,43.2100954],[5.5532786,43.2099631],[5.5541752,43.2100464],[5.5541005,43.2104422],[5.5544587,43.2104056],[5.554947,43.2103778],[5.555,43.21031501981005],[5.555,43.209208293981796],[5.5549871,43.2092076],[5.5529666,43.2091821]]]]},"properties":{"kind":"urban","demo":false,"source":"OpenStreetMap","osm_id":"way/1481773673","osm_tags":{"landuse":"residential"},"osm_version":2,"osm_timestamp":"2026-03-13T19:06:21Z","retrieved_at":"2026-05-06T03:25:00Z","license":"ODbL-1.0","name":""}},{"type":"Feature","geometry":{"type":"Polygon","coordinates":[[[5.5529429,43.212956],[5.555,43.21222487871554],[5.555,43.21129486770825],[5.5545732,43.2115816],[5.5509867,43.2134979],[5.5515499,43.2141222],[5.5512281,43.2143033],[5.5508186,43.2139019],[5.5503358,43.2142238],[5.5503876,43.214276],[5.5499084,43.2145627],[5.5496231,43.2143178],[5.5485737,43.2147803],[5.5484694,43.214877],[5.5476831,43.2157805],[5.5479492,43.2159242],[5.5479964,43.2160213],[5.5479834,43.2161305],[5.5479858,43.2162053],[5.5485115,43.2172339],[5.5486539,43.2173582],[5.5488572,43.2173822],[5.5490022,43.2173637],[5.5491083,43.217309],[5.5495229,43.2169614],[5.5500125,43.2168298],[5.5503076,43.2167386],[5.5504333,43.2166471],[5.5506737,43.2159855],[5.5508975,43.2157355],[5.5506819,43.2155948],[5.5499342,43.2160603],[5.5498089,43.2159211],[5.5508708,43.215228],[5.5511461,43.215472],[5.5515507,43.2153358],[5.5521033,43.2152789],[5.5517469,43.2150112],[5.5517007,43.2149765],[5.5514706,43.2150903],[5.5509669,43.2147107],[5.5509244,43.2146787],[5.5513018,43.2144144],[5.5514044,43.2145322],[5.552611,43.2138708],[5.5530204,43.2137404],[5.5534421,43.2135272],[5.5529429,43.212956]]]},"properties":{"kind":"urban","demo":false,"source":"OpenStreetMap","osm_id":"way/1481773674","osm_tags":{"landuse":"residential"},"osm_version":2,"osm_timestamp":"2026-03-13T19:06:21Z","retrieved_at":"2026-05-06T03:25:00Z","license":"ODbL-1.0","name":""}},{"type":"Feature","geometry":{"type":"Polygon","coordinates":[[[5.554736,43.214546],[5.5549373,43.2142915],[5.5549147,43.2141762],[5.5548038,43.2140984],[5.5546538,43.2140744],[5.5544648,43.2139981],[5.5543304,43.2139509],[5.5536576,43.2144966],[5.5545244,43.2150055],[5.554736,43.214546]]]},"properties":{"kind":"urban","demo":false,"source":"OpenStreetMap","osm_id":"way/1481773675","osm_tags":{"landuse":"residential"},"osm_version":1,"osm_timestamp":"2026-02-22T14:05:03Z","retrieved_at":"2026-05-06T03:25:00Z","license":"ODbL-1.0","name":""}},{"type":"Feature","geometry":{"type":"Polygon","coordinates":[[[5.5536109,43.2077107],[5.5534684,43.2078712],[5.553383,43.2079674],[5.5528217,43.2077682],[5.5523949,43.2075725],[5.5513658,43.2071599],[5.55091,43.2071201],[5.5507766,43.2072785],[5.5503059,43.2082135],[5.5507046,43.2085409],[5.5510366,43.2084254],[5.5512604,43.2084359],[5.551661,43.2083121],[5.5514581,43.20851],[5.5512457,43.2084881],[5.5510177,43.208509],[5.550744,43.2086361],[5.5506288,43.2087328],[5.5504182,43.2087183],[5.5503706,43.2085545],[5.5498795,43.2086069],[5.5496234,43.2086039],[5.5494349,43.2085588],[5.5489852,43.2089273],[5.5476695,43.2092362],[5.5476993,43.2093374],[5.5478423,43.2093531],[5.5481705,43.2101439],[5.5483019,43.210061],[5.5481244,43.2095691],[5.5492319,43.2092541],[5.5492805,43.2094199],[5.5490648,43.2097223],[5.5501227,43.2093391],[5.5503753,43.2092028],[5.5512706,43.2091908],[5.5530013,43.2091077],[5.555,43.20914343437656],[5.555,43.207739281839125],[5.5543073,43.2079208],[5.5536109,43.2077107]]]},"properties":{"kind":"urban","demo":false,"source":"OpenStreetMap","osm_id":"way/1481773676","osm_tags":{"landuse":"residential"},"osm_version":3,"osm_timestamp":"2026-03-13T20:40:21Z","retrieved_at":"2026-05-06T03:25:00Z","license":"ODbL-1.0","name":""}},{"type":"Feature","geometry":{"type":"Polygon","coordinates":[[[5.5405117,43.2199283],[5.5405776,43.2202074],[5.5405095,43.2205036],[5.5404862,43.2206762],[5.5405731,43.2207494],[5.5407406,43.2207337],[5.5408256,43.2206723],[5.540938,43.2205624],[5.5411029,43.2204751],[5.5413115,43.2204218],[5.5414864,43.2203662],[5.5415977,43.2202561],[5.5416939,43.2200752],[5.5417853,43.2199832],[5.5419444,43.2199104],[5.5419629,43.2198718],[5.5408104,43.2188859],[5.540634,43.2186782],[5.5405102,43.2184639],[5.540472,43.2183137],[5.5404532,43.2182436],[5.5396779,43.2183874],[5.5395476,43.2184832],[5.5395648,43.2185345],[5.5403585,43.2196622],[5.5405117,43.2199283]]]},"properties":{"kind":"urban","demo":false,"source":"OpenStreetMap","osm_id":"way/1482525724","osm_tags":{"landuse":"residential"},"osm_version":1,"osm_timestamp":"2026-02-24T11:54:39Z","retrieved_at":"2026-05-06T03:25:00Z","license":"ODbL-1.0","name":""}},{"type":"Feature","geometry":{"type":"Polygon","coordinates":[[[5.5438288,43.2162428],[5.5436725,43.2160043],[5.5437002,43.2156516],[5.543667,43.2155195],[5.5437642,43.2153867],[5.5437405,43.2153494],[5.5433298,43.2157251],[5.5430868,43.2159598],[5.5429039,43.2162367],[5.5426423,43.2167102],[5.5432594,43.2168356],[5.5431157,43.2171837],[5.5430995,43.2176973],[5.5427639,43.2177319],[5.5423646,43.2176567],[5.542136,43.2175109],[5.5420175,43.2175428],[5.541815,43.2175724],[5.5423482,43.2179511],[5.542467,43.2180957],[5.5425185,43.218225],[5.5426324,43.2185105],[5.5426831,43.2185236],[5.5427474,43.2184984],[5.5435206,43.217783],[5.5435079,43.2177137],[5.5435092,43.2176131],[5.5435803,43.2175565],[5.5436893,43.2175102],[5.5437293,43.2172848],[5.5438751,43.2170853],[5.5440799,43.2168877],[5.5439358,43.2164694],[5.5438288,43.2162428]]]},"properties":{"kind":"urban","demo":false,"source":"OpenStreetMap","osm_id":"way/1482525725","osm_tags":{"landuse":"residential"},"osm_version":3,"osm_timestamp":"2026-03-11T18:51:10Z","retrieved_at":"2026-05-06T03:25:00Z","license":"ODbL-1.0","name":""}},{"type":"Feature","geometry":{"type":"Polygon","coordinates":[[[5.5440333,43.2182063],[5.5437336,43.2177696],[5.5436571,43.2177743],[5.5427882,43.2185736],[5.5427815,43.2186236],[5.5434637,43.2187351],[5.5437291,43.2187247],[5.5438046,43.2187097],[5.5442584,43.2186755],[5.5441978,43.2184811],[5.5440333,43.2182063]]]},"properties":{"kind":"urban","demo":false,"source":"OpenStreetMap","osm_id":"way/1482525726","osm_tags":{"landuse":"residential"},"osm_version":1,"osm_timestamp":"2026-02-24T11:54:39Z","retrieved_at":"2026-05-06T03:25:00Z","license":"ODbL-1.0","name":""}},{"type":"Feature","geometry":{"type":"Polygon","coordinates":[[[5.541534,43.2176615],[5.5415143,43.2176254],[5.5411697,43.2177453],[5.5407284,43.2179579],[5.5406477,43.2180376],[5.5406002,43.2181303],[5.5412262,43.2188692],[5.5411639,43.2188904],[5.540785,43.2184339],[5.5406766,43.2184772],[5.5406866,43.2185007],[5.5408329,43.2187431],[5.5412153,43.2190891],[5.5413353,43.2190386],[5.5418019,43.2194981],[5.5425044,43.2201173],[5.5426811,43.2202775],[5.5427672,43.2203913],[5.5428738,43.2205641],[5.5430965,43.2204895],[5.5431221,43.2203842],[5.5429807,43.2203238],[5.543155,43.2194685],[5.5431045,43.2194593],[5.5431579,43.2193657],[5.543688,43.2194399],[5.5436591,43.2195556],[5.5436866,43.2195574],[5.5437151,43.2195598],[5.5438312,43.2191491],[5.5440411,43.2191877],[5.5441687,43.2192111],[5.5442222,43.2190848],[5.5442526,43.218741],[5.5437865,43.218756],[5.5437574,43.2187895],[5.5435395,43.2187943],[5.5423179,43.2185845],[5.5417413,43.2185428],[5.5415427,43.2179414],[5.541534,43.2176615]]]},"properties":{"kind":"urban","demo":false,"source":"OpenStreetMap","osm_id":"way/1482525727","osm_tags":{"landuse":"residential"},"osm_version":4,"osm_timestamp":"2026-03-23T11:56:44Z","retrieved_at":"2026-05-06T03:25:00Z","license":"ODbL-1.0","name":""}},{"type":"Feature","geometry":{"type":"Polygon","coordinates":[[[5.5406831,43.2178253],[5.5414507,43.2175154],[5.5414686,43.217428],[5.54113,43.2164566],[5.540957,43.2161836],[5.5406592,43.2164978],[5.5406229,43.2166767],[5.5408478,43.2171],[5.5411291,43.2172331],[5.5407597,43.2176287],[5.5401404,43.217827],[5.5402437,43.2179415],[5.5406831,43.2178253]]]},"properties":{"kind":"urban","demo":false,"source":"OpenStreetMap","osm_id":"way/1482525728","osm_tags":{"landuse":"residential"},"osm_version":1,"osm_timestamp":"2026-02-24T11:54:39Z","retrieved_at":"2026-05-06T03:25:00Z","license":"ODbL-1.0","name":""}},{"type":"Feature","geometry":{"type":"Polygon","coordinates":[[[5.542463,43.2159364],[5.5416736,43.2159866],[5.541746,43.2162464],[5.5417599,43.2162973],[5.5412251,43.2163347],[5.5413274,43.2165595],[5.5415934,43.2174274],[5.5417555,43.2174886],[5.5420647,43.2174443],[5.542156,43.2174027],[5.5422992,43.217272],[5.5423837,43.2170698],[5.5424946,43.2167425],[5.5428143,43.2162126],[5.5428577,43.2161064],[5.542463,43.2159364]]]},"properties":{"kind":"urban","demo":false,"source":"OpenStreetMap","osm_id":"way/1482525729","osm_tags":{"landuse":"residential"},"osm_version":2,"osm_timestamp":"2026-03-11T18:38:54Z","retrieved_at":"2026-05-06T03:25:00Z","license":"ODbL-1.0","name":""}},{"type":"Feature","geometry":{"type":"Polygon","coordinates":[[[5.5386773,43.2166333],[5.5386303,43.2166727],[5.538611,43.216689],[5.5385861,43.216709],[5.5385286,43.2167553],[5.538471,43.2168015],[5.5384067,43.2168563],[5.5384403,43.2169075],[5.5385321,43.2170425],[5.5386457,43.2169549],[5.5386706,43.2169345],[5.5388478,43.2167858],[5.5389079,43.2168147],[5.5385654,43.2170877],[5.5391451,43.2179177],[5.5391585,43.2178451],[5.5391472,43.2177875],[5.5391739,43.217661],[5.5392232,43.2176493],[5.5392704,43.2175385],[5.5393381,43.2173058],[5.539373,43.2172712],[5.5394107,43.2172354],[5.5394463,43.2172024],[5.5394756,43.2171747],[5.5395179,43.217136],[5.5395601,43.217049],[5.5395342,43.2170076],[5.5394469,43.2168832],[5.5394382,43.2168617],[5.5392185,43.2167287],[5.5392176,43.2166913],[5.5389682,43.2165403],[5.5389381,43.2165223],[5.5388642,43.216479],[5.5387243,43.2165939],[5.5386773,43.2166333]]]},"properties":{"kind":"urban","demo":false,"source":"OpenStreetMap","osm_id":"way/1482525730","osm_tags":{"landuse":"residential"},"osm_version":1,"osm_timestamp":"2026-02-24T11:54:39Z","retrieved_at":"2026-05-06T03:25:00Z","license":"ODbL-1.0","name":""}},{"type":"Feature","geometry":{"type":"Polygon","coordinates":[[[5.5396203,43.2165994],[5.5394558,43.2166605],[5.5394023,43.2168006],[5.5394221,43.2168222],[5.5394516,43.216843],[5.5396986,43.2170003],[5.5397972,43.2170589],[5.5399361,43.2171564],[5.5399824,43.2172519],[5.5400114,43.2173661],[5.5403034,43.2169627],[5.5396203,43.2165994]]]},"properties":{"kind":"urban","demo":false,"source":"OpenStreetMap","osm_id":"way/1482525731","osm_tags":{"landuse":"residential"},"osm_version":1,"osm_timestamp":"2026-02-24T11:54:39Z","retrieved_at":"2026-05-06T03:25:00Z","license":"ODbL-1.0","name":""}},{"type":"Feature","geometry":{"type":"Polygon","coordinates":[[[5.5416062,43.2179084],[5.5417199,43.2182319],[5.5417402,43.2183467],[5.5417936,43.2184729],[5.5418043,43.2185061],[5.5420657,43.2185185],[5.5420827,43.2185427],[5.5425485,43.2185895],[5.5424134,43.2181935],[5.5423466,43.2180785],[5.5422376,43.2179763],[5.5416864,43.2175944],[5.5416019,43.2176103],[5.5416001,43.2178605],[5.5416062,43.2179084]]]},"properties":{"kind":"urban","demo":false,"source":"OpenStreetMap","osm_id":"way/1482525732","osm_tags":{"landuse":"residential"},"osm_version":1,"osm_timestamp":"2026-02-24T11:54:39Z","retrieved_at":"2026-05-06T03:25:00Z","license":"ODbL-1.0","name":""}},{"type":"Feature","geometry":{"type":"Polygon","coordinates":[[[5.5428025,43.2225579],[5.5431002,43.222222],[5.5423816,43.2222408],[5.5424727,43.2219454],[5.5428053,43.2216502],[5.5428707,43.2216253],[5.5432786,43.2215619],[5.5431534,43.2213462],[5.5429838,43.2208699],[5.542414,43.2202739],[5.5422465,43.2203357],[5.5420558,43.2204552],[5.5418513,43.2206659],[5.5413367,43.2209522],[5.5413193,43.2210003],[5.5412495,43.2210116],[5.541192,43.2209862],[5.5411904,43.2209486],[5.5412358,43.2209204],[5.5417917,43.2206196],[5.5420452,43.220354],[5.5423396,43.2202076],[5.542244,43.2201224],[5.5421117,43.220059],[5.5419896,43.2200552],[5.5418649,43.2201066],[5.5417663,43.2202072],[5.5416249,43.2203805],[5.541413,43.2204874],[5.5411552,43.2205954],[5.5409287,43.2207309],[5.5408063,43.2208259],[5.5406564,43.2208511],[5.5405246,43.2208332],[5.5404024,43.2207541],[5.5403553,43.2206141],[5.5404615,43.2202286],[5.5404025,43.2199476],[5.5400604,43.21943],[5.5394117,43.2185042],[5.5392981,43.2185061],[5.5391795,43.218652],[5.5391007,43.2186868],[5.5390021,43.2187074],[5.5386205,43.2186965],[5.5385922,43.2187142],[5.5385807,43.2187477],[5.5385888,43.2187852],[5.5386163,43.2188138],[5.5397997,43.2198101],[5.5398858,43.2199332],[5.5399564,43.2200943],[5.5399936,43.2202751],[5.5400598,43.2210654],[5.5400881,43.2210646],[5.5401106,43.2210639],[5.5401312,43.2211748],[5.5399637,43.2214051],[5.5399322,43.2215401],[5.5399491,43.2219896],[5.5399965,43.2225932],[5.5400418,43.2226248],[5.5401317,43.2226136],[5.5403176,43.2225254],[5.5405767,43.2223345],[5.5407485,43.2222381],[5.5409781,43.2221818],[5.5411164,43.2222297],[5.5411822,43.2223117],[5.5411831,43.2223897],[5.5411389,43.2224348],[5.5410513,43.2224612],[5.5408402,43.2224921],[5.5407488,43.2225515],[5.5407009,43.222664],[5.5407281,43.2227766],[5.5408877,43.2230531],[5.5408817,43.2231854],[5.5408175,43.2232689],[5.5413574,43.2235878],[5.5416082,43.2237457],[5.5423822,43.2233745],[5.5428476,43.2233501],[5.5428396,43.2230397],[5.542877,43.2229828],[5.5427245,43.2226394],[5.5427038,43.2225798],[5.5428025,43.2225579]]]},"properties":{"kind":"urban","demo":false,"source":"OpenStreetMap","osm_id":"way/1482525735","osm_tags":{"landuse":"residential"},"osm_version":3,"osm_timestamp":"2026-03-20T19:06:58Z","retrieved_at":"2026-05-06T03:25:00Z","license":"ODbL-1.0","name":""}},{"type":"Feature","geometry":{"type":"Polygon","coordinates":[[[5.5441164,43.2236368],[5.5441435,43.2235681],[5.5435676,43.2227664],[5.5433968,43.222813],[5.5433615,43.2225228],[5.5437707,43.2224203],[5.543465,43.2218634],[5.5433299,43.2220065],[5.5433611,43.2222707],[5.5432375,43.2225013],[5.5428352,43.2225835],[5.5427864,43.2226273],[5.5429036,43.2229443],[5.5429504,43.2229878],[5.5428858,43.2230744],[5.5429047,43.2233373],[5.5429489,43.2233373],[5.5431607,43.2237548],[5.5431239,43.2238113],[5.5426234,43.2240929],[5.5426148,43.2242956],[5.5426539,43.2243699],[5.542819,43.2244867],[5.5431289,43.2242469],[5.5437849,43.2238877],[5.5439704,43.2237793],[5.5441164,43.2236368]]]},"properties":{"kind":"urban","demo":false,"source":"OpenStreetMap","osm_id":"way/1482525736","osm_tags":{"landuse":"residential"},"osm_version":1,"osm_timestamp":"2026-02-24T11:54:39Z","retrieved_at":"2026-05-06T03:25:00Z","license":"ODbL-1.0","name":""}},{"type":"Feature","geometry":{"type":"Polygon","coordinates":[[[5.5419294,43.2240206],[5.5422687,43.2246481],[5.5426147,43.224444],[5.5425332,43.2243791],[5.5425058,43.2242534],[5.542529,43.2240643],[5.5425903,43.2240135],[5.543,43.223787],[5.5430355,43.2237365],[5.5430286,43.223685],[5.5428953,43.2234369],[5.5428335,43.2234168],[5.542422,43.2234493],[5.5423178,43.2234764],[5.5416642,43.223785],[5.5418267,43.2239073],[5.5419294,43.2240206]]]},"properties":{"kind":"urban","demo":false,"source":"OpenStreetMap","osm_id":"way/1482525737","osm_tags":{"landuse":"residential"},"osm_version":1,"osm_timestamp":"2026-02-24T11:54:39Z","retrieved_at":"2026-05-06T03:25:00Z","license":"ODbL-1.0","name":""}},{"type":"Feature","geometry":{"type":"Polygon","coordinates":[[[5.5427389,43.2247345],[5.542469588265693,43.225],[5.542994067709636,43.225],[5.5430334,43.2249562],[5.5427389,43.2247345]]]},"properties":{"kind":"urban","demo":false,"source":"OpenStreetMap","osm_id":"way/1482525739","osm_tags":{"landuse":"residential"},"osm_version":1,"osm_timestamp":"2026-02-24T11:54:39Z","retrieved_at":"2026-05-06T03:25:00Z","license":"ODbL-1.0","name":""}},{"type":"Feature","geometry":{"type":"Polygon","coordinates":[[[5.542172841610737,43.225],[5.542244,43.2249138],[5.5421198,43.2246128],[5.5414562,43.2247697],[5.5405866,43.2248791],[5.540656130229293,43.225],[5.542172841610737,43.225]]]},"properties":{"kind":"urban","demo":false,"source":"OpenStreetMap","osm_id":"way/1482525741","osm_tags":{"landuse":"residential"},"osm_version":2,"osm_timestamp":"2026-03-18T17:19:00Z","retrieved_at":"2026-05-06T03:25:00Z","license":"ODbL-1.0","name":""}},{"type":"Feature","geometry":{"type":"Polygon","coordinates":[[[5.5402053,43.2226494],[5.540078,43.2226803],[5.539949,43.2226456],[5.53992,43.2225726],[5.5398484,43.2215898],[5.5397148,43.2216986],[5.539614,43.2224783],[5.5396109,43.2228536],[5.5396258,43.2229318],[5.5397133,43.2230178],[5.5398424,43.2230615],[5.5401342,43.2230756],[5.5405005,43.223132],[5.5407301,43.223226],[5.5407799,43.2231935],[5.5408021,43.2231262],[5.5408006,43.2230241],[5.5406546,43.2227942],[5.5406266,43.2226887],[5.5406531,43.2225707],[5.5407292,43.2224814],[5.5408435,43.2224326],[5.5410692,43.2223962],[5.5411057,43.2223652],[5.5411096,43.2223107],[5.5410527,43.2222616],[5.5409091,43.222254],[5.5407722,43.2222962],[5.5403287,43.2225853],[5.5402053,43.2226494]]]},"properties":{"kind":"urban","demo":false,"source":"OpenStreetMap","osm_id":"way/1482525742","osm_tags":{"landuse":"residential"},"osm_version":1,"osm_timestamp":"2026-02-24T11:54:39Z","retrieved_at":"2026-05-06T03:25:00Z","license":"ODbL-1.0","name":""}},{"type":"Feature","geometry":{"type":"Polygon","coordinates":[[[5.5355796,43.2187119],[5.5353756,43.2193717],[5.5356294,43.2194984],[5.5356761,43.21952],[5.5357382,43.219492],[5.5357989,43.2194571],[5.5360067,43.2190949],[5.5361362,43.218514],[5.535668,43.2186313],[5.5355796,43.2187119]]]},"properties":{"kind":"urban","demo":false,"source":"OpenStreetMap","osm_id":"way/1482525743","osm_tags":{"landuse":"residential"},"osm_version":1,"osm_timestamp":"2026-02-24T11:54:39Z","retrieved_at":"2026-05-06T03:25:00Z","license":"ODbL-1.0","name":""}},{"type":"Feature","geometry":{"type":"Polygon","coordinates":[[[5.5394236,43.2196121],[5.5384705,43.218818],[5.5383542,43.2187615],[5.5382481,43.2187515],[5.5381097,43.2187928],[5.5379783,43.2188871],[5.5372227,43.2198391],[5.5370759,43.2199444],[5.536833,43.2200322],[5.5364863,43.2200967],[5.5363461,43.2201639],[5.536238,43.2202695],[5.5361844,43.2203977],[5.5361775,43.2207937],[5.5361767,43.2208315],[5.5361755,43.220872],[5.5362284,43.2208879],[5.536334,43.22082],[5.536621,43.2206424],[5.5370802,43.2203616],[5.5376187,43.2201177],[5.537802,43.2200587],[5.5380824,43.2200122],[5.5384061,43.2199887],[5.5386747,43.2200073],[5.5390179,43.220095],[5.5392187,43.2201223],[5.5392401,43.2199404],[5.5394236,43.2196121]]]},"properties":{"kind":"urban","demo":false,"source":"OpenStreetMap","osm_id":"way/1482525744","osm_tags":{"landuse":"residential"},"osm_version":1,"osm_timestamp":"2026-02-24T11:54:39Z","retrieved_at":"2026-05-06T03:25:00Z","license":"ODbL-1.0","name":""}},{"type":"Feature","geometry":{"type":"Polygon","coordinates":[[[5.5383439,43.2205693],[5.5386301,43.2207915],[5.5387576,43.2208609],[5.5392448,43.220826],[5.5395414,43.2207664],[5.5398263,43.2207429],[5.5399014,43.2207002],[5.5398626,43.2201784],[5.5397999,43.2201422],[5.539653,43.2201744],[5.5393948,43.2202143],[5.5391866,43.2202098],[5.5388342,43.2201271],[5.5385657,43.220068],[5.5382535,43.2200672],[5.537896,43.2201207],[5.5376937,43.2201824],[5.537635,43.2202351],[5.5376358,43.2203014],[5.5377195,43.2203495],[5.5378333,43.2203688],[5.5380967,43.220445],[5.5383439,43.2205693]]]},"properties":{"kind":"urban","demo":false,"source":"OpenStreetMap","osm_id":"way/1482525745","osm_tags":{"landuse":"residential"},"osm_version":1,"osm_timestamp":"2026-02-24T11:54:39Z","retrieved_at":"2026-05-06T03:25:00Z","license":"ODbL-1.0","name":""}},{"type":"Feature","geometry":{"type":"Polygon","coordinates":[[[5.53949,43.2201218],[5.5397293,43.2200719],[5.5397755,43.2200534],[5.5398016,43.2200095],[5.5397638,43.2199354],[5.5396259,43.2197806],[5.5394816,43.2196604],[5.5393281,43.2201221],[5.53949,43.2201218]]]},"properties":{"kind":"urban","demo":false,"source":"OpenStreetMap","osm_id":"way/1482525746","osm_tags":{"landuse":"residential"},"osm_version":1,"osm_timestamp":"2026-02-24T11:54:39Z","retrieved_at":"2026-05-06T03:25:00Z","license":"ODbL-1.0","name":""}},{"type":"Feature","geometry":{"type":"Polygon","coordinates":[[[5.5394326,43.2208489],[5.5391674,43.2209287],[5.5389792,43.2209692],[5.5387969,43.2209526],[5.5385908,43.2208708],[5.5382608,43.2206106],[5.5381171,43.2205266],[5.5378188,43.2204417],[5.5375519,43.220411],[5.5372754,43.2204225],[5.5370275,43.2204766],[5.5368649,43.2205751],[5.5361712,43.2210242],[5.5361726,43.221147],[5.5361617,43.2212549],[5.536105,43.2213958],[5.5360163,43.2214956],[5.5361604,43.2216275],[5.5366402,43.2215432],[5.537022,43.2215087],[5.5372077,43.2215132],[5.5372825,43.2214671],[5.5373045,43.221399],[5.5372777,43.2213182],[5.5372724,43.2212214],[5.5373527,43.2210869],[5.5374943,43.2210054],[5.537694,43.2209743],[5.5378702,43.221],[5.5380176,43.2210867],[5.538214,43.2213624],[5.5383144,43.221495],[5.5384965,43.2215953],[5.5386883,43.2216276],[5.538907,43.2216422],[5.5391214,43.221728],[5.5393959,43.2219845],[5.5394743,43.2220004],[5.5395166,43.2219731],[5.5395631,43.2217289],[5.539772,43.2213321],[5.5398784,43.2211325],[5.5399165,43.2208671],[5.5398811,43.2208207],[5.5398057,43.2208141],[5.5396631,43.2208239],[5.5394326,43.2208489]]]},"properties":{"kind":"urban","demo":false,"source":"OpenStreetMap","osm_id":"way/1482525747","osm_tags":{"landuse":"residential"},"osm_version":1,"osm_timestamp":"2026-02-24T11:54:39Z","retrieved_at":"2026-05-06T03:25:00Z","license":"ODbL-1.0","name":""}},{"type":"Feature","geometry":{"type":"Polygon","coordinates":[[[5.5378924,43.2217436],[5.5380125,43.2218304],[5.5390513,43.222818],[5.5391451,43.2228829],[5.5392491,43.2228868],[5.5393368,43.2228617],[5.5394002,43.2227835],[5.5394726,43.2223533],[5.5394388,43.2222427],[5.5393897,43.2221168],[5.5391352,43.2218391],[5.5389974,43.221749],[5.5387776,43.2217076],[5.5385901,43.2216941],[5.5383796,43.2216277],[5.5382146,43.2215246],[5.5381013,43.221377],[5.5379716,43.2211668],[5.5374475,43.2214263],[5.5378924,43.2217436]]]},"properties":{"kind":"urban","demo":false,"source":"OpenStreetMap","osm_id":"way/1482525748","osm_tags":{"landuse":"residential"},"osm_version":1,"osm_timestamp":"2026-02-24T11:54:39Z","retrieved_at":"2026-05-06T03:25:00Z","license":"ODbL-1.0","name":""}},{"type":"Feature","geometry":{"type":"Polygon","coordinates":[[[5.53677,43.2191216],[5.5365542,43.2194104],[5.5372624,43.2195843],[5.5374633,43.2193141],[5.53742,43.219298],[5.5376555,43.2189727],[5.5373426,43.2189049],[5.5370169,43.2189065],[5.53677,43.2191216]]]},"properties":{"kind":"urban","demo":false,"source":"OpenStreetMap","osm_id":"way/1482525749","osm_tags":{"landuse":"residential","name":"Résidence Plein Sud"},"osm_version":2,"osm_timestamp":"2026-03-04T11:59:04Z","retrieved_at":"2026-05-06T03:25:00Z","license":"ODbL-1.0","name":"Résidence Plein Sud"}},{"type":"Feature","geometry":{"type":"Polygon","coordinates":[[[5.5409307,43.2150715],[5.5404099,43.2151025],[5.5400525,43.2151308],[5.540042,43.2151461],[5.540071,43.2151804],[5.5400963,43.2152105],[5.5401216,43.2152405],[5.540156,43.2152783],[5.5401904,43.215316],[5.5402613,43.2153848],[5.5402688,43.2153936],[5.5403994,43.2153482],[5.5404081,43.2153563],[5.5404402,43.215401],[5.5404009,43.2154158],[5.5403804,43.215422],[5.5409707,43.2160011],[5.540993,43.2160281],[5.5410087,43.2160249],[5.5410056,43.2159936],[5.5409706,43.215581],[5.5410521,43.2155816],[5.5412075,43.2156112],[5.5416011,43.2156421],[5.5414961,43.2151999],[5.5414903,43.2150988],[5.5412647,43.2150814],[5.5409307,43.2150715]]]},"properties":{"kind":"urban","demo":false,"source":"OpenStreetMap","osm_id":"way/1483378071","osm_tags":{"landuse":"residential"},"osm_version":2,"osm_timestamp":"2026-03-26T11:08:36Z","retrieved_at":"2026-05-06T03:25:00Z","license":"ODbL-1.0","name":""}},{"type":"Feature","geometry":{"type":"Polygon","coordinates":[[[5.5307528,43.2164254],[5.530521,43.2166057],[5.5302897,43.2166338],[5.5298793,43.2165801],[5.5299114,43.2167173],[5.5299949,43.2168036],[5.5305323,43.2172873],[5.5306901,43.2173959],[5.5309082,43.2174387],[5.5317624,43.2174566],[5.5321362,43.2175202],[5.5323362,43.2171593],[5.5323691,43.2171],[5.5333458,43.217454],[5.5335958,43.2172849],[5.5330205,43.2169079],[5.5321249,43.216627],[5.5326784,43.2162903],[5.532639,43.2162612],[5.5321055,43.2165969],[5.531924,43.216157],[5.5299681,43.2148693],[5.5299019,43.2149631],[5.5304139,43.2155776],[5.5307528,43.2164254]]]},"properties":{"kind":"vegetation","demo":false,"source":"OpenStreetMap","osm_id":"way/1483378104","osm_tags":{"landuse":"forest"},"osm_version":2,"osm_timestamp":"2026-03-03T12:42:58Z","retrieved_at":"2026-05-06T03:25:00Z","license":"ODbL-1.0","name":""}},{"type":"Feature","geometry":{"type":"Polygon","coordinates":[[[5.5386148,43.2138778],[5.5383412,43.2140503],[5.538549,43.2142017],[5.5385009,43.2142765],[5.538216,43.214222],[5.5380281,43.21429],[5.5376381,43.2145031],[5.5373767,43.2147952],[5.5369143,43.2150126],[5.5367432,43.2149327],[5.5367934,43.2148297],[5.5356881,43.2145326],[5.5355733,43.2147322],[5.5355102,43.2147244],[5.5354609,43.2148236],[5.5352082,43.2147648],[5.5352205,43.2148409],[5.5353119,43.2149217],[5.5363307,43.215171],[5.5364622,43.2152196],[5.5366839,43.2156199],[5.5367218,43.2156174],[5.5367537,43.215572],[5.5368458,43.2155577],[5.5367659,43.2156623],[5.5367321,43.2158234],[5.5367511,43.2159005],[5.5368121,43.2159133],[5.5366766,43.2162402],[5.53732,43.2163773],[5.5374485,43.2166179],[5.5375132,43.2166209],[5.5375634,43.2167317],[5.5376353,43.2170707],[5.5377296,43.2173092],[5.5377716,43.2173234],[5.5383086,43.2168759],[5.5380948,43.2165549],[5.5385539,43.2159675],[5.5386647,43.2160555],[5.5388822,43.2161416],[5.5390057,43.2161913],[5.5390371,43.2161572],[5.5391627,43.2160077],[5.5391927,43.2159701],[5.5392083,43.215951],[5.5392312,43.2159235],[5.539244,43.2159077],[5.5393424,43.2157942],[5.5394072,43.2157184],[5.5394674,43.2156443],[5.5399456,43.215862],[5.5400378,43.215728],[5.5400693,43.2155868],[5.5401247,43.2155385],[5.540221,43.215404],[5.5399196,43.2150836],[5.5407065,43.2150205],[5.5418406,43.2150294],[5.5425057,43.215072],[5.5423942,43.2148511],[5.5420544,43.2147852],[5.541454,43.2147146],[5.5407088,43.2145131],[5.5404515,43.2144677],[5.5402238,43.2144283],[5.5395085,43.2144858],[5.5392902,43.2142557],[5.5395971,43.2139697],[5.5397768,43.2140322],[5.5398673,43.213913],[5.5395876,43.2138416],[5.5395677,43.2137957],[5.5392773,43.2137688],[5.5391277,43.2137461],[5.5390768,43.2137591],[5.5387883,43.2140246],[5.5386148,43.2138778]]]},"properties":{"kind":"urban","demo":false,"source":"OpenStreetMap","osm_id":"way/1484940140","osm_tags":{"landuse":"residential"},"osm_version":4,"osm_timestamp":"2026-03-16T11:54:07Z","retrieved_at":"2026-05-06T03:25:00Z","license":"ODbL-1.0","name":""}},{"type":"Feature","geometry":{"type":"Polygon","coordinates":[[[5.5338295,43.2178223],[5.5338732,43.2178703],[5.5341746,43.2181519],[5.5342451,43.2182704],[5.5342492,43.2184415],[5.5341514,43.2188473],[5.5344842,43.218864],[5.5346995,43.2186001],[5.5349716,43.2183442],[5.5352071,43.2181227],[5.5347582,43.2178504],[5.5350335,43.2175975],[5.5348999,43.2172562],[5.5349329,43.2172439],[5.5349225,43.2172307],[5.5348937,43.2172165],[5.5349152,43.2171755],[5.5346562,43.217072],[5.5344865,43.2172523],[5.5338289,43.2177684],[5.5338295,43.2178223]]]},"properties":{"kind":"urban","demo":false,"source":"OpenStreetMap","osm_id":"way/1484940141","osm_tags":{"landuse":"residential","name":"Résidence l'Ermitage","residential":"apartments"},"osm_version":2,"osm_timestamp":"2026-03-11T18:38:54Z","retrieved_at":"2026-05-06T03:25:00Z","license":"ODbL-1.0","name":"Résidence l'Ermitage"}},{"type":"Feature","geometry":{"type":"Polygon","coordinates":[[[5.5371018,43.2169608],[5.5369342,43.2168431],[5.5366817,43.2167777],[5.5365081,43.2167647],[5.5364863,43.2167964],[5.5364139,43.2170109],[5.5363254,43.2174236],[5.5363639,43.21743],[5.537219,43.217575],[5.5374031,43.2175681],[5.5371832,43.2170614],[5.5371018,43.2169608]]]},"properties":{"kind":"urban","demo":false,"source":"OpenStreetMap","osm_id":"way/1484940142","osm_tags":{"landuse":"residential"},"osm_version":1,"osm_timestamp":"2026-03-03T12:42:58Z","retrieved_at":"2026-05-06T03:25:00Z","license":"ODbL-1.0","name":""}},{"type":"Feature","geometry":{"type":"Polygon","coordinates":[[[5.5375304,43.2169344],[5.5374017,43.2168816],[5.5372015,43.2168457],[5.5370911,43.216864],[5.5372142,43.2170097],[5.5374616,43.2175487],[5.5376402,43.2179267],[5.5376827,43.2179431],[5.53772,43.2179272],[5.5376816,43.2174513],[5.5375304,43.2169344]]]},"properties":{"kind":"urban","demo":false,"source":"OpenStreetMap","osm_id":"way/1484940143","osm_tags":{"landuse":"residential"},"osm_version":1,"osm_timestamp":"2026-03-03T12:42:58Z","retrieved_at":"2026-05-06T03:25:00Z","license":"ODbL-1.0","name":""}},{"type":"Feature","geometry":{"type":"Polygon","coordinates":[[[5.5379914,43.2180223],[5.5379494,43.2178854],[5.5378787,43.2175004],[5.5377589,43.2175095],[5.5377989,43.217921],[5.537792,43.2180381],[5.5381041,43.218323],[5.538155,43.2182966],[5.5379914,43.2180223]]]},"properties":{"kind":"urban","demo":false,"source":"OpenStreetMap","osm_id":"way/1484940144","osm_tags":{"landuse":"residential"},"osm_version":1,"osm_timestamp":"2026-03-03T12:42:58Z","retrieved_at":"2026-05-06T03:25:00Z","license":"ODbL-1.0","name":""}},{"type":"Feature","geometry":{"type":"Polygon","coordinates":[[[5.5379873,43.217827],[5.5380297,43.2179699],[5.538202,43.2182892],[5.538328,43.2184412],[5.5383991,43.2185362],[5.5385089,43.2185621],[5.5390394,43.2186048],[5.5390884,43.218574],[5.539191,43.2183695],[5.5391278,43.2181172],[5.5383395,43.216925],[5.5379061,43.2173152],[5.5379873,43.217827]]]},"properties":{"kind":"urban","demo":false,"source":"OpenStreetMap","osm_id":"way/1484940145","osm_tags":{"landuse":"residential"},"osm_version":1,"osm_timestamp":"2026-03-03T12:42:58Z","retrieved_at":"2026-05-06T03:25:00Z","license":"ODbL-1.0","name":""}},{"type":"Feature","geometry":{"type":"Polygon","coordinates":[[[5.5357568,43.2215388],[5.5359372,43.2214204],[5.5360329,43.2212678],[5.5360533,43.2205911],[5.5360852,43.2203611],[5.536159,43.2201907],[5.5363636,43.2200504],[5.5361276,43.2197523],[5.5360013,43.2198051],[5.5358646,43.2199181],[5.5354657,43.2206101],[5.5354628,43.2207582],[5.535302,43.2207918],[5.5352511,43.220708],[5.5353678,43.2205847],[5.5356323,43.2201095],[5.5352502,43.2202272],[5.5350193,43.2204389],[5.5348396,43.2204295],[5.5347212,43.2205181],[5.5347005,43.2206235],[5.5347182,43.2206501],[5.5347654,43.2207111],[5.534815,43.2208504],[5.5348468,43.2208848],[5.5348946,43.2209059],[5.5349141,43.2209377],[5.5349046,43.2209755],[5.5349265,43.2210009],[5.5349607,43.221015],[5.5351146,43.2210619],[5.535242,43.221098],[5.5353765,43.2211797],[5.5354579,43.2212016],[5.5355688,43.2211926],[5.5356111,43.2212051],[5.5354402,43.2212525],[5.5353009,43.2212198],[5.5350726,43.2211561],[5.5347791,43.2208974],[5.5346244,43.2207014],[5.5344961,43.220259],[5.5345453,43.2202314],[5.5345739,43.2201351],[5.5344093,43.2200518],[5.5342593,43.2199101],[5.5342563,43.2198882],[5.5343564,43.2193617],[5.534222,43.2192919],[5.5340754,43.2191444],[5.5340227,43.2189846],[5.5340127,43.2189188],[5.534015,43.2188411],[5.5340325,43.2182422],[5.5339388,43.2181595],[5.5338344,43.2181204],[5.5337028,43.2181269],[5.533625,43.2181604],[5.5335627,43.2182069],[5.5334491,43.218596],[5.5334397,43.2188433],[5.5334724,43.2191292],[5.5335347,43.2193039],[5.5340421,43.2208092],[5.5341262,43.2209408],[5.5342243,43.2208988],[5.534285,43.2209851],[5.53419,43.2210214],[5.5343192,43.2211734],[5.5345745,43.2213866],[5.5346261,43.22142],[5.5347846,43.2215076],[5.5350136,43.2216144],[5.5351396,43.2216521],[5.5355852,43.2215708],[5.5357568,43.2215388]]]},"properties":{"kind":"urban","demo":false,"source":"OpenStreetMap","osm_id":"way/1484940146","osm_tags":{"landuse":"residential"},"osm_version":3,"osm_timestamp":"2026-03-12T15:18:57Z","retrieved_at":"2026-05-06T03:25:00Z","license":"ODbL-1.0","name":""}},{"type":"Feature","geometry":{"type":"Polygon","coordinates":[[[5.5366045,43.2233519],[5.5372503,43.2237895],[5.5379263,43.2239032],[5.5380024,43.2239163],[5.5385739,43.2240148],[5.5391164,43.2237788],[5.5392875,43.2234505],[5.5392841,43.2233383],[5.5391325,43.2231148],[5.5389878,43.2229295],[5.5389287,43.2229645],[5.5385824,43.2232396],[5.5383587,43.2230611],[5.5376398,43.2223505],[5.5372747,43.2222931],[5.5369884,43.2222047],[5.5365271,43.2222603],[5.5360492,43.2223901],[5.5360022,43.2227829],[5.5367325,43.2230815],[5.5366045,43.2233519]]]},"properties":{"kind":"urban","demo":false,"source":"OpenStreetMap","osm_id":"way/1484940147","osm_tags":{"landuse":"residential","name":"Résidence Les Hauts Cépages","residential":"apartments"},"osm_version":3,"osm_timestamp":"2026-03-18T17:19:00Z","retrieved_at":"2026-05-06T03:25:00Z","license":"ODbL-1.0","name":"Résidence Les Hauts Cépages"}},{"type":"Feature","geometry":{"type":"Polygon","coordinates":[[[5.5320644,43.2136961],[5.5317588,43.2134743],[5.5315771,43.2134098],[5.5314474,43.2134124],[5.5310309,43.2133276],[5.5303898,43.2136934],[5.5306086,43.2138994],[5.5309929,43.2136618],[5.5311663,43.2135991],[5.5313173,43.213593],[5.5318403,43.2138191],[5.531894,43.213841],[5.5319607,43.2138636],[5.5319947,43.2138666],[5.5320414,43.2138746],[5.5321518,43.2138809],[5.5322402,43.2138781],[5.5322914,43.2138698],[5.5324386,43.2138488],[5.5324402,43.2138272],[5.5320644,43.2136961]]]},"properties":{"kind":"urban","demo":false,"source":"OpenStreetMap","osm_id":"way/1484940148","osm_tags":{"landuse":"residential"},"osm_version":4,"osm_timestamp":"2026-03-11T18:38:54Z","retrieved_at":"2026-05-06T03:25:00Z","license":"ODbL-1.0","name":""}},{"type":"Feature","geometry":{"type":"Polygon","coordinates":[[[5.5328967,43.2175205],[5.5328849,43.2173915],[5.5327445,43.217284],[5.5323362,43.2171593],[5.5321362,43.2175202],[5.5328259,43.2176761],[5.5328967,43.2175205]]]},"properties":{"kind":"urban","demo":false,"source":"OpenStreetMap","osm_id":"way/1484940149","osm_tags":{"landuse":"residential"},"osm_version":1,"osm_timestamp":"2026-03-03T12:42:58Z","retrieved_at":"2026-05-06T03:25:00Z","license":"ODbL-1.0","name":""}},{"type":"Feature","geometry":{"type":"Polygon","coordinates":[[[5.5335215,43.2178207],[5.5336351,43.2177878],[5.5339231,43.2175428],[5.5339963,43.2174044],[5.5339963,43.2172546],[5.5338982,43.2170073],[5.5337425,43.2168008],[5.5331982,43.2164389],[5.5327822,43.2163382],[5.5326784,43.2162903],[5.5321249,43.216627],[5.5330205,43.2169079],[5.5335958,43.2172849],[5.5333458,43.217454],[5.5329974,43.2177125],[5.5334405,43.2178162],[5.5335215,43.2178207]]]},"properties":{"kind":"urban","demo":false,"source":"OpenStreetMap","osm_id":"way/1484940150","osm_tags":{"landuse":"residential"},"osm_version":1,"osm_timestamp":"2026-03-03T12:42:58Z","retrieved_at":"2026-05-06T03:25:00Z","license":"ODbL-1.0","name":""}},{"type":"Feature","geometry":{"type":"Polygon","coordinates":[[[5.5333518,43.216321],[5.5334405,43.2162858],[5.5334935,43.2162098],[5.5334032,43.2158717],[5.5333596,43.2158513],[5.5331915,43.215992],[5.532821,43.2162314],[5.5332677,43.2163312],[5.5333518,43.216321]]]},"properties":{"kind":"urban","demo":false,"source":"OpenStreetMap","osm_id":"way/1484940151","osm_tags":{"landuse":"residential"},"osm_version":1,"osm_timestamp":"2026-03-03T12:42:58Z","retrieved_at":"2026-05-06T03:25:00Z","license":"ODbL-1.0","name":""}},{"type":"Feature","geometry":{"type":"Polygon","coordinates":[[[5.5331853,43.215949],[5.5333298,43.215835],[5.533328,43.215792],[5.5321144,43.2149862],[5.5320613,43.2149489],[5.5319627,43.2148636],[5.5319147,43.2148218],[5.5318617,43.2147761],[5.5318294,43.2147462],[5.5317508,43.2146827],[5.5314323,43.2145796],[5.5310796,43.2145452],[5.5307952,43.214577],[5.5307775,43.2146011],[5.5307846,43.2146363],[5.5311738,43.2148929],[5.5312311,43.2149313],[5.532461,43.2157566],[5.5325861,43.2158692],[5.5326698,43.2159947],[5.5327108,43.2160801],[5.5327166,43.2160927],[5.5327501,43.2161787],[5.5327805,43.2162053],[5.5331661,43.2159669],[5.5331853,43.215949]]]},"properties":{"kind":"urban","demo":false,"source":"OpenStreetMap","osm_id":"way/1484940152","osm_tags":{"landuse":"residential"},"osm_version":1,"osm_timestamp":"2026-03-03T12:42:58Z","retrieved_at":"2026-05-06T03:25:00Z","license":"ODbL-1.0","name":""}},{"type":"Feature","geometry":{"type":"Polygon","coordinates":[[[5.5331165,43.2140802],[5.533172,43.2143459],[5.5332392,43.2144628],[5.5333147,43.214541],[5.5334315,43.2145531],[5.5335471,43.2145187],[5.5337996,43.2142169],[5.5339541,43.2141791],[5.5339813,43.2141447],[5.5343116,43.2142298],[5.534649,43.2142737],[5.5349632,43.2143784],[5.5352242,43.2146139],[5.5354614,43.2147097],[5.5355404,43.2145748],[5.5350962,43.2141027],[5.5338597,43.2139733],[5.5330873,43.2137582],[5.5328312,43.2135846],[5.5326605,43.2134503],[5.532635,43.2134517],[5.5325553,43.2133733],[5.5325364,43.2133294],[5.5324722,43.2133339],[5.5324102,43.2132887],[5.5324195,43.2132134],[5.5321533,43.2131207],[5.5318059,43.2132979],[5.5317072,43.2133837],[5.5318181,43.2134286],[5.5318719,43.2134675],[5.5319427,43.2135219],[5.5321936,43.2136785],[5.5327158,43.2138563],[5.5327435,43.2138668],[5.5327712,43.2138773],[5.5329585,43.2139444],[5.5330493,43.2139822],[5.5331165,43.2140802]]]},"properties":{"kind":"urban","demo":false,"source":"OpenStreetMap","osm_id":"way/1484940153","osm_tags":{"landuse":"residential"},"osm_version":1,"osm_timestamp":"2026-03-03T12:42:58Z","retrieved_at":"2026-05-06T03:25:00Z","license":"ODbL-1.0","name":""}},{"type":"Feature","geometry":{"type":"Polygon","coordinates":[[[5.532981,43.2140895],[5.5329125,43.2141144],[5.5328393,43.2141779],[5.5327179,43.2143992],[5.5326058,43.2145172],[5.5323147,43.2146998],[5.532103,43.2147588],[5.5320337,43.2147762],[5.5320376,43.214845],[5.5320968,43.2149074],[5.5333779,43.2157515],[5.533448,43.2157345],[5.5335741,43.215452],[5.5335787,43.2153295],[5.5334651,43.2150311],[5.5334635,43.2147463],[5.5334059,43.2147123],[5.5332347,43.214659],[5.5331475,43.2145614],[5.5330339,43.2141201],[5.5330152,43.2140895],[5.532981,43.2140895]]]},"properties":{"kind":"urban","demo":false,"source":"OpenStreetMap","osm_id":"way/1484940154","osm_tags":{"landuse":"residential","name":"Résidence Maraveyre","residential":"apartments"},"osm_version":2,"osm_timestamp":"2026-03-11T18:51:10Z","retrieved_at":"2026-05-06T03:25:00Z","license":"ODbL-1.0","name":"Résidence Maraveyre"}},{"type":"Feature","geometry":{"type":"Polygon","coordinates":[[[5.5321055,43.2165969],[5.532639,43.2162612],[5.5325405,43.2160441],[5.5324604,43.2159093],[5.5305316,43.214613],[5.5304474,43.2146175],[5.5301208,43.2147687],[5.5299681,43.2148693],[5.531924,43.216157],[5.5321055,43.2165969]]]},"properties":{"kind":"urban","demo":false,"source":"OpenStreetMap","osm_id":"way/1484940155","osm_tags":{"landuse":"residential"},"osm_version":1,"osm_timestamp":"2026-03-03T12:42:58Z","retrieved_at":"2026-05-06T03:25:00Z","license":"ODbL-1.0","name":""}},{"type":"Feature","geometry":{"type":"Polygon","coordinates":[[[5.5345032,43.2165431],[5.5353301,43.215753],[5.5353986,43.2156163],[5.5349942,43.2155182],[5.5349801,43.2154949],[5.5352598,43.2150517],[5.5351493,43.2150202],[5.5351958,43.2149486],[5.5350994,43.2148911],[5.5350305,43.2147677],[5.5348417,43.2145347],[5.5346884,43.214459],[5.5341539,43.2143378],[5.5338412,43.2146594],[5.5337989,43.215244],[5.5338108,43.2154965],[5.5337518,43.2155126],[5.5336789,43.2155345],[5.5336835,43.215577],[5.5338125,43.215532],[5.5338544,43.2162755],[5.5343582,43.2165369],[5.5345032,43.2165431]]]},"properties":{"kind":"urban","demo":false,"source":"OpenStreetMap","osm_id":"way/1484940156","osm_tags":{"landuse":"residential","name":"Les Résidences de la Rade","residential":"apartments"},"osm_version":3,"osm_timestamp":"2026-03-11T18:38:54Z","retrieved_at":"2026-05-06T03:25:00Z","license":"ODbL-1.0","name":"Les Résidences de la Rade"}},{"type":"Feature","geometry":{"type":"Polygon","coordinates":[[[5.5313756,43.218122],[5.531429,43.2181474],[5.5320001,43.2181953],[5.5320658,43.2182342],[5.5326348,43.2187192],[5.5326964,43.2187342],[5.5330131,43.2185833],[5.5327583,43.2183646],[5.5326898,43.2184018],[5.5322721,43.2180343],[5.5324046,43.2179493],[5.5324967,43.2177666],[5.5319093,43.2176146],[5.5314719,43.2175919],[5.5314249,43.217607],[5.531353,43.2180815],[5.5313756,43.218122]]]},"properties":{"kind":"urban","demo":false,"source":"OpenStreetMap","osm_id":"way/1484940157","osm_tags":{"landuse":"residential"},"osm_version":1,"osm_timestamp":"2026-03-03T12:42:58Z","retrieved_at":"2026-05-06T03:25:00Z","license":"ODbL-1.0","name":""}},{"type":"Feature","geometry":{"type":"Polygon","coordinates":[[[5.5326596,43.2188893],[5.5325942,43.2190367],[5.5326316,43.2196107],[5.5329242,43.2202676],[5.5330706,43.2204275],[5.533852,43.2209641],[5.5339003,43.2209765],[5.5339485,43.2209584],[5.5339656,43.2209051],[5.5338255,43.2205466],[5.5333227,43.2190197],[5.5333146,43.2187397],[5.5328256,43.2187714],[5.5326596,43.2188893]]]},"properties":{"kind":"urban","demo":false,"source":"OpenStreetMap","osm_id":"way/1484940159","osm_tags":{"landuse":"residential"},"osm_version":1,"osm_timestamp":"2026-03-03T12:42:58Z","retrieved_at":"2026-05-06T03:25:00Z","license":"ODbL-1.0","name":""}},{"type":"Feature","geometry":{"type":"Polygon","coordinates":[[[5.5366059,43.2157625],[5.5364631,43.215422],[5.5363982,43.2153326],[5.536095,43.2155845],[5.5360962,43.2156318],[5.5361587,43.2158588],[5.5366224,43.2158502],[5.5366059,43.2157625]]]},"properties":{"kind":"urban","demo":false,"source":"OpenStreetMap","osm_id":"way/1484940160","osm_tags":{"landuse":"residential"},"osm_version":1,"osm_timestamp":"2026-03-03T12:42:58Z","retrieved_at":"2026-05-06T03:25:00Z","license":"ODbL-1.0","name":""}},{"type":"Feature","geometry":{"type":"Polygon","coordinates":[[[5.5362632,43.2154014],[5.5361412,43.2153263],[5.5359969,43.2154443],[5.5360768,43.2155505],[5.5362632,43.2154014]]]},"properties":{"kind":"urban","demo":false,"source":"OpenStreetMap","osm_id":"way/1484940162","osm_tags":{"landuse":"residential"},"osm_version":1,"osm_timestamp":"2026-03-03T12:42:58Z","retrieved_at":"2026-05-06T03:25:00Z","license":"ODbL-1.0","name":""}},{"type":"Feature","geometry":{"type":"Polygon","coordinates":[[[5.5355094,43.2158077],[5.5356298,43.2158686],[5.5356584,43.2158741],[5.5356839,43.2158591],[5.535695,43.2158503],[5.535706,43.2158415],[5.5358129,43.2157616],[5.5358378,43.2157419],[5.5359768,43.2156376],[5.5359908,43.2155967],[5.5359838,43.2155559],[5.5356579,43.2152048],[5.535372,43.2157453],[5.5354657,43.2157865],[5.5355094,43.2158077]]]},"properties":{"kind":"urban","demo":false,"source":"OpenStreetMap","osm_id":"way/1484940163","osm_tags":{"landuse":"residential"},"osm_version":1,"osm_timestamp":"2026-03-03T12:42:58Z","retrieved_at":"2026-05-06T03:25:00Z","license":"ODbL-1.0","name":""}},{"type":"Feature","geometry":{"type":"Polygon","coordinates":[[[5.5306638,43.2195022],[5.530737,43.2195465],[5.5316834,43.2196327],[5.5317628,43.2196213],[5.5318111,43.2195816],[5.5318578,43.2194761],[5.531836,43.2194081],[5.5312538,43.2188806],[5.5309657,43.2190321],[5.5305063,43.219306],[5.5306638,43.2195022]]]},"properties":{"kind":"urban","demo":false,"source":"OpenStreetMap","osm_id":"way/1484940164","osm_tags":{"landuse":"residential"},"osm_version":1,"osm_timestamp":"2026-03-03T12:42:58Z","retrieved_at":"2026-05-06T03:25:00Z","license":"ODbL-1.0","name":""}},{"type":"Feature","geometry":{"type":"Polygon","coordinates":[[[5.5312391,43.2185989],[5.5313076,43.2186476],[5.5313465,43.2187305],[5.5313294,43.2188189],[5.5319521,43.2193737],[5.5320579,43.2194202],[5.532418,43.2194947],[5.5324085,43.2190459],[5.5324604,43.21888],[5.5325218,43.2187958],[5.532523,43.2187519],[5.5320355,43.2183186],[5.5315685,43.2186095],[5.5315229,43.2185704],[5.5319409,43.2183017],[5.5313691,43.2182464],[5.5312446,43.2182033],[5.5311179,43.2185799],[5.5312391,43.2185989]]]},"properties":{"kind":"urban","demo":false,"source":"OpenStreetMap","osm_id":"way/1484940165","osm_tags":{"landuse":"residential"},"osm_version":1,"osm_timestamp":"2026-03-03T12:42:58Z","retrieved_at":"2026-05-06T03:25:00Z","license":"ODbL-1.0","name":""}},{"type":"Feature","geometry":{"type":"Polygon","coordinates":[[[5.5309794,43.2200178],[5.5312906,43.2201301],[5.5312434,43.220199],[5.5314221,43.2202588],[5.5312393,43.2205747],[5.5313019,43.2206293],[5.5315268,43.2207071],[5.5315175,43.2207236],[5.531663,43.2207749],[5.5316906,43.2207321],[5.5318882,43.2207982],[5.531815,43.2209151],[5.5321106,43.2210118],[5.532071,43.2210862],[5.5321707,43.2211163],[5.5321949,43.2210771],[5.5323565,43.2211287],[5.5324704,43.2209456],[5.5325708,43.2209788],[5.5326571,43.2208453],[5.5330536,43.2209769],[5.5332011,43.2207383],[5.5328892,43.2206326],[5.5329321,43.2205609],[5.5323472,43.2203666],[5.5324386,43.2202214],[5.5322322,43.2201559],[5.5324155,43.2198681],[5.5320966,43.21976],[5.5319503,43.2199879],[5.5318497,43.2199549],[5.5317649,43.2200859],[5.5313844,43.2199617],[5.5314324,43.2198906],[5.5311222,43.2197866],[5.5309794,43.2200178]]]},"properties":{"kind":"urban","demo":false,"source":"OpenStreetMap","osm_id":"way/1484940166","osm_tags":{"landuse":"residential","name":"Résidence du Vallat","residential":"apartments"},"osm_version":2,"osm_timestamp":"2026-03-11T18:38:54Z","retrieved_at":"2026-05-06T03:25:00Z","license":"ODbL-1.0","name":"Résidence du Vallat"}},{"type":"Feature","geometry":{"type":"Polygon","coordinates":[[[5.5232876,43.2113772],[5.5234924,43.2113809],[5.5238275,43.2114581],[5.5239874,43.2115127],[5.5240257,43.2115015],[5.5240452,43.2115327],[5.5240607,43.2113707],[5.5240454,43.211334],[5.5240163,43.2113124],[5.5238508,43.2112298],[5.5236949,43.2111791],[5.5235227,43.2111502],[5.5229621,43.21115],[5.522973,43.2113845],[5.5232876,43.2113772]]]},"properties":{"kind":"urban","demo":false,"source":"OpenStreetMap","osm_id":"way/1484940173","osm_tags":{"landuse":"residential"},"osm_version":1,"osm_timestamp":"2026-03-03T12:42:58Z","retrieved_at":"2026-05-06T03:25:00Z","license":"ODbL-1.0","name":""}},{"type":"Feature","geometry":{"type":"Polygon","coordinates":[[[5.5232271,43.2108345],[5.5231827,43.210895],[5.5234249,43.2109706],[5.5233313,43.2111183],[5.5235266,43.2111206],[5.5237121,43.2111502],[5.5238642,43.2112019],[5.5240618,43.2113042],[5.5240895,43.2113308],[5.5241018,43.2113689],[5.5240969,43.211487],[5.5241034,43.211503],[5.5244456,43.210939],[5.5238698,43.2106421],[5.5236532,43.2105754],[5.5233973,43.2105468],[5.5231492,43.2104744],[5.5229588,43.2107432],[5.5230174,43.2107654],[5.5232271,43.2108345]]]},"properties":{"kind":"urban","demo":false,"source":"OpenStreetMap","osm_id":"way/1484940174","osm_tags":{"landuse":"residential"},"osm_version":2,"osm_timestamp":"2026-03-08T18:38:49Z","retrieved_at":"2026-05-06T03:25:00Z","license":"ODbL-1.0","name":""}},{"type":"Feature","geometry":{"type":"Polygon","coordinates":[[[5.521763,43.2091299],[5.5221767,43.2088451],[5.5215545,43.2082709],[5.5211707,43.2085077],[5.5212465,43.2085753],[5.5212576,43.208588],[5.5208784,43.2087629],[5.5209777,43.2088775],[5.5212901,43.2091944],[5.5216089,43.2089822],[5.521763,43.2091299]]]},"properties":{"kind":"urban","demo":false,"source":"OpenStreetMap","osm_id":"way/1484940175","osm_tags":{"landuse":"residential"},"osm_version":1,"osm_timestamp":"2026-03-03T12:42:58Z","retrieved_at":"2026-05-06T03:25:00Z","license":"ODbL-1.0","name":""}},{"type":"Feature","geometry":{"type":"Polygon","coordinates":[[[5.5235118,43.2098481],[5.523366,43.2096531],[5.5232839,43.209552],[5.5222081,43.2088692],[5.5217618,43.2091673],[5.5216049,43.2090216],[5.5213092,43.2092212],[5.5214706,43.2094007],[5.5215969,43.2094992],[5.5231922,43.210426],[5.5235925,43.2099151],[5.5235118,43.2098481]]]},"properties":{"kind":"urban","demo":false,"source":"OpenStreetMap","osm_id":"way/1484940176","osm_tags":{"landuse":"residential"},"osm_version":1,"osm_timestamp":"2026-03-03T12:42:58Z","retrieved_at":"2026-05-06T03:25:00Z","license":"ODbL-1.0","name":""}},{"type":"Feature","geometry":{"type":"Polygon","coordinates":[[[5.5201191,43.2085849],[5.5196359,43.2088366],[5.519773,43.2090807],[5.5201805,43.208926],[5.5204738,43.2091811],[5.5208925,43.2089319],[5.5203714,43.2084439],[5.5202911,43.2084962],[5.5201191,43.2085849]]]},"properties":{"kind":"urban","demo":false,"source":"OpenStreetMap","osm_id":"way/1484940177","osm_tags":{"landuse":"residential"},"osm_version":2,"osm_timestamp":"2026-03-08T18:38:49Z","retrieved_at":"2026-05-06T03:25:00Z","license":"ODbL-1.0","name":""}},{"type":"Feature","geometry":{"type":"Polygon","coordinates":[[[5.5211222,43.2085056],[5.5215153,43.2082388],[5.5206491,43.2074323],[5.5206158,43.2074269],[5.5199282,43.2078625],[5.5199162,43.2079153],[5.5208585,43.2087377],[5.5212023,43.2085756],[5.5211222,43.2085056]]]},"properties":{"kind":"urban","demo":false,"source":"OpenStreetMap","osm_id":"way/1484940178","osm_tags":{"landuse":"residential"},"osm_version":1,"osm_timestamp":"2026-03-03T12:42:58Z","retrieved_at":"2026-05-06T03:25:00Z","license":"ODbL-1.0","name":""}},{"type":"Feature","geometry":{"type":"Polygon","coordinates":[[[5.5194995,43.2075516],[5.5197899,43.2078035],[5.5198519,43.207808],[5.5209702,43.2071114],[5.520652,43.2068315],[5.5194995,43.2075516]]]},"properties":{"kind":"urban","demo":false,"source":"OpenStreetMap","osm_id":"way/1484940179","osm_tags":{"landuse":"residential"},"osm_version":1,"osm_timestamp":"2026-03-03T12:42:58Z","retrieved_at":"2026-05-06T03:25:00Z","license":"ODbL-1.0","name":""}},{"type":"Feature","geometry":{"type":"Polygon","coordinates":[[[5.5226042,43.2067394],[5.5221529,43.2065447],[5.5217564,43.2065546],[5.5216177,43.2067293],[5.5212879,43.2067788],[5.5212004,43.2067274],[5.5209963,43.2069232],[5.5210405,43.2070361],[5.5210965,43.2071134],[5.5212246,43.2071649],[5.5215871,43.2072036],[5.5218177,43.2073083],[5.5220977,43.2074897],[5.5227971,43.2069597],[5.5229056,43.2068555],[5.5226371,43.2067323],[5.5226042,43.2067394]]]},"properties":{"kind":"urban","demo":false,"source":"OpenStreetMap","osm_id":"way/1484940180","osm_tags":{"landuse":"residential"},"osm_version":1,"osm_timestamp":"2026-03-03T12:42:58Z","retrieved_at":"2026-05-06T03:25:00Z","license":"ODbL-1.0","name":""}},{"type":"Feature","geometry":{"type":"Polygon","coordinates":[[[5.5233096,43.2073316],[5.5232933,43.2071465],[5.5231616,43.2069361],[5.5229448,43.2068735],[5.5227773,43.2070165],[5.5221504,43.2074938],[5.5221273,43.2075126],[5.5221701,43.207541],[5.5224765,43.2077402],[5.5227907,43.2079872],[5.5233461,43.2075826],[5.523271,43.2073966],[5.5233096,43.2073316]]]},"properties":{"kind":"urban","demo":false,"source":"OpenStreetMap","osm_id":"way/1484940181","osm_tags":{"landuse":"residential"},"osm_version":1,"osm_timestamp":"2026-03-03T12:42:58Z","retrieved_at":"2026-05-06T03:25:00Z","license":"ODbL-1.0","name":""}},{"type":"Feature","geometry":{"type":"Polygon","coordinates":[[[5.5242249,43.2078495],[5.5241309,43.207782],[5.5238969,43.2077621],[5.5235009,43.2077822],[5.5234389,43.2077314],[5.5233651,43.2076086],[5.5228157,43.2080077],[5.5228456,43.2080291],[5.5228734,43.2080503],[5.5234311,43.2084842],[5.524127,43.2080101],[5.5241545,43.2079865],[5.5242351,43.2078957],[5.5242249,43.2078495]]]},"properties":{"kind":"urban","demo":false,"source":"OpenStreetMap","osm_id":"way/1484940182","osm_tags":{"landuse":"residential"},"osm_version":1,"osm_timestamp":"2026-03-03T12:42:58Z","retrieved_at":"2026-05-06T03:25:00Z","license":"ODbL-1.0","name":""}},{"type":"Feature","geometry":{"type":"Polygon","coordinates":[[[5.525607,43.2087255],[5.5257467,43.2085843],[5.5256959,43.2083449],[5.5256204,43.2083214],[5.5255467,43.208318],[5.5254264,43.2083585],[5.5253976,43.2083743],[5.5253813,43.2084067],[5.5253837,43.2084364],[5.5252186,43.2085304],[5.525118,43.2085258],[5.5249766,43.2085922],[5.5249506,43.2085655],[5.5245427,43.2087414],[5.5243037,43.2086473],[5.5241407,43.2084684],[5.5242043,43.2083435],[5.5242149,43.2082712],[5.5242118,43.2082027],[5.5241539,43.2080774],[5.5241388,43.2080421],[5.5234566,43.2085048],[5.5236023,43.2086511],[5.5238549,43.2090053],[5.5239664,43.2090999],[5.5250216,43.209423],[5.5253089,43.2095819],[5.5258703,43.2090314],[5.5257126,43.2088482],[5.525607,43.2087255]]]},"properties":{"kind":"urban","demo":false,"source":"OpenStreetMap","osm_id":"way/1484940183","osm_tags":{"landuse":"residential"},"osm_version":1,"osm_timestamp":"2026-03-03T12:42:58Z","retrieved_at":"2026-05-06T03:25:00Z","license":"ODbL-1.0","name":""}},{"type":"Feature","geometry":{"type":"Polygon","coordinates":[[[5.5258591,43.2108597],[5.5256264,43.2107025],[5.5251737,43.2111669],[5.5261905,43.2114901],[5.5262599,43.2114318],[5.5258591,43.2108597]]]},"properties":{"kind":"urban","demo":false,"source":"OpenStreetMap","osm_id":"way/1484940184","osm_tags":{"landuse":"residential"},"osm_version":1,"osm_timestamp":"2026-03-03T12:42:58Z","retrieved_at":"2026-05-06T03:25:00Z","license":"ODbL-1.0","name":""}},{"type":"Feature","geometry":{"type":"Polygon","coordinates":[[[5.5248079,43.2102772],[5.5246342,43.2102116],[5.5236226,43.2099442],[5.5232429,43.2104312],[5.5234178,43.2104899],[5.5237471,43.2105266],[5.5239402,43.2105946],[5.524883,43.2110629],[5.5251319,43.2111497],[5.5255845,43.2106853],[5.5248079,43.2102772]]]},"properties":{"kind":"urban","demo":false,"source":"OpenStreetMap","osm_id":"way/1484940185","osm_tags":{"landuse":"residential"},"osm_version":1,"osm_timestamp":"2026-03-03T12:42:58Z","retrieved_at":"2026-05-06T03:25:00Z","license":"ODbL-1.0","name":""}},{"type":"Feature","geometry":{"type":"Polygon","coordinates":[[[5.5263247,43.2122118],[5.5266,43.2117676],[5.5265639,43.2116957],[5.5249655,43.2111863],[5.5244715,43.2109687],[5.5241078,43.2115587],[5.5262247,43.2122449],[5.5263247,43.2122118]]]},"properties":{"kind":"urban","demo":false,"source":"OpenStreetMap","osm_id":"way/1484940186","osm_tags":{"landuse":"residential"},"osm_version":1,"osm_timestamp":"2026-03-03T12:42:58Z","retrieved_at":"2026-05-06T03:25:00Z","license":"ODbL-1.0","name":""}},{"type":"Feature","geometry":{"type":"Polygon","coordinates":[[[5.5267282,43.2096046],[5.5263617,43.2094907],[5.526104,43.2093481],[5.5260198,43.2091947],[5.5259368,43.2092018],[5.5258891,43.2090736],[5.5253465,43.2096116],[5.5263249,43.2101408],[5.5264098,43.210243],[5.5264452,43.2103317],[5.5264494,43.2105648],[5.5268465,43.2103979],[5.5268708,43.2103561],[5.5270152,43.2102502],[5.5265914,43.209781],[5.5267282,43.2096046]]]},"properties":{"kind":"urban","demo":false,"source":"OpenStreetMap","osm_id":"way/1484940187","osm_tags":{"landuse":"residential"},"osm_version":1,"osm_timestamp":"2026-03-03T12:42:58Z","retrieved_at":"2026-05-06T03:25:00Z","license":"ODbL-1.0","name":""}},{"type":"Feature","geometry":{"type":"Polygon","coordinates":[[[5.5288352,43.210687],[5.5287572,43.2106095],[5.5285864,43.2106132],[5.5285175,43.2105451],[5.528384,43.2105567],[5.5283388,43.210386],[5.5278078,43.2100082],[5.5275703,43.2099468],[5.5272253,43.2100271],[5.5272628,43.2103581],[5.5273172,43.2103608],[5.5275617,43.2101795],[5.527654,43.2101677],[5.5277441,43.2101904],[5.5281302,43.2105719],[5.5288768,43.211005],[5.5290901,43.2107799],[5.5290758,43.210749],[5.5288352,43.210687]]]},"properties":{"kind":"urban","demo":false,"source":"OpenStreetMap","osm_id":"way/1484940188","osm_tags":{"landuse":"residential"},"osm_version":1,"osm_timestamp":"2026-03-03T12:42:58Z","retrieved_at":"2026-05-06T03:25:00Z","license":"ODbL-1.0","name":""}},{"type":"Feature","geometry":{"type":"Polygon","coordinates":[[[5.5299073,43.2119394],[5.5296978,43.2119425],[5.5294105,43.2118652],[5.5293185,43.2117641],[5.5292505,43.211469],[5.5290453,43.211206],[5.5285174,43.2108996],[5.5280291,43.2108769],[5.5279611,43.2109213],[5.5278238,43.2113184],[5.5277233,43.2114855],[5.5275351,43.2116939],[5.5275478,43.2117115],[5.5283008,43.2119332],[5.5288075,43.2121024],[5.5291883,43.2121643],[5.5296936,43.2121788],[5.5300745,43.21212],[5.5305725,43.2121715],[5.530581,43.2121437],[5.5299073,43.2119394]]]},"properties":{"kind":"urban","demo":false,"source":"OpenStreetMap","osm_id":"way/1484940189","osm_tags":{"landuse":"residential"},"osm_version":1,"osm_timestamp":"2026-03-03T12:42:58Z","retrieved_at":"2026-05-06T03:25:00Z","license":"ODbL-1.0","name":""}},{"type":"Feature","geometry":{"type":"Polygon","coordinates":[[[5.5264357,43.2123051],[5.5272108,43.2125501],[5.528279,43.2127094],[5.5285256,43.2127148],[5.5286619,43.2126713],[5.528774,43.2125624],[5.5287889,43.2124984],[5.5287441,43.2123636],[5.5285816,43.2121717],[5.5284527,43.2120764],[5.5282155,43.2119812],[5.5275507,43.2117974],[5.5274909,43.211826],[5.5274274,43.2118355],[5.5273434,43.2118042],[5.5269941,43.2118042],[5.5267738,43.211762],[5.5266878,43.211792],[5.5264096,43.2122398],[5.526417,43.2122793],[5.5264357,43.2123051]]]},"properties":{"kind":"urban","demo":false,"source":"OpenStreetMap","osm_id":"way/1484940190","osm_tags":{"landuse":"residential"},"osm_version":1,"osm_timestamp":"2026-03-03T12:42:58Z","retrieved_at":"2026-05-06T03:25:00Z","license":"ODbL-1.0","name":""}},{"type":"Feature","geometry":{"type":"Polygon","coordinates":[[[5.5273415,43.2113605],[5.5271902,43.2113795],[5.5270203,43.2113482],[5.5264394,43.2109194],[5.526376,43.2108078],[5.5260678,43.2109861],[5.5263853,43.2114544],[5.5265515,43.2115891],[5.5267065,43.2116667],[5.5269232,43.2117198],[5.5273116,43.2117348],[5.527334,43.2116953],[5.5273863,43.2116722],[5.5274666,43.2116531],[5.5276179,43.211483],[5.5277038,43.2113428],[5.5277916,43.2111386],[5.5277225,43.2111059],[5.5274554,43.2113019],[5.5273415,43.2113605]]]},"properties":{"kind":"urban","demo":false,"source":"OpenStreetMap","osm_id":"way/1484940191","osm_tags":{"landuse":"residential"},"osm_version":1,"osm_timestamp":"2026-03-03T12:42:58Z","retrieved_at":"2026-05-06T03:25:00Z","license":"ODbL-1.0","name":""}},{"type":"Feature","geometry":{"type":"Polygon","coordinates":[[[5.5263192,43.210324],[5.5262557,43.210211],[5.5250399,43.209525],[5.5242106,43.2092568],[5.5236821,43.2098734],[5.5237886,43.2099184],[5.5246607,43.2101334],[5.5249409,43.2102437],[5.5257439,43.2106793],[5.5259232,43.2108099],[5.5260323,43.2109521],[5.5263666,43.2107629],[5.5263192,43.210324]]]},"properties":{"kind":"urban","demo":false,"source":"OpenStreetMap","osm_id":"way/1484940192","osm_tags":{"landuse":"residential"},"osm_version":1,"osm_timestamp":"2026-03-03T12:42:58Z","retrieved_at":"2026-05-06T03:25:00Z","license":"ODbL-1.0","name":""}},{"type":"Feature","geometry":{"type":"Polygon","coordinates":[[[5.523951,43.2091806],[5.5238016,43.2090758],[5.5235626,43.2087436],[5.5234113,43.2085803],[5.5228678,43.2081542],[5.522502,43.2083919],[5.5225912,43.2084693],[5.5222005,43.2087489],[5.5223633,43.2088799],[5.5233314,43.2094795],[5.523429,43.209592],[5.5236391,43.2098517],[5.5241527,43.209235],[5.523951,43.2091806]]]},"properties":{"kind":"urban","demo":false,"source":"OpenStreetMap","osm_id":"way/1484940193","osm_tags":{"landuse":"residential"},"osm_version":1,"osm_timestamp":"2026-03-03T12:42:58Z","retrieved_at":"2026-05-06T03:25:00Z","license":"ODbL-1.0","name":""}},{"type":"Feature","geometry":{"type":"Polygon","coordinates":[[[5.5224457,43.2083872],[5.5228302,43.2081279],[5.5224625,43.2078335],[5.5221451,43.2076212],[5.5218211,43.2078411],[5.5218939,43.2079003],[5.5218939,43.2079241],[5.5215856,43.2081749],[5.5221758,43.2087226],[5.5225392,43.208469],[5.5224457,43.2083872]]]},"properties":{"kind":"urban","demo":false,"source":"OpenStreetMap","osm_id":"way/1484940194","osm_tags":{"landuse":"residential"},"osm_version":1,"osm_timestamp":"2026-03-03T12:42:58Z","retrieved_at":"2026-05-06T03:25:00Z","license":"ODbL-1.0","name":""}},{"type":"Feature","geometry":{"type":"Polygon","coordinates":[[[5.5217723,43.2078496],[5.5221209,43.207601],[5.5217076,43.2073219],[5.5214914,43.2072555],[5.521241,43.2072413],[5.521028,43.2071879],[5.5207386,43.2073622],[5.5207272,43.2074036],[5.5215588,43.2081499],[5.5218602,43.2079161],[5.5217723,43.2078496]]]},"properties":{"kind":"urban","demo":false,"source":"OpenStreetMap","osm_id":"way/1484940195","osm_tags":{"landuse":"residential"},"osm_version":1,"osm_timestamp":"2026-03-03T12:42:58Z","retrieved_at":"2026-05-06T03:25:00Z","license":"ODbL-1.0","name":""}},{"type":"Feature","geometry":{"type":"Polygon","coordinates":[[[5.5268687,43.2104106],[5.526454,43.2106055],[5.5264724,43.2107799],[5.5265758,43.2109222],[5.5270315,43.2112709],[5.5272042,43.2113039],[5.5273641,43.2112606],[5.527919,43.2108449],[5.5280336,43.2108026],[5.5284101,43.2108211],[5.5284257,43.2107912],[5.5280265,43.2105705],[5.527667,43.2102321],[5.5276019,43.2102383],[5.5273769,43.2104219],[5.5272481,43.2104343],[5.527149,43.2104054],[5.5270471,43.2103095],[5.5269084,43.2103858],[5.5268687,43.2104106]]]},"properties":{"kind":"urban","demo":false,"source":"OpenStreetMap","osm_id":"way/1484940196","osm_tags":{"landuse":"residential"},"osm_version":1,"osm_timestamp":"2026-03-03T12:42:58Z","retrieved_at":"2026-05-06T03:25:00Z","license":"ODbL-1.0","name":""}},{"type":"Feature","geometry":{"type":"Polygon","coordinates":[[[5.5406299,43.2158078],[5.5402392,43.2154435],[5.5401042,43.2156175],[5.5400917,43.2157439],[5.5400045,43.2158888],[5.5403738,43.2160569],[5.5405673,43.2161538],[5.5406299,43.2158078]]]},"properties":{"kind":"urban","demo":false,"source":"OpenStreetMap","osm_id":"way/1484949049","osm_tags":{"landuse":"residential"},"osm_version":1,"osm_timestamp":"2026-03-03T13:11:50Z","retrieved_at":"2026-05-06T03:25:00Z","license":"ODbL-1.0","name":""}},{"type":"Feature","geometry":{"type":"Polygon","coordinates":[[[5.5405801,43.2162877],[5.5407197,43.2163164],[5.540756,43.2162742],[5.5409106,43.2160906],[5.5407649,43.2159218],[5.540663,43.2158267],[5.5405811,43.2162702],[5.5405801,43.2162877]]]},"properties":{"kind":"urban","demo":false,"source":"OpenStreetMap","osm_id":"way/1484949050","osm_tags":{"landuse":"residential"},"osm_version":1,"osm_timestamp":"2026-03-03T13:11:50Z","retrieved_at":"2026-05-06T03:25:00Z","license":"ODbL-1.0","name":""}},{"type":"Feature","geometry":{"type":"Polygon","coordinates":[[[5.5365843,43.2190765],[5.536141,43.2189972],[5.5360836,43.2192948],[5.5365542,43.2194104],[5.53677,43.2191216],[5.5365843,43.2190765]]]},"properties":{"kind":"urban","demo":false,"source":"OpenStreetMap","osm_id":"way/1485350348","osm_tags":{"landuse":"residential"},"osm_version":1,"osm_timestamp":"2026-03-04T11:59:04Z","retrieved_at":"2026-05-06T03:25:00Z","license":"ODbL-1.0","name":""}},{"type":"Feature","geometry":{"type":"Polygon","coordinates":[[[5.5182127,43.2064473],[5.5182347,43.2064283],[5.5184448,43.2062466],[5.51802,43.2060661],[5.5179175,43.2061472],[5.5178159,43.2062275],[5.5177852,43.2062496],[5.5178106,43.2062677],[5.5181584,43.2064942],[5.5181894,43.2064674],[5.5182127,43.2064473]]]},"properties":{"kind":"urban","demo":false,"source":"OpenStreetMap","osm_id":"way/1486503054","osm_tags":{"landuse":"residential"},"osm_version":2,"osm_timestamp":"2026-03-08T18:38:49Z","retrieved_at":"2026-05-06T03:25:00Z","license":"ODbL-1.0","name":""}},{"type":"Feature","geometry":{"type":"Polygon","coordinates":[[[5.5167963,43.2043234],[5.5166701,43.2041982],[5.5165766,43.2041515],[5.5164873,43.2041674],[5.5164128,43.2041392],[5.5163007,43.2040593],[5.5162253,43.2039092],[5.5161984,43.2038939],[5.5161828,43.2038919],[5.5161701,43.203901],[5.5161263,43.2039376],[5.5161136,43.2039296],[5.5158527,43.204114],[5.5158284,43.2041325],[5.5158755,43.2041843],[5.5160105,43.2043263],[5.5160622,43.2043836],[5.5161317,43.2044638],[5.5161719,43.2045131],[5.5162523,43.2045717],[5.5163097,43.2045943],[5.5163964,43.2046178],[5.5164888,43.2046345],[5.5168501,43.2046029],[5.5169757,43.2046259],[5.5170488,43.2046359],[5.5170647,43.2046302],[5.5170831,43.2046237],[5.5170397,43.204534],[5.5167963,43.2043234]]]},"properties":{"kind":"urban","demo":false,"source":"OpenStreetMap","osm_id":"way/1486608619","osm_tags":{"landuse":"residential"},"osm_version":1,"osm_timestamp":"2026-03-08T18:38:49Z","retrieved_at":"2026-05-06T03:25:00Z","license":"ODbL-1.0","name":""}},{"type":"Feature","geometry":{"type":"Polygon","coordinates":[[[5.5228953,43.2107243],[5.5230795,43.2104534],[5.5226206,43.2102003],[5.5220515,43.209874],[5.5220116,43.2099135],[5.5220234,43.209992],[5.5220569,43.2100478],[5.5221563,43.2100867],[5.5222997,43.2102442],[5.5224914,43.2102628],[5.5225974,43.2103136],[5.5226846,43.2103185],[5.5227138,43.2103614],[5.5227386,43.2104385],[5.5228106,43.2105492],[5.5228582,43.2106515],[5.5228509,43.2107094],[5.5228953,43.2107243]]]},"properties":{"kind":"urban","demo":false,"source":"OpenStreetMap","osm_id":"way/1486608630","osm_tags":{"landuse":"residential"},"osm_version":1,"osm_timestamp":"2026-03-08T18:38:49Z","retrieved_at":"2026-05-06T03:25:00Z","license":"ODbL-1.0","name":""}},{"type":"Feature","geometry":{"type":"Polygon","coordinates":[[[5.5436222,43.22127],[5.5437896,43.2207601],[5.5436739,43.2207991],[5.5435072,43.2205205],[5.5433444,43.2205635],[5.5433214,43.2206603],[5.5432044,43.2207106],[5.5431362,43.2208624],[5.5432818,43.2213368],[5.5436222,43.22127]]]},"properties":{"kind":"urban","demo":false,"source":"OpenStreetMap","osm_id":"way/1486849320","osm_tags":{"landuse":"residential"},"osm_version":1,"osm_timestamp":"2026-03-09T11:56:59Z","retrieved_at":"2026-05-06T03:25:00Z","license":"ODbL-1.0","name":""}},{"type":"Feature","geometry":{"type":"Polygon","coordinates":[[[5.535391,43.216428],[5.535465,43.2164396],[5.5360673,43.215881],[5.5360154,43.2157082],[5.5357488,43.2159206],[5.5356426,43.2159352],[5.5355671,43.2159636],[5.5353111,43.2162172],[5.5346562,43.217072],[5.5349152,43.2171755],[5.5351156,43.2168062],[5.535391,43.216428]]]},"properties":{"kind":"urban","demo":false,"source":"OpenStreetMap","osm_id":"way/1487761248","osm_tags":{"landuse":"residential"},"osm_version":1,"osm_timestamp":"2026-03-11T18:38:54Z","retrieved_at":"2026-05-06T03:25:00Z","license":"ODbL-1.0","name":""}},{"type":"Feature","geometry":{"type":"Polygon","coordinates":[[[5.5362375,43.2170729],[5.5363022,43.2168417],[5.5366251,43.215975],[5.53662,43.2159053],[5.536581,43.2159068],[5.5365779,43.2158881],[5.5361691,43.2158934],[5.5360901,43.2159158],[5.5354759,43.2164742],[5.5354112,43.216463],[5.5349225,43.2172307],[5.5349329,43.2172439],[5.5355659,43.2170999],[5.5357787,43.2172719],[5.5360362,43.2173671],[5.5361397,43.2173592],[5.536207,43.217354],[5.5362539,43.2171313],[5.5362375,43.2170729]]]},"properties":{"kind":"urban","demo":false,"source":"OpenStreetMap","osm_id":"way/1487761249","osm_tags":{"landuse":"residential","name":"Résidence du Val d'Ore","residential":"apartments"},"osm_version":1,"osm_timestamp":"2026-03-11T18:38:54Z","retrieved_at":"2026-05-06T03:25:00Z","license":"ODbL-1.0","name":"Résidence du Val d'Ore"}},{"type":"Feature","geometry":{"type":"Polygon","coordinates":[[[5.5357787,43.2172719],[5.5355659,43.2170999],[5.5349329,43.2172439],[5.5348999,43.2172562],[5.5350335,43.2175975],[5.5347582,43.2178504],[5.5352071,43.2181227],[5.5349716,43.2183442],[5.5355479,43.2181777],[5.5361824,43.2180929],[5.5361397,43.2173592],[5.5360362,43.2173671],[5.5357787,43.2172719]]]},"properties":{"kind":"urban","demo":false,"source":"OpenStreetMap","osm_id":"way/1487761250","osm_tags":{"landuse":"residential","name":"Résidence le Bosquet","residential":"apartments"},"osm_version":1,"osm_timestamp":"2026-03-11T18:38:54Z","retrieved_at":"2026-05-06T03:25:00Z","license":"ODbL-1.0","name":"Résidence le Bosquet"}},{"type":"Feature","geometry":{"type":"Polygon","coordinates":[[[5.5349716,43.2183442],[5.5346995,43.2186001],[5.5353588,43.2188871],[5.5355658,43.2186398],[5.5356266,43.2186046],[5.5361496,43.2184129],[5.5361824,43.2180929],[5.5355479,43.2181777],[5.5349716,43.2183442]]]},"properties":{"kind":"urban","demo":false,"source":"OpenStreetMap","osm_id":"way/1487761251","osm_tags":{"landuse":"residential","name":"Résidence le Figuier Noir","residential":"apartments"},"osm_version":1,"osm_timestamp":"2026-03-11T18:38:54Z","retrieved_at":"2026-05-06T03:25:00Z","license":"ODbL-1.0","name":"Résidence le Figuier Noir"}},{"type":"Feature","geometry":{"type":"Polygon","coordinates":[[[5.527977,43.215275],[5.5284664,43.2155735],[5.5286912,43.21567],[5.5293425,43.2158984],[5.5294471,43.2158609],[5.5293609,43.2154969],[5.5294171,43.2154955],[5.5294349,43.2154788],[5.5294573,43.2153657],[5.5295093,43.2152506],[5.5296014,43.2151378],[5.5293319,43.2151642],[5.5290704,43.2151035],[5.5288603,43.214948],[5.5287217,43.2149095],[5.52864,43.2149078],[5.5285535,43.214854],[5.5282096,43.2151093],[5.527977,43.215275]]]},"properties":{"kind":"urban","demo":false,"source":"OpenStreetMap","osm_id":"way/1487761270","osm_tags":{"landuse":"residential","name":"Résidence Villa Bestouan","residential":"apartments"},"osm_version":1,"osm_timestamp":"2026-03-11T18:38:54Z","retrieved_at":"2026-05-06T03:25:00Z","license":"ODbL-1.0","name":"Résidence Villa Bestouan"}},{"type":"Feature","geometry":{"type":"Polygon","coordinates":[[[5.5303465,43.2142082],[5.5302438,43.2142632],[5.5300424,43.2143096],[5.5299379,43.2142886],[5.5295683,43.2144703],[5.5294591,43.2145827],[5.5293026,43.2146846],[5.5291169,43.2147328],[5.5288832,43.2147467],[5.5285535,43.214854],[5.52864,43.2149078],[5.5287217,43.2149095],[5.5288603,43.214948],[5.5290704,43.2151035],[5.5293319,43.2151642],[5.5296014,43.2151378],[5.5298831,43.214819],[5.5301096,43.2146608],[5.5302639,43.2145983],[5.5304716,43.2145314],[5.5307425,43.2145008],[5.5304498,43.2141069],[5.5303465,43.2142082]]]},"properties":{"kind":"urban","demo":false,"source":"OpenStreetMap","osm_id":"way/1487761271","osm_tags":{"landuse":"residential"},"osm_version":1,"osm_timestamp":"2026-03-11T18:38:54Z","retrieved_at":"2026-05-06T03:25:00Z","license":"ODbL-1.0","name":""}},{"type":"Feature","geometry":{"type":"Polygon","coordinates":[[[5.5326837,43.2142741],[5.5328612,43.2140677],[5.5329466,43.2140242],[5.5325594,43.2138617],[5.5321268,43.213947],[5.5322064,43.213994],[5.5324949,43.2141645],[5.532397,43.2143193],[5.5322281,43.2144435],[5.5323971,43.2145645],[5.5325997,43.2144173],[5.5326837,43.2142741]]]},"properties":{"kind":"urban","demo":false,"source":"OpenStreetMap","osm_id":"way/1487761272","osm_tags":{"landuse":"residential"},"osm_version":1,"osm_timestamp":"2026-03-11T18:38:54Z","retrieved_at":"2026-05-06T03:25:00Z","license":"ODbL-1.0","name":""}},{"type":"Feature","geometry":{"type":"Polygon","coordinates":[[[5.5320481,43.214679],[5.5322107,43.2146583],[5.5323502,43.2145869],[5.5323971,43.2145645],[5.5322281,43.2144435],[5.532397,43.2143193],[5.5324949,43.2141645],[5.5322064,43.213994],[5.5321967,43.2140099],[5.5321717,43.2140287],[5.5319652,43.2139178],[5.5319027,43.2139084],[5.5313565,43.2136625],[5.5311984,43.2136599],[5.5310828,43.2136986],[5.5308563,43.213831],[5.5308803,43.2138563],[5.5308268,43.2138886],[5.5307371,43.2139015],[5.5306227,43.21396],[5.5310101,43.2144746],[5.5314912,43.2145141],[5.5320481,43.214679]]]},"properties":{"kind":"urban","demo":false,"source":"OpenStreetMap","osm_id":"way/1487761273","osm_tags":{"landuse":"residential","name":"Résidence Super-Bestouan","residential":"apartments"},"osm_version":1,"osm_timestamp":"2026-03-11T18:38:54Z","retrieved_at":"2026-05-06T03:25:00Z","license":"ODbL-1.0","name":"Résidence Super-Bestouan"}},{"type":"Feature","geometry":{"type":"Polygon","coordinates":[[[5.5310101,43.2144746],[5.5306227,43.21396],[5.5305954,43.2139374],[5.5305762,43.2139155],[5.5303844,43.2140107],[5.5304498,43.2141069],[5.5307425,43.2145008],[5.5308237,43.2144895],[5.5310101,43.2144746]]]},"properties":{"kind":"urban","demo":false,"source":"OpenStreetMap","osm_id":"way/1487761274","osm_tags":{"landuse":"residential","name":"Résidence Grand Large","residential":"apartments"},"osm_version":1,"osm_timestamp":"2026-03-11T18:38:54Z","retrieved_at":"2026-05-06T03:25:00Z","license":"ODbL-1.0","name":"Résidence Grand Large"}},{"type":"Feature","geometry":{"type":"Polygon","coordinates":[[[5.5343582,43.2165369],[5.5338544,43.2162755],[5.5338125,43.215532],[5.5336893,43.2155706],[5.5336835,43.215577],[5.533667,43.2155952],[5.5336373,43.2156157],[5.5336208,43.2156096],[5.5335335,43.2157923],[5.5335122,43.2158725],[5.533557,43.2160746],[5.5335912,43.2162078],[5.5335747,43.2163024],[5.5335275,43.2163669],[5.5334544,43.216409],[5.5334367,43.2164632],[5.5334662,43.2165199],[5.5337564,43.2167177],[5.5339192,43.2168767],[5.5339367,43.2169005],[5.5340244,43.2170199],[5.5343418,43.2171171],[5.5344373,43.2171274],[5.5344902,43.2170929],[5.5345116,43.2170459],[5.5345612,43.21705],[5.5351225,43.216299],[5.5354988,43.2159069],[5.5354953,43.2158803],[5.5353384,43.2158106],[5.5345362,43.2165595],[5.5345032,43.2165431],[5.5343582,43.2165369]]]},"properties":{"kind":"urban","demo":false,"source":"OpenStreetMap","osm_id":"way/1487761278","osm_tags":{"landuse":"residential"},"osm_version":1,"osm_timestamp":"2026-03-11T18:38:54Z","retrieved_at":"2026-05-06T03:25:00Z","license":"ODbL-1.0","name":""}},{"type":"Feature","geometry":{"type":"Polygon","coordinates":[[[5.5355424,43.2151671],[5.5355708,43.2151246],[5.5353316,43.2150446],[5.5353452,43.2150268],[5.535288,43.215007],[5.5352598,43.2150517],[5.5349801,43.2154949],[5.5349942,43.2155182],[5.5353986,43.2156163],[5.5356088,43.2151834],[5.5355424,43.2151671]]]},"properties":{"kind":"urban","demo":false,"source":"OpenStreetMap","osm_id":"way/1487761279","osm_tags":{"landuse":"residential"},"osm_version":1,"osm_timestamp":"2026-03-11T18:38:54Z","retrieved_at":"2026-05-06T03:25:00Z","license":"ODbL-1.0","name":""}},{"type":"Feature","geometry":{"type":"Polygon","coordinates":[[[5.5340253,43.214334],[5.5339394,43.2143548],[5.5338822,43.2143842],[5.5336916,43.2146101],[5.5338412,43.2146594],[5.5341539,43.2143378],[5.5340253,43.214334]]]},"properties":{"kind":"urban","demo":false,"source":"OpenStreetMap","osm_id":"way/1487761281","osm_tags":{"landuse":"residential"},"osm_version":1,"osm_timestamp":"2026-03-11T18:38:54Z","retrieved_at":"2026-05-06T03:25:00Z","license":"ODbL-1.0","name":""}},{"type":"Feature","geometry":{"type":"Polygon","coordinates":[[[5.5428236,43.2160133],[5.5422845,43.215741],[5.542407,43.2156315],[5.5424097,43.2155748],[5.542373,43.215567],[5.5423694,43.2155383],[5.5423381,43.215524],[5.5423399,43.2154826],[5.5420915,43.2154719],[5.5420586,43.215456],[5.5420427,43.2154556],[5.5416405,43.2154451],[5.5416923,43.2156536],[5.5416128,43.2157344],[5.5416736,43.2159866],[5.542463,43.2159364],[5.5428577,43.2161064],[5.5429077,43.2160153],[5.5428236,43.2160133]]]},"properties":{"kind":"urban","demo":false,"source":"OpenStreetMap","osm_id":"way/1487761285","osm_tags":{"landuse":"residential","name":"Les Résidences du Monticule","residential":"apartments"},"osm_version":1,"osm_timestamp":"2026-03-11T18:38:54Z","retrieved_at":"2026-05-06T03:25:00Z","license":"ODbL-1.0","name":"Les Résidences du Monticule"}},{"type":"Feature","geometry":{"type":"Polygon","coordinates":[[[5.5427039,43.2155355],[5.5427389,43.2152391],[5.5427207,43.2152431],[5.542728,43.2151929],[5.5426964,43.2151907],[5.5426575,43.2151881],[5.5426286,43.2151545],[5.5419668,43.215112],[5.5420427,43.2154556],[5.5420586,43.215456],[5.5420915,43.2154719],[5.5423399,43.2154826],[5.5423381,43.215524],[5.5423694,43.2155383],[5.542373,43.215567],[5.5424097,43.2155748],[5.542407,43.2156315],[5.5422845,43.215741],[5.5428236,43.2160133],[5.5429077,43.2160153],[5.5429484,43.2159264],[5.5430581,43.2158232],[5.5430397,43.2158082],[5.542809,43.2157074],[5.5427039,43.2155355]]]},"properties":{"kind":"urban","demo":false,"source":"OpenStreetMap","osm_id":"way/1487761286","osm_tags":{"landuse":"residential","name":"Résidence Kallisté","residential":"apartments"},"osm_version":1,"osm_timestamp":"2026-03-11T18:38:54Z","retrieved_at":"2026-05-06T03:25:00Z","license":"ODbL-1.0","name":"Résidence Kallisté"}},{"type":"Feature","geometry":{"type":"Polygon","coordinates":[[[5.5419668,43.215112],[5.5416289,43.2150993],[5.5416001,43.2151218],[5.5415796,43.2151704],[5.5416405,43.2154451],[5.5420427,43.2154556],[5.5419668,43.215112]]]},"properties":{"kind":"urban","demo":false,"source":"OpenStreetMap","osm_id":"way/1487761287","osm_tags":{"landuse":"residential"},"osm_version":1,"osm_timestamp":"2026-03-11T18:38:54Z","retrieved_at":"2026-05-06T03:25:00Z","license":"ODbL-1.0","name":""}},{"type":"Feature","geometry":{"type":"Polygon","coordinates":[[[5.5431503,43.2147267],[5.5431326,43.2147632],[5.543595,43.2148806],[5.5434448,43.2146367],[5.5433475,43.2145273],[5.5432784,43.2144649],[5.5432064,43.2146113],[5.5431503,43.2147267]]]},"properties":{"kind":"urban","demo":false,"source":"OpenStreetMap","osm_id":"way/1487761288","osm_tags":{"landuse":"residential","name":"Résidence l'Albatros","residential":"apartments"},"osm_version":1,"osm_timestamp":"2026-03-11T18:38:54Z","retrieved_at":"2026-05-06T03:25:00Z","license":"ODbL-1.0","name":"Résidence l'Albatros"}},{"type":"Feature","geometry":{"type":"Polygon","coordinates":[[[5.5432761,43.2149942],[5.5432591,43.2150222],[5.5430291,43.2149732],[5.5429664,43.2150963],[5.5434106,43.2151214],[5.5434709,43.2151338],[5.5435854,43.2151333],[5.5436512,43.2151061],[5.5433124,43.2150335],[5.5433232,43.2150049],[5.5436742,43.215077],[5.5436972,43.2150389],[5.5436939,43.2149915],[5.5436275,43.2148923],[5.543595,43.2148806],[5.5431326,43.2147632],[5.543045,43.2149478],[5.5432761,43.2149942]]]},"properties":{"kind":"urban","demo":false,"source":"OpenStreetMap","osm_id":"way/1487761289","osm_tags":{"landuse":"residential","name":"Résidence Lou Coulet","residential":"apartments"},"osm_version":1,"osm_timestamp":"2026-03-11T18:38:54Z","retrieved_at":"2026-05-06T03:25:00Z","license":"ODbL-1.0","name":"Résidence Lou Coulet"}},{"type":"Feature","geometry":{"type":"Polygon","coordinates":[[[5.543045,43.2149478],[5.5431326,43.2147632],[5.5431503,43.2147267],[5.5432064,43.2146113],[5.5432784,43.2144649],[5.5431152,43.2143654],[5.5428167,43.2142356],[5.5423696,43.2141006],[5.5421785,43.2147729],[5.5423993,43.2148132],[5.5423942,43.2148511],[5.5425057,43.215072],[5.5429664,43.2150963],[5.5430291,43.2149732],[5.543045,43.2149478]]]},"properties":{"kind":"urban","demo":false,"source":"OpenStreetMap","osm_id":"way/1487761290","osm_tags":{"landuse":"residential","name":"Résidence le Cézanne","residential":"apartments"},"osm_version":1,"osm_timestamp":"2026-03-11T18:38:54Z","retrieved_at":"2026-05-06T03:25:00Z","license":"ODbL-1.0","name":"Résidence le Cézanne"}},{"type":"Feature","geometry":{"type":"Polygon","coordinates":[[[5.5439332,43.2142777],[5.5438894,43.2142321],[5.5433269,43.213975],[5.5424704,43.213773],[5.5424173,43.2139298],[5.5424099,43.2139639],[5.5429083,43.2141106],[5.5431106,43.2141962],[5.5432974,43.2143103],[5.5434461,43.2144266],[5.5435112,43.2144888],[5.543968,43.2143416],[5.5439332,43.2142777]]]},"properties":{"kind":"urban","demo":false,"source":"OpenStreetMap","osm_id":"way/1487761291","osm_tags":{"landuse":"residential","name":"Résidence le Merignan","residential":"apartments"},"osm_version":1,"osm_timestamp":"2026-03-11T18:38:54Z","retrieved_at":"2026-05-06T03:25:00Z","license":"ODbL-1.0","name":"Résidence le Merignan"}},{"type":"Feature","geometry":{"type":"Polygon","coordinates":[[[5.5435652,43.214548],[5.5436741,43.2146947],[5.5440715,43.2145345],[5.543968,43.2143416],[5.5435112,43.2144888],[5.5435652,43.214548]]]},"properties":{"kind":"urban","demo":false,"source":"OpenStreetMap","osm_id":"way/1487761292","osm_tags":{"landuse":"residential","name":"Résidence Mireïo","residential":"apartments"},"osm_version":1,"osm_timestamp":"2026-03-11T18:38:54Z","retrieved_at":"2026-05-06T03:25:00Z","license":"ODbL-1.0","name":"Résidence Mireïo"}},{"type":"Feature","geometry":{"type":"Polygon","coordinates":[[[5.5438769,43.2150032],[5.5438985,43.2150087],[5.5439401,43.2150101],[5.5440849,43.2145652],[5.5440715,43.2145345],[5.5436741,43.2146947],[5.5438769,43.2150032]]]},"properties":{"kind":"urban","demo":false,"source":"OpenStreetMap","osm_id":"way/1487761293","osm_tags":{"landuse":"residential","name":"Résidence Calendaü","residential":"apartments"},"osm_version":1,"osm_timestamp":"2026-03-11T18:38:54Z","retrieved_at":"2026-05-06T03:25:00Z","license":"ODbL-1.0","name":"Résidence Calendaü"}},{"type":"Feature","geometry":{"type":"Polygon","coordinates":[[[5.5472772,43.2177172],[5.5477549,43.2171282],[5.5476949,43.2169195],[5.547634,43.2164731],[5.5477047,43.2163157],[5.5477134,43.2162655],[5.5476035,43.2162431],[5.5476354,43.2161607],[5.5476364,43.216053],[5.5475768,43.2159609],[5.5475339,43.2159234],[5.5471934,43.2165625],[5.5470282,43.2170491],[5.5469834,43.2172838],[5.5469893,43.2173715],[5.5469468,43.217491],[5.5472772,43.2177172]]]},"properties":{"kind":"urban","demo":false,"source":"OpenStreetMap","osm_id":"way/1487761294","osm_tags":{"landuse":"residential","name":"Résidence 9 Avenue de Provence","residential":"apartments"},"osm_version":2,"osm_timestamp":"2026-03-11T18:51:10Z","retrieved_at":"2026-05-06T03:25:00Z","license":"ODbL-1.0","name":"Résidence 9 Avenue de Provence"}},{"type":"Feature","geometry":{"type":"Polygon","coordinates":[[[5.5455757,43.2167296],[5.5455766,43.2167061],[5.5456213,43.2167009],[5.5456258,43.2166423],[5.5456669,43.2166403],[5.5456804,43.2165052],[5.5457942,43.2163412],[5.5457942,43.2163077],[5.5455869,43.2162257],[5.5453551,43.2162583],[5.5454026,43.2163007],[5.5454243,43.2163659],[5.5454121,43.2164291],[5.5453091,43.2164509],[5.5451234,43.2164321],[5.5449784,43.2164568],[5.5449622,43.2165407],[5.5449093,43.2165694],[5.544805,43.2165536],[5.5447657,43.216681],[5.5450574,43.2167129],[5.5454195,43.2168037],[5.5455488,43.2168523],[5.5455847,43.2168494],[5.5456079,43.2168345],[5.5456186,43.2167869],[5.5455757,43.2167296]]]},"properties":{"kind":"urban","demo":false,"source":"OpenStreetMap","osm_id":"way/1487761295","osm_tags":{"landuse":"residential"},"osm_version":1,"osm_timestamp":"2026-03-11T18:38:54Z","retrieved_at":"2026-05-06T03:25:00Z","license":"ODbL-1.0","name":""}},{"type":"Feature","geometry":{"type":"Polygon","coordinates":[[[5.543667,43.2155195],[5.5437002,43.2156516],[5.5436725,43.2160043],[5.5438288,43.2162428],[5.5439358,43.2164694],[5.5440556,43.2164616],[5.5440644,43.2165022],[5.5443191,43.2165317],[5.5444251,43.2165208],[5.5443798,43.2164338],[5.5443874,43.2163233],[5.5444082,43.2162911],[5.544632,43.2162806],[5.5446284,43.2162493],[5.5446911,43.2162465],[5.5446965,43.2161547],[5.5449757,43.2161487],[5.5452806,43.2161685],[5.545347,43.2161161],[5.5453673,43.2160589],[5.5453456,43.2159887],[5.5453036,43.215965],[5.5452941,43.2159413],[5.5453158,43.2156944],[5.5452115,43.2156441],[5.5452467,43.2155917],[5.5452494,43.21557],[5.5444404,43.2154969],[5.5442615,43.2154465],[5.5439296,43.2153311],[5.5438643,43.2153252],[5.5437642,43.2153867],[5.543667,43.2155195]]]},"properties":{"kind":"urban","demo":false,"source":"OpenStreetMap","osm_id":"way/1487761296","osm_tags":{"landuse":"residential","name":"Résidence le Jardin des Hesperides","residential":"apartments"},"osm_version":1,"osm_timestamp":"2026-03-11T18:38:54Z","retrieved_at":"2026-05-06T03:25:00Z","license":"ODbL-1.0","name":"Résidence le Jardin des Hesperides"}},{"type":"Feature","geometry":{"type":"Polygon","coordinates":[[[5.5455222,43.2160574],[5.5454802,43.2160317],[5.5453939,43.2160622],[5.5453673,43.2160589],[5.545347,43.2161161],[5.5452806,43.2161685],[5.5449757,43.2161487],[5.5446965,43.2161547],[5.5446911,43.2162465],[5.5446284,43.2162493],[5.544632,43.2162806],[5.5444082,43.2162911],[5.5443874,43.2163233],[5.5443798,43.2164338],[5.5444251,43.2165208],[5.5443191,43.2165317],[5.5440644,43.2165022],[5.5440556,43.2164616],[5.5439358,43.2164694],[5.5440799,43.2168877],[5.5443333,43.2167648],[5.5445644,43.2166974],[5.5447657,43.216681],[5.544805,43.2165536],[5.5449093,43.2165694],[5.5449622,43.2165407],[5.5449784,43.2164568],[5.5451234,43.2164321],[5.5453091,43.2164509],[5.5454121,43.2164291],[5.5454243,43.2163659],[5.5454026,43.2163007],[5.5453551,43.2162583],[5.5455869,43.2162257],[5.545575,43.2161285],[5.5455222,43.2160574]]]},"properties":{"kind":"urban","demo":false,"source":"OpenStreetMap","osm_id":"way/1487761297","osm_tags":{"landuse":"residential","name":"Résidence le Panoramic","residential":"apartments"},"osm_version":1,"osm_timestamp":"2026-03-11T18:38:54Z","retrieved_at":"2026-05-06T03:25:00Z","license":"ODbL-1.0","name":"Résidence le Panoramic"}},{"type":"Feature","geometry":{"type":"Polygon","coordinates":[[[5.5469564,43.2173749],[5.5469551,43.2172761],[5.5469862,43.217045],[5.547157,43.2165522],[5.547522,43.2158734],[5.5466136,43.215551],[5.5463007,43.2155263],[5.5458537,43.2155549],[5.5453984,43.2155803],[5.5453786,43.2158986],[5.5454029,43.2159736],[5.5455207,43.216005],[5.5455844,43.2160643],[5.5456257,43.2161314],[5.5456375,43.2162122],[5.5458321,43.2162913],[5.5458498,43.2163326],[5.5457389,43.2164925],[5.5456811,43.2167702],[5.5456804,43.2168994],[5.546199,43.2170895],[5.5465207,43.2172256],[5.5469139,43.2174741],[5.5469564,43.2173749]]]},"properties":{"kind":"urban","demo":false,"source":"OpenStreetMap","osm_id":"way/1487764189","osm_tags":{"landuse":"residential"},"osm_version":1,"osm_timestamp":"2026-03-11T18:51:10Z","retrieved_at":"2026-05-06T03:25:00Z","license":"ODbL-1.0","name":""}},{"type":"Feature","geometry":{"type":"Polygon","coordinates":[[[5.5472772,43.2177172],[5.5476609,43.2179814],[5.5478995,43.2180694],[5.5481705,43.218105],[5.5486421,43.2180457],[5.5489348,43.2178976],[5.5486177,43.2178147],[5.5482545,43.2176468],[5.5479294,43.2174518],[5.5478022,43.2172354],[5.5477549,43.2171282],[5.5472772,43.2177172]]]},"properties":{"kind":"urban","demo":false,"source":"OpenStreetMap","osm_id":"way/1487764190","osm_tags":{"landuse":"residential"},"osm_version":1,"osm_timestamp":"2026-03-11T18:51:10Z","retrieved_at":"2026-05-06T03:25:00Z","license":"ODbL-1.0","name":""}},{"type":"Feature","geometry":{"type":"Polygon","coordinates":[[[5.5427639,43.2177319],[5.5430995,43.2176973],[5.5431157,43.2171837],[5.5432594,43.2168356],[5.5426423,43.2167102],[5.5425803,43.2168962],[5.5424184,43.2173046],[5.5423453,43.2173897],[5.5422457,43.2174612],[5.542136,43.2175109],[5.5423646,43.2176567],[5.5427639,43.2177319]]]},"properties":{"kind":"urban","demo":false,"source":"OpenStreetMap","osm_id":"way/1487764191","osm_tags":{"landuse":"residential","name":"Résidence le Cottage","residential":"apartments"},"osm_version":1,"osm_timestamp":"2026-03-11T18:51:10Z","retrieved_at":"2026-05-06T03:25:00Z","license":"ODbL-1.0","name":"Résidence le Cottage"}},{"type":"Feature","geometry":{"type":"Polygon","coordinates":[[[5.5444995,43.2218558],[5.5442621,43.221806],[5.5438445,43.2218866],[5.5439256,43.222284],[5.5441238,43.2227656],[5.5454896,43.2226151],[5.5460769,43.2224509],[5.5456549,43.2220331],[5.5451976,43.2220751],[5.5450286,43.2219315],[5.5449268,43.2217252],[5.5448811,43.2215044],[5.5450126,43.2213756],[5.5450286,43.2212474],[5.5449097,43.2210048],[5.5446393,43.2210615],[5.5442344,43.2211466],[5.5442667,43.2212049],[5.5444995,43.2218558]]]},"properties":{"kind":"urban","demo":false,"source":"OpenStreetMap","osm_id":"way/1487764192","osm_tags":{"landuse":"residential"},"osm_version":2,"osm_timestamp":"2026-03-12T15:18:57Z","retrieved_at":"2026-05-06T03:25:00Z","license":"ODbL-1.0","name":""}},{"type":"Feature","geometry":{"type":"Polygon","coordinates":[[[5.5443545,43.2196509],[5.5444707,43.2196592],[5.5448036,43.2192369],[5.5450455,43.2192627],[5.5454451,43.2193052],[5.5454373,43.2192264],[5.5453366,43.2189704],[5.5453017,43.2187593],[5.5452092,43.2186359],[5.5451706,43.2186098],[5.5451595,43.2185981],[5.5444323,43.2186618],[5.5444746,43.2189445],[5.5443545,43.2196509]]]},"properties":{"kind":"urban","demo":false,"source":"OpenStreetMap","osm_id":"way/1487764193","osm_tags":{"landuse":"residential","name":"Résidence le Saint-Marc","residential":"apartments"},"osm_version":1,"osm_timestamp":"2026-03-11T18:51:10Z","retrieved_at":"2026-05-06T03:25:00Z","license":"ODbL-1.0","name":"Résidence le Saint-Marc"}},{"type":"Feature","geometry":{"type":"Polygon","coordinates":[[[5.5447508,43.2208436],[5.5448134,43.2206651],[5.5448205,43.22051],[5.5448759,43.2203771],[5.5449153,43.2202546],[5.5449636,43.2200565],[5.5450297,43.2199875],[5.5451138,43.2198168],[5.5451227,43.2196917],[5.5452461,43.2194141],[5.5452389,43.2193685],[5.5451853,43.2193255],[5.545078,43.2192916],[5.5450455,43.2192627],[5.5448036,43.2192369],[5.5444707,43.2196592],[5.5443545,43.2196509],[5.5440678,43.2205721],[5.5439723,43.2210079],[5.5438909,43.2210406],[5.5438897,43.2212074],[5.5442344,43.2211466],[5.5446393,43.2210615],[5.5447508,43.2208436]]]},"properties":{"kind":"urban","demo":false,"source":"OpenStreetMap","osm_id":"way/1487764194","osm_tags":{"landuse":"residential","name":"Résidence les Trois Caravelles","residential":"apartments"},"osm_version":1,"osm_timestamp":"2026-03-11T18:51:10Z","retrieved_at":"2026-05-06T03:25:00Z","license":"ODbL-1.0","name":"Résidence les Trois Caravelles"}},{"type":"Feature","geometry":{"type":"Polygon","coordinates":[[[5.5493725,43.2179624],[5.5492719,43.2180274],[5.5490013,43.2181259],[5.5486186,43.2182005],[5.5486216,43.2182768],[5.5483865,43.2183532],[5.5483978,43.2183793],[5.5486271,43.2184704],[5.5485537,43.2185977],[5.5483004,43.2185869],[5.5483095,43.21854],[5.5484449,43.2185434],[5.5484727,43.2184724],[5.5482727,43.2184054],[5.5482651,43.2183458],[5.5484848,43.2182652],[5.5484522,43.2182053],[5.5482309,43.2182281],[5.5479505,43.2182005],[5.5476651,43.218138],[5.5471023,43.2179488],[5.547044,43.2180305],[5.547498,43.2184383],[5.54783,43.218575],[5.5480736,43.2185774],[5.5481378,43.218756],[5.5484078,43.2188417],[5.54898,43.2188759],[5.5488789,43.2185898],[5.5488118,43.2185753],[5.5488309,43.2185289],[5.5489484,43.2185458],[5.5490441,43.2184399],[5.5494005,43.2184277],[5.5494533,43.2181999],[5.5495633,43.2181977],[5.5497691,43.2181258],[5.5498272,43.2181047],[5.5499016,43.2180953],[5.5499678,43.2179586],[5.5496282,43.2180009],[5.5493725,43.2179624]]]},"properties":{"kind":"urban","demo":false,"source":"OpenStreetMap","osm_id":"way/1488052064","osm_tags":{"landuse":"residential"},"osm_version":1,"osm_timestamp":"2026-03-12T15:18:57Z","retrieved_at":"2026-05-06T03:25:00Z","license":"ODbL-1.0","name":""}},{"type":"Feature","geometry":{"type":"Polygon","coordinates":[[[5.5438652,43.2174655],[5.5438702,43.2176362],[5.5441572,43.2181207],[5.5442413,43.2181135],[5.5442545,43.2181531],[5.5442479,43.2181904],[5.5443947,43.2184597],[5.5444323,43.2186618],[5.5451595,43.2185981],[5.5449123,43.2182843],[5.5446988,43.2180897],[5.5444432,43.2173986],[5.5442763,43.2172359],[5.5442985,43.2171762],[5.5442282,43.2170491],[5.5439939,43.2172888],[5.5438652,43.2174655]]]},"properties":{"kind":"urban","demo":false,"source":"OpenStreetMap","osm_id":"way/1488052065","osm_tags":{"landuse":"residential"},"osm_version":1,"osm_timestamp":"2026-03-12T15:18:57Z","retrieved_at":"2026-05-06T03:25:00Z","license":"ODbL-1.0","name":""}},{"type":"Feature","geometry":{"type":"Polygon","coordinates":[[[5.5390092,43.2229168],[5.537972,43.2219286],[5.537777,43.2218038],[5.5374735,43.2216773],[5.5371313,43.2216103],[5.5368279,43.2216155],[5.5356959,43.2217995],[5.5354364,43.2217964],[5.5353201,43.2217975],[5.5352311,43.2218304],[5.5350565,43.2217795],[5.5350328,43.2217391],[5.5346772,43.2216187],[5.5343965,43.2214773],[5.5343187,43.2214263],[5.5341087,43.2212984],[5.533761,43.2210705],[5.5334995,43.2212859],[5.5337768,43.2215012],[5.5342275,43.2218719],[5.5343097,43.2218065],[5.5344694,43.2219397],[5.5341764,43.2221716],[5.5343363,43.2224621],[5.5348223,43.2227679],[5.5351329,43.2226154],[5.5349077,43.2222949],[5.5349795,43.2221906],[5.5351729,43.2224444],[5.5355161,43.2223488],[5.5360492,43.2223901],[5.5365271,43.2222603],[5.5369884,43.2222047],[5.5372747,43.2222931],[5.5376398,43.2223505],[5.5383587,43.2230611],[5.5385824,43.2232396],[5.5389287,43.2229645],[5.5389878,43.2229295],[5.5390092,43.2229168]]]},"properties":{"kind":"urban","demo":false,"source":"OpenStreetMap","osm_id":"way/1488052066","osm_tags":{"landuse":"residential"},"osm_version":1,"osm_timestamp":"2026-03-12T15:18:57Z","retrieved_at":"2026-05-06T03:25:00Z","license":"ODbL-1.0","name":""}},{"type":"Feature","geometry":{"type":"Polygon","coordinates":[[[5.5350193,43.2204389],[5.5352502,43.2202272],[5.5356323,43.2201095],[5.5357832,43.2198733],[5.5356347,43.2197915],[5.5355623,43.2197092],[5.5354926,43.2197967],[5.5353821,43.2197475],[5.5351623,43.2197433],[5.5349469,43.2196962],[5.5343564,43.2193617],[5.5342563,43.2198882],[5.5343549,43.2199813],[5.5344575,43.2200518],[5.5345366,43.2200922],[5.5345897,43.2200896],[5.5346492,43.2200483],[5.5346758,43.2200492],[5.5346805,43.2200668],[5.5346504,43.2200913],[5.5346191,43.2201283],[5.5346062,43.2201738],[5.534592,43.220222],[5.5345961,43.2203281],[5.5346345,43.2203784],[5.5347029,43.2204373],[5.5347212,43.2205181],[5.5348396,43.2204295],[5.5350193,43.2204389]]]},"properties":{"kind":"urban","demo":false,"source":"OpenStreetMap","osm_id":"way/1488052067","osm_tags":{"landuse":"residential","name":"Résidence la Pinède"},"osm_version":1,"osm_timestamp":"2026-03-12T15:18:57Z","retrieved_at":"2026-05-06T03:25:00Z","license":"ODbL-1.0","name":"Résidence la Pinède"}},{"type":"Feature","geometry":{"type":"Polygon","coordinates":[[[5.5512266,43.2092525],[5.5505175,43.2092647],[5.5502084,43.2093988],[5.5497483,43.2095691],[5.5500271,43.2100491],[5.5498679,43.2100813],[5.5497743,43.2101577],[5.5495159,43.2101611],[5.5495003,43.2102167],[5.5494054,43.2102212],[5.5493035,43.2101323],[5.5490772,43.2101442],[5.5488666,43.2103044],[5.5488884,43.2104404],[5.5492105,43.2108848],[5.5502104,43.2107989],[5.5503056,43.2107874],[5.5505041,43.2107299],[5.5506331,43.2106775],[5.5510508,43.2105974],[5.5510682,43.2103056],[5.5514929,43.2102347],[5.5512266,43.2092525]]]},"properties":{"kind":"urban","demo":false,"source":"OpenStreetMap","osm_id":"way/1488662664","osm_tags":{"landuse":"residential"},"osm_version":1,"osm_timestamp":"2026-03-13T19:06:21Z","retrieved_at":"2026-05-06T03:25:00Z","license":"ODbL-1.0","name":""}},{"type":"Feature","geometry":{"type":"Polygon","coordinates":[[[5.5469993,43.2109858],[5.5465497,43.2110727],[5.5478779,43.2120125],[5.5478203,43.212099],[5.5486418,43.212513],[5.5487291,43.2124643],[5.5488379,43.2122517],[5.5490672,43.2121317],[5.5488692,43.2121233],[5.5488494,43.2117853],[5.5486889,43.2116866],[5.5485586,43.2117177],[5.5483762,43.2117359],[5.548223,43.2117299],[5.5481459,43.2116904],[5.5472942,43.2110959],[5.5471371,43.2109862],[5.5470818,43.211028],[5.5469993,43.2109858]]]},"properties":{"kind":"urban","demo":false,"source":"OpenStreetMap","osm_id":"way/1488662665","osm_tags":{"landuse":"residential"},"osm_version":1,"osm_timestamp":"2026-03-13T19:06:21Z","retrieved_at":"2026-05-06T03:25:00Z","license":"ODbL-1.0","name":""}},{"type":"Feature","geometry":{"type":"Polygon","coordinates":[[[5.5509134,43.211884],[5.5510508,43.2105974],[5.5506331,43.2106775],[5.5505041,43.2107299],[5.5503056,43.2107874],[5.5502104,43.2107989],[5.5492105,43.2108848],[5.5488884,43.2104404],[5.5488324,43.2103991],[5.5488048,43.2103944],[5.5487121,43.2104058],[5.5483152,43.2105501],[5.5481838,43.2103947],[5.5477012,43.2107489],[5.5473757,43.2109128],[5.5473736,43.2109422],[5.5474237,43.2110067],[5.5473559,43.2110509],[5.5472942,43.2110959],[5.5481459,43.2116904],[5.548223,43.2117299],[5.5483762,43.2117359],[5.5485586,43.2117177],[5.5486889,43.2116866],[5.5488494,43.2117853],[5.5488692,43.2121233],[5.5490672,43.2121317],[5.5496285,43.2117401],[5.5496995,43.211834],[5.5501547,43.2122139],[5.5509134,43.211884]]]},"properties":{"kind":"urban","demo":false,"source":"OpenStreetMap","osm_id":"way/1488662666","osm_tags":{"landuse":"residential","name":"Résidence le Grand Large","residential":"apartments"},"osm_version":1,"osm_timestamp":"2026-03-13T19:06:21Z","retrieved_at":"2026-05-06T03:25:00Z","license":"ODbL-1.0","name":"Résidence le Grand Large"}},{"type":"Feature","geometry":{"type":"Polygon","coordinates":[[[5.5528688,43.2142269],[5.553261,43.2145768],[5.5533077,43.2145453],[5.5533395,43.2145644],[5.5538034,43.2141986],[5.5537794,43.214114],[5.5538836,43.2140791],[5.5539111,43.2141044],[5.5539566,43.2140974],[5.5543397,43.2137964],[5.5543552,43.213765],[5.5543457,43.2137327],[5.5544163,43.2137178],[5.554894,43.2133653],[5.5549059,43.2133357],[5.5548868,43.2132284],[5.554967,43.2132223],[5.555,43.213214974418605],[5.555,43.21222487871554],[5.5529429,43.212956],[5.5534421,43.2135272],[5.5530204,43.2137404],[5.5531642,43.2140652],[5.5528688,43.2142269]]]},"properties":{"kind":"urban","demo":false,"source":"OpenStreetMap","osm_id":"way/1488662667","osm_tags":{"landuse":"residential","name":"Résidence La Grande Bastide","name:fr":"Résidence La Grande Bastide","name:oc":"La Bastida Granda","residential":"single_family","source:name:oc":"ieo-bdtopoc"},"osm_version":1,"osm_timestamp":"2026-03-13T19:06:21Z","retrieved_at":"2026-05-06T03:25:00Z","license":"ODbL-1.0","name":"Résidence La Grande Bastide"}},{"type":"Feature","geometry":{"type":"Polygon","coordinates":[[[5.5454063,43.2132724],[5.5453118,43.213217],[5.5453242,43.2131362],[5.5455501,43.2124625],[5.5454495,43.2112769],[5.5451126,43.2116017],[5.5444491,43.2119805],[5.5448357,43.2128558],[5.5449363,43.2133528],[5.5453911,43.2135772],[5.5454063,43.2132724]]]},"properties":{"kind":"urban","demo":false,"source":"OpenStreetMap","osm_id":"way/1488679093","osm_tags":{"landuse":"residential","name":"Résidence Le Miramar","residential":"apartments"},"osm_version":1,"osm_timestamp":"2026-03-13T20:40:21Z","retrieved_at":"2026-05-06T03:25:00Z","license":"ODbL-1.0","name":"Résidence Le Miramar"}},{"type":"Feature","geometry":{"type":"Polygon","coordinates":[[[5.5453242,43.2131362],[5.5453118,43.213217],[5.5454063,43.2132724],[5.5453911,43.2135772],[5.5456245,43.2136758],[5.5457054,43.2132901],[5.5458977,43.2128857],[5.5458505,43.2128831],[5.5460784,43.2122725],[5.5463469,43.2110963],[5.5459851,43.2111714],[5.5459417,43.2112336],[5.5457439,43.2112741],[5.5456599,43.2112129],[5.5455691,43.2112237],[5.5454495,43.2112769],[5.5455501,43.2124625],[5.5453242,43.2131362]]]},"properties":{"kind":"urban","demo":false,"source":"OpenStreetMap","osm_id":"way/1488679094","osm_tags":{"landuse":"residential","name":"Résidence Bellevue","residential":"single_family"},"osm_version":1,"osm_timestamp":"2026-03-13T20:40:21Z","retrieved_at":"2026-05-06T03:25:00Z","license":"ODbL-1.0","name":"Résidence Bellevue"}},{"type":"Feature","geometry":{"type":"Polygon","coordinates":[[[5.5408207,43.2124911],[5.5412207,43.2125955],[5.5414262,43.212819],[5.5416631,43.2129888],[5.5418612,43.2129664],[5.5419391,43.2130842],[5.5424547,43.2127325],[5.5398849,43.2115524],[5.5398875,43.2118274],[5.5398845,43.2120333],[5.5398678,43.2120953],[5.5398045,43.2123766],[5.5398293,43.2124007],[5.5402789,43.2124344],[5.5408207,43.2124911]]]},"properties":{"kind":"urban","demo":false,"source":"OpenStreetMap","osm_id":"way/1488679095","osm_tags":{"landuse":"residential"},"osm_version":1,"osm_timestamp":"2026-03-13T20:40:21Z","retrieved_at":"2026-05-06T03:25:00Z","license":"ODbL-1.0","name":""}},{"type":"Feature","geometry":{"type":"Polygon","coordinates":[[[5.5426601,43.2125806],[5.5430436,43.2124246],[5.5428458,43.2121777],[5.5427211,43.2121313],[5.542568,43.2121253],[5.5409989,43.211407],[5.5408181,43.2112682],[5.5406936,43.2111903],[5.5405353,43.2111093],[5.5403817,43.2111197],[5.5403687,43.2111268],[5.5403577,43.2111323],[5.5403413,43.2111372],[5.5402344,43.2110498],[5.5402235,43.211047],[5.5402159,43.2110467],[5.5401633,43.2110652],[5.5399085,43.2112305],[5.5398888,43.2112715],[5.5398852,43.2112973],[5.5398869,43.2113664],[5.5399069,43.2114791],[5.5425043,43.2126942],[5.5426601,43.2125806]]]},"properties":{"kind":"urban","demo":false,"source":"OpenStreetMap","osm_id":"way/1488679096","osm_tags":{"landuse":"residential"},"osm_version":1,"osm_timestamp":"2026-03-13T20:40:21Z","retrieved_at":"2026-05-06T03:25:00Z","license":"ODbL-1.0","name":""}},{"type":"Feature","geometry":{"type":"Polygon","coordinates":[[[5.5405474,43.2110446],[5.5407175,43.2111322],[5.5410859,43.2114053],[5.5420269,43.2118257],[5.5420675,43.2118171],[5.5421168,43.211801],[5.5422743,43.2114223],[5.5422655,43.2114141],[5.5422483,43.2114102],[5.5422376,43.2113903],[5.5422293,43.2113762],[5.5428224,43.2112285],[5.5430718,43.2111226],[5.5430436,43.2110894],[5.5430414,43.2110655],[5.5430621,43.2110336],[5.543553,43.2104548],[5.5435363,43.2104487],[5.5431352,43.2104009],[5.5426736,43.2102144],[5.5425818,43.2102277],[5.5423254,43.2103061],[5.5419003,43.2102597],[5.5416,43.210296],[5.5409995,43.210166],[5.5407672,43.2100296],[5.5401915,43.2098546],[5.5399798,43.2097589],[5.5399881,43.2097296],[5.5397633,43.2096724],[5.5397165,43.2100297],[5.5399535,43.210081],[5.5397369,43.2101811],[5.5396748,43.2104158],[5.5396777,43.2105997],[5.5396976,43.2106894],[5.5397466,43.2107144],[5.5399952,43.2107893],[5.540103,43.2109128],[5.5401739,43.2109786],[5.5403657,43.2110765],[5.5405474,43.2110446]]]},"properties":{"kind":"urban","demo":false,"source":"OpenStreetMap","osm_id":"way/1488679098","osm_tags":{"landuse":"residential"},"osm_version":3,"osm_timestamp":"2026-03-23T17:45:31Z","retrieved_at":"2026-05-06T03:25:00Z","license":"ODbL-1.0","name":""}},{"type":"Feature","geometry":{"type":"Polygon","coordinates":[[[5.5397532,43.2123623],[5.5397103,43.2123623],[5.5397354,43.2121381],[5.539772,43.2121368],[5.5397876,43.2120348],[5.5392456,43.2119488],[5.5391477,43.2123768],[5.5391972,43.2125969],[5.539616,43.212768],[5.5398374,43.2128154],[5.5400012,43.2124859],[5.5397552,43.2124403],[5.5397532,43.2123623]]]},"properties":{"kind":"urban","demo":false,"source":"OpenStreetMap","osm_id":"way/1488679099","osm_tags":{"landuse":"residential"},"osm_version":1,"osm_timestamp":"2026-03-13T20:40:21Z","retrieved_at":"2026-05-06T03:25:00Z","license":"ODbL-1.0","name":""}},{"type":"Feature","geometry":{"type":"Polygon","coordinates":[[[5.5404313,43.2136458],[5.5407686,43.2136605],[5.5410617,43.2136462],[5.5412681,43.2135925],[5.5414823,43.2134812],[5.5417248,43.2133052],[5.5418962,43.213095],[5.5418445,43.213],[5.5415854,43.2130288],[5.5415535,43.2129822],[5.5414342,43.2129514],[5.5413029,43.2127571],[5.541089,43.2126075],[5.5405809,43.2125355],[5.5400012,43.2124859],[5.5398374,43.2128154],[5.5408299,43.2130917],[5.5410533,43.2131142],[5.5407566,43.2133433],[5.5402784,43.2133128],[5.5402708,43.213397],[5.5399496,43.2133468],[5.5398947,43.2133901],[5.5394254,43.213318],[5.5388219,43.2127833],[5.5386221,43.2125519],[5.5383806,43.2127915],[5.5388673,43.213102],[5.5385446,43.2131878],[5.5387753,43.213666],[5.538895,43.2137269],[5.5391025,43.2136687],[5.5391756,43.2136848],[5.5404313,43.2136458]]]},"properties":{"kind":"urban","demo":false,"source":"OpenStreetMap","osm_id":"way/1489442797","osm_tags":{"landuse":"residential"},"osm_version":1,"osm_timestamp":"2026-03-16T11:54:07Z","retrieved_at":"2026-05-06T03:25:00Z","license":"ODbL-1.0","name":""}},{"type":"Feature","geometry":{"type":"Polygon","coordinates":[[[5.5423312,43.2134984],[5.5423376,43.2135106],[5.5423605,43.2135087],[5.542374,43.2135461],[5.5423864,43.21355],[5.5424348,43.2134849],[5.5425234,43.2133959],[5.54231,43.2129842],[5.5421477,43.213099],[5.5423312,43.2134984]]]},"properties":{"kind":"urban","demo":false,"source":"OpenStreetMap","osm_id":"way/1490278105","osm_tags":{"landuse":"residential","name":"Résidence La Vigie de l'Arène","residential":"apartments"},"osm_version":1,"osm_timestamp":"2026-03-18T17:19:00Z","retrieved_at":"2026-05-06T03:25:00Z","license":"ODbL-1.0","name":"Résidence La Vigie de l'Arène"}},{"type":"Feature","geometry":{"type":"Polygon","coordinates":[[[5.5419514,43.2131969],[5.541988,43.2135451],[5.5419884,43.2135832],[5.5420445,43.2136058],[5.5420834,43.2136109],[5.542127,43.2136163],[5.5421647,43.213621],[5.5422943,43.2136359],[5.5423216,43.2136031],[5.542374,43.2135461],[5.5423605,43.2135087],[5.5423376,43.2135106],[5.5423312,43.2134984],[5.5421477,43.213099],[5.542114,43.2130687],[5.5419514,43.2131969]]]},"properties":{"kind":"urban","demo":false,"source":"OpenStreetMap","osm_id":"way/1490278106","osm_tags":{"landuse":"residential"},"osm_version":1,"osm_timestamp":"2026-03-18T17:19:00Z","retrieved_at":"2026-05-06T03:25:00Z","license":"ODbL-1.0","name":""}},{"type":"Feature","geometry":{"type":"Polygon","coordinates":[[[5.5431065,43.2110409],[5.543103,43.2110575],[5.5431054,43.2110741],[5.5431197,43.2110888],[5.5431504,43.2111132],[5.5431529,43.2111266],[5.5431436,43.21114],[5.5431268,43.2111514],[5.5428954,43.2112532],[5.5428077,43.2112819],[5.5425171,43.2113519],[5.5423307,43.2113893],[5.5423077,43.2114382],[5.5422446,43.2115823],[5.5421318,43.2118436],[5.5421309,43.2118631],[5.5428424,43.2121299],[5.5429496,43.2122211],[5.5430937,43.2120418],[5.5428081,43.2117711],[5.5434157,43.2113353],[5.5434437,43.2113052],[5.543885,43.2105176],[5.54377,43.210505],[5.5435966,43.2104529],[5.5431065,43.2110409]]]},"properties":{"kind":"urban","demo":false,"source":"OpenStreetMap","osm_id":"way/1491923113","osm_tags":{"landuse":"residential"},"osm_version":1,"osm_timestamp":"2026-03-23T17:45:31Z","retrieved_at":"2026-05-06T03:25:00Z","license":"ODbL-1.0","name":""}},{"type":"Feature","geometry":{"type":"Polygon","coordinates":[[[5.5397175,43.2107791],[5.5396267,43.2107921],[5.5396004,43.2109154],[5.5392456,43.2119488],[5.5397876,43.2120348],[5.5398369,43.2120427],[5.5398278,43.2112146],[5.5401445,43.2110245],[5.5399705,43.2108432],[5.5397175,43.2107791]]]},"properties":{"kind":"urban","demo":false,"source":"OpenStreetMap","osm_id":"way/1491923119","osm_tags":{"landuse":"residential"},"osm_version":1,"osm_timestamp":"2026-03-23T17:45:31Z","retrieved_at":"2026-05-06T03:25:00Z","license":"ODbL-1.0","name":""}},{"type":"Feature","geometry":{"type":"LineString","coordinates":[[5.534630769230768,43.21387532203266],[5.534876923076923,43.21391077726985],[5.535,43.21389335584594]]},"properties":{"kind":"contour","demo":false,"depth_m":2,"source":"SHOM S201300200","resolution_m":10,"vertical_reference":"PBMA / ZH assimilé PBMA"}},{"type":"Feature","geometry":{"type":"LineString","coordinates":[[5.534876923076923,43.21342021029521],[5.534753846153846,43.213352885848046],[5.534507692307692,43.2133141876162],[5.534261538461538,43.213301487654626],[5.534138461538461,43.213339422873474]]},"properties":{"kind":"contour","demo":false,"depth_m":2,"source":"SHOM S201300200","resolution_m":10,"vertical_reference":"PBMA / ZH assimilé PBMA"}},{"type":"Feature","geometry":{"type":"LineString","coordinates":[[5.533892307692307,43.213352411669334],[5.533840953553827,43.21328846153846],[5.533829215593078,43.21319871794872]]},"properties":{"kind":"contour","demo":false,"depth_m":2,"source":"SHOM S201300200","resolution_m":10,"vertical_reference":"PBMA / ZH assimilé PBMA"}},{"type":"Feature","geometry":{"type":"LineString","coordinates":[[5.531553846153846,43.21295115943559],[5.5318,43.21299339955107]]},"properties":{"kind":"contour","demo":false,"depth_m":2,"source":"SHOM S201300200","resolution_m":10,"vertical_reference":"PBMA / ZH assimilé PBMA"}},{"type":"Feature","geometry":{"type":"LineString","coordinates":[[5.534694556007944,43.21275],[5.534876923076923,43.212748968064716],[5.535,43.212721690965914],[5.535123076923076,43.21257474984407],[5.5352461538461535,43.21257056534732],[5.535492307692308,43.2126643914866],[5.535861538461538,43.21271776493138],[5.536107692307692,43.212703376099824],[5.5366,43.21275786748104],[5.53696923076923,43.212758517299434],[5.537572097858578,43.21257051282051],[5.537953846153846,43.21240763147795]]},"properties":{"kind":"contour","demo":false,"depth_m":2,"source":"SHOM S201300200","resolution_m":10,"vertical_reference":"PBMA / ZH assimilé PBMA"}},{"type":"Feature","geometry":{"type":"LineString","coordinates":[[5.53118027340505,43.21248076923077],[5.5311527077261875,43.21266025641026],[5.531184615384615,43.21272046824569],[5.5315010722337785,43.21292948717949]]},"properties":{"kind":"contour","demo":false,"depth_m":2,"source":"SHOM S201300200","resolution_m":10,"vertical_reference":"PBMA / ZH assimilé PBMA"}},{"type":"Feature","geometry":{"type":"LineString","coordinates":[[5.537969737681083,43.212391025641026],[5.538107077211319,43.21221153846153],[5.538176057078337,43.21185256410256],[5.538268383330521,43.21176282051282],[5.538323076923077,43.21155004275579],[5.5383602538877525,43.21149358974359],[5.5384873812306274,43.21140384615384],[5.538521578790272,43.211134615384616],[5.538671150921565,43.21104487179487],[5.538684518999749,43.21095512820513],[5.53876159380626,43.21086538461538],[5.538795503842042,43.21077564102564],[5.538788549021304,43.210685897435894],[5.538851609568241,43.21041666666667],[5.538938461538462,43.21024562999872],[5.538995156229868,43.21005769230769],[5.539084511020605,43.209967948717946],[5.539184454283033,43.20978846153846],[5.539210380374287,43.20960897435897],[5.5391951885529735,43.20951923076923],[5.539211429195323,43.20933974358975],[5.539256754157787,43.20925]]},"properties":{"kind":"contour","demo":false,"depth_m":2,"source":"SHOM S201300200","resolution_m":10,"vertical_reference":"PBMA / ZH assimilé PBMA"}},{"type":"Feature","geometry":{"type":"LineString","coordinates":[[5.520723076923076,43.21020678962865],[5.520336066485126,43.21005769230769]]},"properties":{"kind":"contour","demo":false,"depth_m":2,"source":"SHOM S201300200","resolution_m":10,"vertical_reference":"PBMA / ZH assimilé PBMA"}},{"type":"Feature","geometry":{"type":"LineString","coordinates":[[5.54016923076923,43.20929122178444],[5.540415384615384,43.20937690183152],[5.540848021539366,43.20960897435897],[5.541153846153846,43.20969078526726],[5.5415230769230766,43.2098739304173],[5.541769230769231,43.209909008301274],[5.541892307692307,43.20988770176781],[5.542015384615384,43.20990109395379],[5.542138461538461,43.209941291793356],[5.542261538461538,43.20989732103053],[5.5423846153846155,43.20991769288099],[5.542630769230769,43.209884880352085],[5.542999999999999,43.209894015758984],[5.5432461538461535,43.20994578881427],[5.543369230769231,43.20988395002936],[5.543492307692308,43.20989287307703],[5.543738461538461,43.209981753582156],[5.543984615384615,43.21002716538636],[5.544107692307692,43.210026981218334],[5.544230769230769,43.21009164970978],[5.544402943531506,43.21023717948718],[5.5446,43.21031971598463],[5.544846153846153,43.210353553154135],[5.544891920134775,43.21032692307692],[5.545048739379859,43.2100576923077],[5.545156114702158,43.209967948717946],[5.545215384615385,43.209934751504534],[5.545602132156013,43.209878205128206],[5.545674742428064,43.20978846153846],[5.545703921871458,43.20969871794871],[5.545697859880163,43.209608974358964],[5.545604737948806,43.209429487179484]]},"properties":{"kind":"contour","demo":false,"depth_m":2,"source":"SHOM S201300200","resolution_m":10,"vertical_reference":"PBMA / ZH assimilé PBMA"}},{"type":"Feature","geometry":{"type":"LineString","coordinates":[[5.539061538461537,43.2089947711363],[5.538997209872393,43.20889102564102],[5.539061538461538,43.2088364177538],[5.539762418174024,43.20916025641026],[5.540087023876261,43.20925]]},"properties":{"kind":"contour","demo":false,"depth_m":2,"source":"SHOM S201300200","resolution_m":10,"vertical_reference":"PBMA / ZH assimilé PBMA"}},{"type":"Feature","geometry":{"type":"LineString","coordinates":[[5.5450923076923075,43.20890016111417],[5.544942373278835,43.208711538461536],[5.544846153846153,43.20847434951742],[5.5446,43.20826753564598],[5.544382951855219,43.20799358974359],[5.544476923076923,43.207922847447975],[5.5446,43.20789398500405],[5.544690361986688,43.2078141025641],[5.544690056949703,43.20763461538461],[5.544723076923076,43.20755797892748],[5.544846153846153,43.207537137354244],[5.544969230769231,43.20756855361383],[5.545030639626479,43.20754487179487],[5.5450923076923075,43.20751686509004],[5.545215384615385,43.20736362898794],[5.545584615384615,43.20746531015961],[5.54583076923077,43.207457377360186],[5.545953846153846,43.207545443609334],[5.546076923076923,43.207583742717965],[5.546307519709909,43.20772435897436],[5.546521982460369,43.20799358974359],[5.546938461538462,43.20827049708563],[5.547061538461538,43.20830110113445],[5.547307692307692,43.20846329169004],[5.547553846153846,43.208453736695404],[5.5476769230769225,43.20848119807967],[5.5478,43.20856687630958],[5.547923076923077,43.20858134370784],[5.548063104260018,43.20853205128205],[5.54809035273621,43.20844230769231],[5.548564223893822,43.208173076923075],[5.548761142661255,43.20799358974359],[5.548943399715005,43.20772435897436],[5.548924599109795,43.20763461538461],[5.548944679335437,43.20754487179487],[5.549032744153236,43.207455128205126],[5.548939334159688,43.207365384615386],[5.5489408358713455,43.20727564102564],[5.549046577309671,43.2071858974359],[5.549088824346021,43.20709615384615],[5.5490310536495535,43.206826923076925],[5.549057347741198,43.20673717948718],[5.549010108329378,43.20664743589744],[5.548907692307692,43.2065472207463],[5.548784615384615,43.20650605900532],[5.54874137021798,43.20646794871795],[5.548776852870566,43.20637820512821],[5.548548226995575,43.206108974358976],[5.548483946264797,43.20592948717949],[5.548415384615384,43.20581266515195],[5.548347072031934,43.20575],[5.548415384615384,43.205691477125434]]},"properties":{"kind":"contour","demo":false,"depth_m":2,"source":"SHOM S201300200","resolution_m":10,"vertical_reference":"PBMA / ZH assimilé PBMA"}},{"type":"Feature","geometry":{"type":"LineString","coordinates":[[5.517030769230769,43.20782171986248],[5.517178092399975,43.20790384615385]]},"properties":{"kind":"contour","demo":false,"depth_m":2,"source":"SHOM S201300200","resolution_m":10,"vertical_reference":"PBMA / ZH assimilé PBMA"}},{"type":"Feature","geometry":{"type":"LineString","coordinates":[[5.518261538461538,43.20777240913421],[5.51810701723664,43.20772435897436]]},"properties":{"kind":"contour","demo":false,"depth_m":2,"source":"SHOM S201300200","resolution_m":10,"vertical_reference":"PBMA / ZH assimilé PBMA"}},{"type":"Feature","geometry":{"type":"LineString","coordinates":[[5.518015384615384,43.20768465681579],[5.5175628630053195,43.20754487179487]]},"properties":{"kind":"contour","demo":false,"depth_m":2,"source":"SHOM S201300200","resolution_m":10,"vertical_reference":"PBMA / ZH assimilé PBMA"}},{"type":"Feature","geometry":{"type":"LineString","coordinates":[[5.516415384615384,43.20755310856919],[5.5168213896032245,43.20772435897436]]},"properties":{"kind":"contour","demo":false,"depth_m":2,"source":"SHOM S201300200","resolution_m":10,"vertical_reference":"PBMA / ZH assimilé PBMA"}},{"type":"Feature","geometry":{"type":"LineString","coordinates":[[5.5175230769230765,43.20753034443782],[5.517318197758847,43.207455128205126]]},"properties":{"kind":"contour","demo":false,"depth_m":2,"source":"SHOM S201300200","resolution_m":10,"vertical_reference":"PBMA / ZH assimilé PBMA"}},{"type":"Feature","geometry":{"type":"LineString","coordinates":[[5.517276923076923,43.20744051218144],[5.516907692307692,43.207331895783604],[5.516798709156266,43.20727564102564]]},"properties":{"kind":"contour","demo":false,"depth_m":2,"source":"SHOM S201300200","resolution_m":10,"vertical_reference":"PBMA / ZH assimilé PBMA"}},{"type":"Feature","geometry":{"type":"LineString","coordinates":[[5.51580805967759,43.20727564102564],[5.515923076923077,43.207248338490636],[5.516034534288206,43.20727564102564]]},"properties":{"kind":"contour","demo":false,"depth_m":2,"source":"SHOM S201300200","resolution_m":10,"vertical_reference":"PBMA / ZH assimilé PBMA"}},{"type":"Feature","geometry":{"type":"LineString","coordinates":[[5.51616923076923,43.20669618991991],[5.516072070418456,43.20646794871795]]},"properties":{"kind":"contour","demo":false,"depth_m":2,"source":"SHOM S201300200","resolution_m":10,"vertical_reference":"PBMA / ZH assimilé PBMA"}},{"type":"Feature","geometry":{"type":"LineString","coordinates":[[5.515307692307691,43.20627333430522],[5.515389397763146,43.20673717948718],[5.515364695945069,43.206826923076925]]},"properties":{"kind":"contour","demo":false,"depth_m":2,"source":"SHOM S201300200","resolution_m":10,"vertical_reference":"PBMA / ZH assimilé PBMA"}},{"type":"Feature","geometry":{"type":"LineString","coordinates":[[5.516060572657485,43.20628846153846],[5.51610673664479,43.206108974358976],[5.51616923076923,43.2060262961128]]},"properties":{"kind":"contour","demo":false,"depth_m":2,"source":"SHOM S201300200","resolution_m":10,"vertical_reference":"PBMA / ZH assimilé PBMA"}},{"type":"Feature","geometry":{"type":"LineString","coordinates":[[5.548555141849095,43.205570512820515],[5.548649588775777,43.20530128205128],[5.548540769460472,43.20512179487179],[5.548552459320866,43.20503205128205],[5.548497377939627,43.204942307692306],[5.548470633210278,43.20467307692308],[5.548416243219901,43.20458333333333],[5.54839823627857,43.204314102564105],[5.54846759739155,43.20386538461538],[5.548426301571436,43.20377564102564],[5.5484515469695115,43.203685897435896],[5.548540792536428,43.20359615384615],[5.548552677497091,43.20350641025641],[5.5485203624722885,43.20341666666667],[5.5485723822807325,43.203147435897435],[5.5485439419823175,43.20305769230769],[5.548554417311234,43.20296794871795],[5.548499394370983,43.20278846153846],[5.54840345905529,43.20260897435897],[5.5483841599408255,43.202519230769234],[5.548321820832873,43.20242948717949]]},"properties":{"kind":"contour","demo":false,"depth_m":2,"source":"SHOM S201300200","resolution_m":10,"vertical_reference":"PBMA / ZH assimilé PBMA"}},{"type":"Feature","geometry":{"type":"LineString","coordinates":[[5.548292307692307,43.202376163744745],[5.548089551502103,43.20216025641025],[5.548048762127712,43.20207051282051]]},"properties":{"kind":"contour","demo":false,"depth_m":2,"source":"SHOM S201300200","resolution_m":10,"vertical_reference":"PBMA / ZH assimilé PBMA"}},{"type":"Feature","geometry":{"type":"LineString","coordinates":[[5.5476769230769225,43.20177032363848],[5.547585157781897,43.20171153846154],[5.54757546636694,43.20162179487179]]},"properties":{"kind":"contour","demo":false,"depth_m":2,"source":"SHOM S201300200","resolution_m":10,"vertical_reference":"PBMA / ZH assimilé PBMA"}},{"type":"Feature","geometry":{"type":"LineString","coordinates":[[5.547553846153846,43.20158003155149],[5.547478728293901,43.20153205128205],[5.547553846153846,43.20145115241366]]},"properties":{"kind":"contour","demo":false,"depth_m":2,"source":"SHOM S201300200","resolution_m":10,"vertical_reference":"PBMA / ZH assimilé PBMA"}},{"type":"Feature","geometry":{"type":"LineString","coordinates":[[5.547553846153846,43.20112982245578],[5.54748547337269,43.20099358974359],[5.547494521345846,43.200814102564095],[5.547552591671397,43.200634615384615],[5.547552901003463,43.200544871794875],[5.547624555426653,43.20045512820513],[5.547614378356261,43.200185897435894],[5.5475677735849125,43.20000641025641],[5.547630510858966,43.19982692307692],[5.547632087270937,43.19973717948718],[5.547562360052349,43.19955769230769],[5.547638439702402,43.199467948717945],[5.5476769230769225,43.199210846698804]]},"properties":{"kind":"contour","demo":false,"depth_m":2,"source":"SHOM S201300200","resolution_m":10,"vertical_reference":"PBMA / ZH assimilé PBMA"}},{"type":"Feature","geometry":{"type":"LineString","coordinates":[[5.5476769230769225,43.19918150538042],[5.547653924223414,43.19901923076923],[5.5476769230769225,43.198982278242525]]},"properties":{"kind":"contour","demo":false,"depth_m":2,"source":"SHOM S201300200","resolution_m":10,"vertical_reference":"PBMA / ZH assimilé PBMA"}},{"type":"Feature","geometry":{"type":"LineString","coordinates":[[5.547700756272298,43.198929487179484],[5.5478,43.198762810699456]]},"properties":{"kind":"contour","demo":false,"depth_m":2,"source":"SHOM S201300200","resolution_m":10,"vertical_reference":"PBMA / ZH assimilé PBMA"}},{"type":"Feature","geometry":{"type":"LineString","coordinates":[[5.547953923622019,43.19857051282051],[5.547975165371172,43.19839102564102],[5.54816923076923,43.198278622091316],[5.548230187645277,43.198211538461535],[5.548244350365865,43.198121794871795],[5.548374176891066,43.19785256410256],[5.548350390097028,43.19776282051282],[5.548371306907121,43.19758333333333],[5.548423863834361,43.19749358974359],[5.548439200071246,43.19740384615385],[5.548424138667517,43.1973141025641],[5.54848524169033,43.19713461538461],[5.548463074903421,43.19704487179487],[5.548395687723041,43.196955128205126],[5.548431151669031,43.19677564102564],[5.548378609908327,43.1966858974359],[5.548439490623081,43.196326923076924],[5.548350266572795,43.19614743589744],[5.548271064719084,43.19605769230769],[5.548342839214794,43.19596794871795],[5.548389591925448,43.19578846153846],[5.548388916676027,43.195698717948716],[5.548463807361733,43.19551923076923],[5.548453712594659,43.19542948717949],[5.548497487803152,43.19533974358974],[5.5486615384615385,43.19521672702833]]},"properties":{"kind":"contour","demo":false,"depth_m":2,"source":"SHOM S201300200","resolution_m":10,"vertical_reference":"PBMA / ZH assimilé PBMA"}},{"type":"Feature","geometry":{"type":"LineString","coordinates":[[5.548683703522101,43.195160256410254],[5.548717324847438,43.195070512820514],[5.548784615384615,43.19499110527933]]},"properties":{"kind":"contour","demo":false,"depth_m":2,"source":"SHOM S201300200","resolution_m":10,"vertical_reference":"PBMA / ZH assimilé PBMA"}},{"type":"Feature","geometry":{"type":"LineString","coordinates":[[5.548833865350894,43.19480128205128],[5.548891838082378,43.19471153846154],[5.549018576705955,43.19462179487179],[5.549002971231789,43.19453205128205],[5.549030769230769,43.1944970291907]]},"properties":{"kind":"contour","demo":false,"depth_m":2,"source":"SHOM S201300200","resolution_m":10,"vertical_reference":"PBMA / ZH assimilé PBMA"}},{"type":"Feature","geometry":{"type":"LineString","coordinates":[[5.549465868445711,43.19408333333333],[5.549519712540952,43.1938141025641],[5.549646153846154,43.19374787715593]]},"properties":{"kind":"contour","demo":false,"depth_m":2,"source":"SHOM S201300200","resolution_m":10,"vertical_reference":"PBMA / ZH assimilé PBMA"}},{"type":"Feature","geometry":{"type":"LineString","coordinates":[[5.5326615384615385,43.21300459291172],[5.532750209602002,43.213108974358974],[5.533030769230769,43.2133190981431],[5.533276923076923,43.21339445662999],[5.533365994800571,43.21337820512821],[5.533479018097196,43.213288461538454],[5.533470826861142,43.213019230769234],[5.5335230769230765,43.21284442561051],[5.533646153846154,43.21274209532079],[5.534138461538461,43.21266717955538],[5.534261538461538,43.212590174151245],[5.5343846153846155,43.2125490040959],[5.534753846153846,43.212519048412645],[5.534944396097147,43.212391025641026],[5.535246153846154,43.21232163269175],[5.535492307692309,43.21231589980859],[5.535615384615385,43.212260207712404],[5.535861538461538,43.212303233522185],[5.536107692307692,43.212256159069156],[5.536230769230769,43.21219760138093],[5.536516525345221,43.2121217948718],[5.53681032534034,43.21194230769231],[5.5370923076923075,43.21181688786834],[5.537338461538461,43.211749466707154],[5.537830769230769,43.2116734537108],[5.537953846153846,43.211623695983405],[5.538076923076923,43.21151986474331],[5.538111920408868,43.21140384615384],[5.538199999999999,43.21131131744115],[5.5382685088875405,43.211134615384616],[5.538517028472555,43.21077564102564],[5.5385455895664215,43.210685897435894],[5.538533252122836,43.210596153846154],[5.53869469898416,43.21014743589743],[5.538682278874633,43.20996794871795],[5.538782666263843,43.20969871794872],[5.538755363407708,43.20951923076923],[5.538779701037329,43.209429487179484],[5.538764379494146,43.209339743589744],[5.5388153846153845,43.2092974062186],[5.538938461538462,43.20927493189158],[5.5389920250774445,43.20916025641026],[5.538957190685679,43.20907051282051],[5.538818612713448,43.20898076923077],[5.538777121995651,43.20880128205128],[5.538787917970957,43.20871153846154],[5.538768389288531,43.208621794871796],[5.538774522841129,43.20853205128205],[5.5388153846153845,43.20849982152254],[5.539430769230769,43.20882650951243],[5.539553846153846,43.20886964549568],[5.5396769230769225,43.20887673646143],[5.5398,43.20893056294287],[5.540046153846154,43.20896101912819],[5.540415384615384,43.20908980140305],[5.540907692307692,43.20933307452177],[5.541276923076923,43.20954523666239],[5.541399999999999,43.20958598797573],[5.541483350446113,43.20951923076923],[5.5415230769230766,43.20945374609296],[5.5416461538461546,43.209422787235575],[5.541892307692307,43.209521916763606],[5.542138461538461,43.209572819217186],[5.542384615384616,43.20938849783015],[5.54249954303626,43.209339743589744],[5.542630769230769,43.20938952052366],[5.542798133701407,43.20916025641026],[5.542999999999999,43.20903862297044],[5.543615384615384,43.208897266692816],[5.543738461538462,43.20891148013936],[5.543861538461538,43.20897495067558],[5.544034230273099,43.20925],[5.544107692307692,43.209298696098216],[5.544230769230769,43.20927389332925],[5.544353846153846,43.209198708047126],[5.544476923076923,43.20922444624195],[5.544723076923076,43.20937722645077],[5.5450923076923075,43.20945831432203],[5.545128509358882,43.209429487179484],[5.545075152649141,43.209339743589744],[5.54496923076923,43.209275267889325],[5.54489560802347,43.20916025641026],[5.544706339488811,43.20898076923077],[5.544519827340836,43.20853205128205],[5.544379167606486,43.20835256410256],[5.544363721513591,43.20826282051282],[5.544190749212924,43.208083333333335],[5.543982825819298,43.20772435897437],[5.5439263242148185,43.207455128205126],[5.543795230000417,43.2071858974359],[5.543861538461538,43.20708835799675],[5.544206037864168,43.207275641025646],[5.544261044432765,43.20727564102563],[5.544353846153846,43.20721152224413],[5.544383214369185,43.20709615384615],[5.544594286758911,43.20691666666667],[5.5446538624711454,43.20673717948718],[5.544723076923076,43.20670447095935],[5.544846153846153,43.20676316942577],[5.54496923076923,43.20685754687531],[5.545061524563227,43.20682692307692],[5.545129872961772,43.20673717948718],[5.545215384615385,43.20668409201717],[5.545461538461538,43.20681517105191],[5.545707692307692,43.20684653648043],[5.545953846153846,43.206949523969186],[5.546076923076923,43.206966473317394],[5.546468783056386,43.20673717948718],[5.546692307692307,43.20656262787436],[5.546815384615384,43.20642369579109],[5.547127874844939,43.20619871794871],[5.547332087181919,43.20601923076923],[5.547553846153846,43.20589197598639],[5.5478,43.20565049832944],[5.54793544287179,43.205570512820515],[5.547964266187762,43.20548076923077],[5.547959607977798,43.20530128205128],[5.547871845532205,43.2051217948718],[5.547860579477771,43.20503205128205],[5.547790536740013,43.204942307692306],[5.547820603974951,43.204852564102566],[5.547798994529482,43.204673076923086],[5.547837086510995,43.20449358974359],[5.54779209497959,43.20422435897436],[5.547782201736442,43.20395512820513],[5.547786079945835,43.20386538461538],[5.5478558560012186,43.20377564102564],[5.547902186722792,43.20350641025641],[5.547874609267936,43.20323717948718],[5.547843570885602,43.203147435897435],[5.5478476652592805,43.20305769230769],[5.547917389206326,43.20296794871795],[5.547927212174359,43.20251923076923],[5.547713295822373,43.20216025641025],[5.547286305850417,43.20171153846154],[5.547231419423103,43.20153205128205],[5.547150384573252,43.201442307692304],[5.547150602413639,43.20108333333333],[5.547122853335932,43.20099358974359],[5.54716267880416,43.20054487179487],[5.547106307281556,43.20045512820513],[5.547095737864106,43.20036538461538],[5.547107834231174,43.20000641025641],[5.546996182538617,43.19991666666667],[5.547054476422967,43.19982692307692],[5.547080099898535,43.19964743589743],[5.546987851719281,43.19955769230769],[5.547061538461538,43.19949859249141],[5.547184615384615,43.19957061279598],[5.547312754257889,43.199467948717945],[5.547302187655939,43.199378205128205],[5.547157503094132,43.19928846153846],[5.547133264239557,43.19910897435897],[5.547151975493485,43.19901923076923],[5.547201508771383,43.19901923076923],[5.547212425418553,43.19919871794872],[5.547307692307692,43.1992506823737],[5.547354816616254,43.19919871794872],[5.547382553283169,43.19901923076923],[5.547337267484857,43.198929487179484],[5.547437527706533,43.198839743589744],[5.5474442746546115,43.19874999999999],[5.547415735251481,43.19866025641026],[5.547564794258159,43.19839102564102],[5.5476257600871115,43.198211538461535],[5.547702371951557,43.198121794871795],[5.547948368268313,43.197583333333334],[5.5480059102176575,43.1973141025641],[5.548009527299529,43.19713461538461],[5.54794069297488,43.19704487179487],[5.548004526859894,43.196955128205126],[5.548018695848569,43.1966858974359],[5.547952275008098,43.19659615384615],[5.548009409699807,43.19650641025641],[5.547948783207408,43.196416666666664],[5.547942189798631,43.196326923076924],[5.547891998941762,43.196237179487184],[5.54805212105351,43.19605769230769],[5.5480050039813875,43.19596794871795],[5.548007991098997,43.195788461538456],[5.547973090474699,43.195698717948716],[5.547978988649998,43.195608974358976],[5.548016128740576,43.19551923076923],[5.547969905057268,43.19542948717949],[5.547957006326772,43.19533974358974],[5.548084811706628,43.19525],[5.548028415363714,43.195160256410254],[5.54816923076923,43.19485084781721],[5.548292307692307,43.19468335438893],[5.548446308464557,43.19462179487179],[5.548292307692307,43.19458565855831],[5.548257552689234,43.19453205128205],[5.548292307692307,43.194509631446735],[5.548538461538461,43.19448100773967],[5.5486117200530405,43.194442307692306],[5.5486615384615385,43.194377747394334],[5.548784615384615,43.194334178408276],[5.548874907597409,43.19426282051282],[5.548891989963194,43.19417307692307],[5.548958725610957,43.19408333333333],[5.5493077212283515,43.1938141025641],[5.549602077640242,43.19363461538461],[5.5497450997380975,43.19336538461538],[5.549892307692307,43.19320515530532]]},"properties":{"kind":"contour","demo":false,"depth_m":5,"source":"SHOM S201300200","resolution_m":10,"vertical_reference":"PBMA / ZH assimilé PBMA"}},{"type":"Feature","geometry":{"type":"LineString","coordinates":[[5.531430769230769,43.21194816001484],[5.531484392243782,43.21203205128205],[5.531451781985445,43.21221153846154],[5.531511266489214,43.212301282051286],[5.531549774401894,43.21248076923077],[5.5318,43.21272492762959],[5.532415384615385,43.21282128102709],[5.532538461538461,43.21286481326133],[5.532603892466698,43.21292948717949]]},"properties":{"kind":"contour","demo":false,"depth_m":5,"source":"SHOM S201300200","resolution_m":10,"vertical_reference":"PBMA / ZH assimilé PBMA"}},{"type":"Feature","geometry":{"type":"LineString","coordinates":[[5.527297426397505,43.20951923076923],[5.527369230769231,43.20950222108954],[5.527500171729426,43.20951923076923]]},"properties":{"kind":"contour","demo":false,"depth_m":5,"source":"SHOM S201300200","resolution_m":10,"vertical_reference":"PBMA / ZH assimilé PBMA"}},{"type":"Feature","geometry":{"type":"LineString","coordinates":[[5.5190602594465,43.208711538461536],[5.519035430967699,43.208621794871796],[5.518841124648704,43.20835256410256],[5.518582615684852,43.208083333333335],[5.518248842452721,43.20790384615385],[5.51776923076923,43.207831997927926],[5.517733727511224,43.20790384615385],[5.518015384615384,43.20799647772545],[5.518164160287647,43.208083333333335]]},"properties":{"kind":"contour","demo":false,"depth_m":5,"source":"SHOM S201300200","resolution_m":10,"vertical_reference":"PBMA / ZH assimilé PBMA"}},{"type":"Feature","geometry":{"type":"LineString","coordinates":[[5.5157834735049,43.20700641025641],[5.515923076923077,43.20700405772936],[5.515940982095841,43.206916666666665],[5.515923076923077,43.20683946805102],[5.515861126692002,43.20673717948718],[5.5158343323573105,43.20628846153846],[5.5158,43.20619308928932],[5.5156769230769225,43.2061696752518],[5.515633637232513,43.206198717948716],[5.515579600016917,43.20628846153846],[5.515642660082016,43.20646794871795],[5.515671898167178,43.206916666666665],[5.5157834735049,43.20700641025641]]},"properties":{"kind":"contour","demo":false,"depth_m":5,"source":"SHOM S201300200","resolution_m":10,"vertical_reference":"PBMA / ZH assimilé PBMA"}},{"type":"Feature","geometry":{"type":"LineString","coordinates":[[5.5217857568483355,43.2063782051282],[5.5222,43.206344957578594],[5.522323076923077,43.20635232465194],[5.522371967423035,43.2063782051282]]},"properties":{"kind":"contour","demo":false,"depth_m":5,"source":"SHOM S201300200","resolution_m":10,"vertical_reference":"PBMA / ZH assimilé PBMA"}},{"type":"Feature","geometry":{"type":"LineString","coordinates":[[5.515061538461538,43.20566305741986],[5.515184615384615,43.205718029236856],[5.515265340100733,43.205660256410255],[5.515307692307693,43.205562616932326],[5.515553846153846,43.20571829533682],[5.5156769230769225,43.20574521916177],[5.5158,43.20565784389159],[5.515923076923077,43.20562887589824],[5.51595159428228,43.205570512820515]]},"properties":{"kind":"contour","demo":false,"depth_m":5,"source":"SHOM S201300200","resolution_m":10,"vertical_reference":"PBMA / ZH assimilé PBMA"}},{"type":"Feature","geometry":{"type":"LineString","coordinates":[[5.515923076923077,43.20545108876651],[5.515824993552182,43.20539102564103],[5.515868439998592,43.20512179487179],[5.515854926276533,43.20503205128205]]},"properties":{"kind":"contour","demo":false,"depth_m":5,"source":"SHOM S201300200","resolution_m":10,"vertical_reference":"PBMA / ZH assimilé PBMA"}},{"type":"Feature","geometry":{"type":"LineString","coordinates":[[5.517646153846154,43.204586316850545],[5.5179269133650894,43.20467307692308],[5.518384615384615,43.20491722265719],[5.518507692307692,43.20492526599835],[5.518876923076924,43.20481672287393],[5.519123076923076,43.20490730862254]]},"properties":{"kind":"contour","demo":false,"depth_m":5,"source":"SHOM S201300200","resolution_m":10,"vertical_reference":"PBMA / ZH assimilé PBMA"}},{"type":"Feature","geometry":{"type":"LineString","coordinates":[[5.517030769230769,43.20426392985259],[5.517224497268527,43.204314102564105],[5.517399999999999,43.20441755312433],[5.517460742868762,43.20449358974359]]},"properties":{"kind":"contour","demo":false,"depth_m":5,"source":"SHOM S201300200","resolution_m":10,"vertical_reference":"PBMA / ZH assimilé PBMA"}},{"type":"Feature","geometry":{"type":"LineString","coordinates":[[5.516292307692307,43.20361984202037],[5.516538461538461,43.20371700393195],[5.516601829123382,43.20377564102564],[5.516596801957098,43.20386538461538]]},"properties":{"kind":"contour","demo":false,"depth_m":5,"source":"SHOM S201300200","resolution_m":10,"vertical_reference":"PBMA / ZH assimilé PBMA"}},{"type":"Feature","geometry":{"type":"LineString","coordinates":[[5.5478,43.19599316209273],[5.547715701849312,43.19596794871795],[5.5478,43.19593448110645],[5.547878490255454,43.19596794871795],[5.5478,43.19599316209273]]},"properties":{"kind":"contour","demo":false,"depth_m":5,"source":"SHOM S201300200","resolution_m":10,"vertical_reference":"PBMA / ZH assimilé PBMA"}},{"type":"Feature","geometry":{"type":"LineString","coordinates":[[5.549909227914873,43.193185897435896],[5.549982665280307,43.19309615384614],[5.550119651809913,43.19300641025641],[5.550261538461538,43.19284311510311],[5.550409468045597,43.192737179487175],[5.550537346092112,43.19255769230769],[5.550636517258458,43.19228846153847],[5.550712811097879,43.19219871794871],[5.550725040918609,43.19210897435897],[5.550807182924544,43.192019230769226],[5.550907233957983,43.19183974358974],[5.551014981670699,43.19175],[5.551218198929486,43.19166025641026],[5.551538039499785,43.191391025641025],[5.551608909075133,43.191301282051285],[5.551879872792882,43.19112179487179],[5.552074103863732,43.19103205128205],[5.552445919436262,43.190673076923076],[5.552624324130043,43.19040384615384],[5.552949158577671,43.19013461538461]]},"properties":{"kind":"contour","demo":false,"depth_m":5,"source":"SHOM S201300200","resolution_m":10,"vertical_reference":"PBMA / ZH assimilé PBMA"}},{"type":"Feature","geometry":{"type":"LineString","coordinates":[[5.5299538461538456,43.21078636713186],[5.530076923076923,43.210809784330635],[5.530159138389549,43.21086538461538],[5.53056923076923,43.211390181295265],[5.530938461538462,43.21148166300969],[5.531061538461538,43.21156223720489],[5.531430769230769,43.21171370831256],[5.531719792715236,43.21194230769231],[5.5318,43.21211835507749],[5.53216923076923,43.21224811750094],[5.532592445389575,43.212301282051286],[5.532784615384615,43.21236567613229],[5.532907692307692,43.21236708517312],[5.533030769230769,43.21233111526679],[5.533399999999999,43.21206319599494],[5.5335230769230765,43.212009768157934],[5.533836220201095,43.21194230769231],[5.533929216081278,43.21176282051282],[5.534027109677972,43.21167307692308],[5.534138461538461,43.211600355816046],[5.534564063650379,43.21140384615384],[5.53454877213472,43.211224358974356],[5.534630769230768,43.211105456254806],[5.534876923076923,43.21094845934751],[5.5352461538461535,43.210797025105975],[5.535615384615384,43.21060657874959],[5.535984615384615,43.210519556651846],[5.536230769230769,43.21050381830032],[5.536846153846154,43.210375616735064],[5.5370923076923075,43.21035303595775],[5.537707692307692,43.21035462705151],[5.537953846153846,43.21033167455637],[5.538076923076923,43.21038498742151],[5.5382,43.21040184299638],[5.538323076923076,43.21031826441426],[5.538446153846153,43.21008904380789],[5.538503621124109,43.20969871794872],[5.538492359069558,43.20951923076923],[5.538417367300642,43.209339743589744],[5.538421650529949,43.20924999999999],[5.538455329510113,43.20889102564102],[5.538498070155114,43.20880128205128],[5.538595911580509,43.208711538461536],[5.538600824754125,43.20853205128205],[5.53854840694601,43.2084423076923],[5.538446153846153,43.20807489580997],[5.53856923076923,43.208057220053405],[5.53897696264566,43.20826282051282],[5.539184615384615,43.20833791567081],[5.539430769230769,43.20838242484432],[5.5396769230769225,43.208379103767534],[5.539923076923076,43.208453182762725],[5.540049512843822,43.20844230769231],[5.54016923076923,43.20824913730283],[5.540415384615384,43.20814119210869],[5.540907692307692,43.20786887138365],[5.541710085539527,43.207365384615386],[5.541808708191195,43.20727564102564],[5.542015384615384,43.20716319954262],[5.542261538461538,43.206954089066386],[5.542507692307692,43.20682407399378],[5.542999999999999,43.206419112355164],[5.543205468449347,43.206198717948716],[5.543514591689367,43.20592948717949],[5.543751872322458,43.20575],[5.544107692307692,43.20539824742594],[5.544459031820654,43.204852564102566],[5.544709262010059,43.20458333333333],[5.5449692307692295,43.20439352225339],[5.545133985544499,43.20422435897436],[5.5453831192546295,43.20395512820513],[5.545555509659052,43.203685897435896],[5.545644348499534,43.203596153846156],[5.545749888608611,43.20350641025641],[5.5458307692307685,43.2034715325516],[5.5462,43.20339274886118],[5.546323076923077,43.20334557760388],[5.546364854863468,43.20323717948718],[5.546446153846153,43.20315121415426],[5.54656923076923,43.20306862913515],[5.546692307692307,43.20302368171139],[5.546882750600576,43.2028782051282],[5.5468088638782245,43.202788461538454],[5.5466403827918205,43.202698717948714],[5.546665895806848,43.20260897435897],[5.546635037700954,43.20251923076923],[5.54656923076923,43.20246235825751],[5.546446153846153,43.20245569114002],[5.546404321643239,43.20242948717949],[5.546446153846153,43.202393830792786],[5.54656923076923,43.20237363176925],[5.546600104880251,43.20233974358974],[5.546446153846153,43.2023029242194],[5.5463839814997336,43.20225],[5.546369802952489,43.20216025641025],[5.546541544992676,43.201891025641025],[5.546531609661546,43.20162179487179],[5.546455321231788,43.20153205128205],[5.546456139125815,43.201442307692304],[5.546523740010395,43.201352564102564],[5.546572821329744,43.20117307692308],[5.546575049702332,43.20099358974359],[5.546535311540892,43.20090384615384],[5.546529023723961,43.2008141025641],[5.546547053377876,43.200724358974355],[5.546689927177047,43.20054487179487],[5.54664704037044,43.200096153846154],[5.546698333586455,43.19991666666667],[5.546704608855518,43.19964743589743],[5.5466030231195464,43.19928846153846],[5.546585155062085,43.19910897435898],[5.546654122225188,43.198839743589744],[5.5468835394467595,43.19839102564102],[5.546908117204804,43.19830128205128],[5.547012420403018,43.198211538461535],[5.54714774197735,43.19794230769231],[5.547239628712452,43.19785256410256],[5.547252279385295,43.19767307692308],[5.5474864497099805,43.1973141025641],[5.54751250442788,43.19722435897436],[5.547527034693625,43.19704487179487],[5.547481669327759,43.19677564102564],[5.547406818884101,43.19659615384615],[5.547345334269267,43.196326923076924],[5.547341803593103,43.19596794871795],[5.547432689907153,43.19578846153846],[5.547390116542322,43.195698717948716],[5.547560244811626,43.19542948717949],[5.547649229348053,43.195070512820514],[5.547760024296497,43.19498076923077],[5.5478938077439635,43.19471153846153],[5.548184811535585,43.19435256410256],[5.548415384615385,43.19418151140215],[5.548492103560738,43.194083333333325],[5.549276923076923,43.193571648396045],[5.549726025526388,43.19309615384615],[5.550283207458281,43.19255769230769],[5.550452540646264,43.19228846153846],[5.550595291214258,43.191929487179486],[5.550753846153846,43.19171734626929],[5.551861538461538,43.19089557900263],[5.552080340704193,43.190673076923076],[5.552329019921157,43.19049358974359],[5.5526,43.1902403121993],[5.552762779800172,43.19004487179487]]},"properties":{"kind":"contour","demo":false,"depth_m":10,"source":"SHOM S201300200","resolution_m":10,"vertical_reference":"PBMA / ZH assimilé PBMA"}},{"type":"Feature","geometry":{"type":"LineString","coordinates":[[5.528476923076923,43.21021450859347],[5.528846153846153,43.21043476989554],[5.5292153846153855,43.21055229641448],[5.529617440186614,43.21077564102564]]},"properties":{"kind":"contour","demo":false,"depth_m":10,"source":"SHOM S201300200","resolution_m":10,"vertical_reference":"PBMA / ZH assimilé PBMA"}},{"type":"Feature","geometry":{"type":"LineString","coordinates":[[5.526138461538461,43.208898986148256],[5.526384615384615,43.208990600732584],[5.526630769230769,43.209178464126474],[5.526753846153846,43.20922584323426],[5.527369230769231,43.20921606077056],[5.527738461538461,43.209382746192226],[5.528353846153846,43.20979367129419],[5.528385401045117,43.20987820512821],[5.528391324726705,43.210057692307686],[5.528440476220757,43.21014743589743]]},"properties":{"kind":"contour","demo":false,"depth_m":10,"source":"SHOM S201300200","resolution_m":10,"vertical_reference":"PBMA / ZH assimilé PBMA"}},{"type":"Feature","geometry":{"type":"LineString","coordinates":[[5.524538461538461,43.20798871354625],[5.525030769230769,43.208208164321036],[5.525399999999999,43.208216614401536]]},"properties":{"kind":"contour","demo":false,"depth_m":10,"source":"SHOM S201300200","resolution_m":10,"vertical_reference":"PBMA / ZH assimilé PBMA"}},{"type":"Feature","geometry":{"type":"LineString","coordinates":[[5.523553846153846,43.20738593245792],[5.523626463805065,43.20754487179487]]},"properties":{"kind":"contour","demo":false,"depth_m":10,"source":"SHOM S201300200","resolution_m":10,"vertical_reference":"PBMA / ZH assimilé PBMA"}},{"type":"Feature","geometry":{"type":"LineString","coordinates":[[5.523430769230769,43.20704375044623],[5.523501666369272,43.2071858974359]]},"properties":{"kind":"contour","demo":false,"depth_m":10,"source":"SHOM S201300200","resolution_m":10,"vertical_reference":"PBMA / ZH assimilé PBMA"}},{"type":"Feature","geometry":{"type":"LineString","coordinates":[[5.5228153846153845,43.20662435076703],[5.523061538461538,43.20662537552106],[5.523242618823217,43.20673717948718]]},"properties":{"kind":"contour","demo":false,"depth_m":10,"source":"SHOM S201300200","resolution_m":10,"vertical_reference":"PBMA / ZH assimilé PBMA"}},{"type":"Feature","geometry":{"type":"LineString","coordinates":[[5.521215384615385,43.20586367869134],[5.521270786895181,43.20592948717949],[5.521352836494801,43.206108974358976],[5.521461538461538,43.20621731964868],[5.521646055356831,43.20628846153846],[5.521830769230769,43.20632087565631],[5.522323076923077,43.20628071503855],[5.522446153846153,43.206327053483164],[5.522613420695302,43.20646794871795]]},"properties":{"kind":"contour","demo":false,"depth_m":10,"source":"SHOM S201300200","resolution_m":10,"vertical_reference":"PBMA / ZH assimilé PBMA"}},{"type":"Feature","geometry":{"type":"LineString","coordinates":[[5.515281461452874,43.20296794871795],[5.515532350484216,43.20296794871795],[5.5158,43.203054931354394],[5.516279882342833,43.20332692307692],[5.516920515211034,43.20377564102564],[5.517156662895013,43.20404487179487],[5.5175230769230765,43.20423778895722],[5.517892307692307,43.20450870293366],[5.518138461538461,43.20457659753576],[5.518507692307692,43.204631362448595],[5.519123076923076,43.20463883980728],[5.519858838202857,43.204852564102566],[5.519978003241691,43.204942307692306],[5.520034898651694,43.20503205128205],[5.520107692307693,43.20508879807919],[5.520628510723404,43.20521153846154],[5.520789135041101,43.20530128205128],[5.52096923076923,43.20547592702336],[5.521079969947843,43.205660256410255],[5.521088385384469,43.20575]]},"properties":{"kind":"contour","demo":false,"depth_m":10,"source":"SHOM S201300200","resolution_m":10,"vertical_reference":"PBMA / ZH assimilé PBMA"}},{"type":"Feature","geometry":{"type":"LineString","coordinates":[[5.515061538461538,43.20287354700226],[5.515184615384615,43.20288540297797],[5.515307692307692,43.20282061027438],[5.515430769230769,43.20281203917149],[5.5156769230769225,43.20284443956229],[5.515923076923077,43.202925824157106],[5.516258634335413,43.203147435897435],[5.516538461538461,43.203222659337165],[5.516760193939275,43.20341666666667],[5.517030769230769,43.20353136251457],[5.5175230769230765,43.20385302833476],[5.518015384615384,43.20378290879185],[5.518261538461538,43.20382498534307],[5.518630769230769,43.203934633070986],[5.519254176039283,43.20404487179487],[5.519527924406854,43.20413461538462],[5.51980012070843,43.204314102564105],[5.520004210432753,43.20458333333333],[5.5203100671952186,43.204852564102566],[5.520438555423015,43.204942307692306],[5.520723076923076,43.20505195779706],[5.520981039918894,43.20521153846154],[5.52126929986386,43.20548076923076],[5.521338461538461,43.20568138243062],[5.521461538461538,43.205760013168494],[5.5219538461538455,43.20580604317948],[5.5222,43.205908506645564],[5.522462028271628,43.206108974358976],[5.523061538461538,43.2063432438089],[5.5235584525062364,43.20664743589744],[5.523772563067839,43.206826923076925],[5.5238,43.206915155082044],[5.523890321667154,43.20700641025641],[5.524076960262196,43.20709615384615],[5.524415384615384,43.20719028931137],[5.524877933535812,43.207365384615386],[5.524862186961971,43.207455128205126],[5.524911023435862,43.20754487179487],[5.525566764878031,43.20772435897436],[5.525769230769231,43.2078418650432],[5.525892307692307,43.20777312711381],[5.526138461538461,43.20777605632204],[5.526261538461538,43.207841835857195],[5.526507692307691,43.20787699302629],[5.526630769230769,43.20786036532641],[5.526753846153846,43.2078005670987],[5.526876923076923,43.20778999116924],[5.526999999999999,43.2078196235868],[5.527123076923076,43.20788907410353],[5.527369230769231,43.20789354906641],[5.527615384615384,43.20793397236168],[5.527861538461538,43.20793315483104],[5.527984615384615,43.20796119439057],[5.528107692307692,43.20793809431356],[5.528353846153846,43.20797101435294],[5.528476923076923,43.207959766058195],[5.5286,43.207990297645395],[5.528723076923076,43.207950230255605],[5.528846153846153,43.20795486572628],[5.52907516581115,43.208083333333335],[5.529215384615385,43.20821019203449],[5.529338461538461,43.2082503570379],[5.529461538461538,43.20822810333088],[5.52952315960358,43.208173076923075],[5.529504325936405,43.208083333333335],[5.529584615384615,43.20798163219331],[5.529651847224372,43.20799358974359],[5.529675918122214,43.208083333333335],[5.529707692307692,43.20809605665148],[5.529781416251663,43.20799358974359],[5.529830769230769,43.207986425849725],[5.5299538461538456,43.2078986143738],[5.530076923076923,43.20787871189103],[5.5302,43.20798798619641],[5.530323076923077,43.20794552721239],[5.5308153846153845,43.20793212113357],[5.531184615384614,43.20786760328687],[5.531430769230769,43.20785727477572],[5.531553846153846,43.20781968957604],[5.531799999999999,43.20786009462517],[5.531877500656076,43.2078141025641],[5.531875177146398,43.20772435897436],[5.531923076923077,43.20771523317566],[5.532046153846155,43.20776952720611],[5.532292307692307,43.20779742927824],[5.532415384615384,43.20785479340803],[5.532538461538461,43.207877535174354],[5.532784615384615,43.20787144211223],[5.53344357246756,43.20763461538461],[5.533646153846154,43.20747164665976],[5.533769230769231,43.207275422595465],[5.534261538461538,43.20696275271811],[5.534507692307692,43.2068708954623],[5.535,43.20677394418347],[5.5352461538461535,43.2066724562605],[5.536107692307692,43.20650552923487],[5.536476923076923,43.206397111056134],[5.536723076923076,43.2063609188225],[5.53696923076923,43.206355778749156],[5.5370923076923075,43.206387435400465],[5.537311429439758,43.20628846153846],[5.537448648272937,43.20619871794871],[5.537485515892696,43.206108974358976],[5.537412264092298,43.20601923076923],[5.537461538461538,43.20599781626586],[5.53751660314911,43.20592948717949],[5.5375245679669565,43.20583974358974],[5.537624130916557,43.205660256410255],[5.5376944804487565,43.20539102564103],[5.537830769230769,43.205213781260795],[5.538136589814625,43.204942307692306],[5.538382897957183,43.20467307692308],[5.539307692307692,43.20392772638314],[5.5398729653069685,43.20332692307693],[5.54089844889686,43.20242948717949],[5.540970701711608,43.20233974358973],[5.541153846153846,43.202201786841165],[5.541646153846154,43.201936753519576],[5.542015384615384,43.20184294196186],[5.542073216831206,43.20180128205128],[5.5421287197587965,43.20171153846154],[5.542261538461538,43.2016860723504],[5.542394584391966,43.20162179487179],[5.5425800906355995,43.201442307692304],[5.542876923076923,43.201282267049976],[5.543123076923076,43.20099427594236],[5.54373846153846,43.20050909326027],[5.543861538461538,43.20033702856722],[5.543984615384615,43.2002242153214],[5.544107692307692,43.20014147632472],[5.544476923076923,43.20005532076218],[5.5446670765464905,43.19991666666667],[5.544794155266787,43.19973717948717],[5.5448762117744,43.19955769230769],[5.5448868513200456,43.199378205128205],[5.545050058658602,43.19848076923077],[5.545078638710918,43.198211538461535],[5.545251902376656,43.19749358974359],[5.545325289495275,43.19704487179487],[5.545422415277851,43.19686538461539],[5.545558047228313,43.19668589743589],[5.54591008257019,43.196326923076924],[5.546169819238783,43.19596794871795],[5.5462297965915175,43.195698717948716],[5.546175519606334,43.19542948717948],[5.546231548356298,43.19533974358974],[5.546255813445649,43.195160256410254],[5.546325292574713,43.195070512820514],[5.546313736131536,43.19471153846154],[5.546396287732012,43.19453205128205],[5.546692307692307,43.194224256124855],[5.547307692307692,43.19379556277195],[5.547553846153846,43.19350929994894],[5.547651374686892,43.193275641025636],[5.547816574800752,43.19300641025641],[5.548046153846154,43.192780446135615],[5.548348967938065,43.19255769230769],[5.548907692307692,43.19208296243112],[5.549276923076923,43.19186150113826],[5.549646153846154,43.19169864367035],[5.549892307692307,43.191634842731204],[5.550247304220281,43.191391025641025],[5.550471688503547,43.19112179487179],[5.550630769230769,43.190874832986644],[5.551178676797181,43.1903141025641],[5.551360042120236,43.19004487179487]]},"properties":{"kind":"contour","demo":false,"depth_m":20,"source":"SHOM S201300200","resolution_m":10,"vertical_reference":"PBMA / ZH assimilé PBMA"}},{"type":"Feature","geometry":{"type":"LineString","coordinates":[[5.515061538461538,43.200603112261355],[5.515553846153846,43.20063347565465],[5.515741797409175,43.200724358974355],[5.515761578063406,43.2008141025641],[5.515693013579103,43.20099358974359],[5.515543042839638,43.20108333333333],[5.5155579534979315,43.20117307692308],[5.515518215603454,43.20126282051282],[5.515609483242482,43.201352564102564],[5.515565078468989,43.20153205128206],[5.515660242419035,43.20171153846154],[5.5158,43.20185321693776],[5.51599172085832,43.201980769230765],[5.516214449412672,43.20207051282051],[5.516292307692307,43.202153998077584],[5.516538461538461,43.20218051127464],[5.516661538461539,43.20222615326458],[5.516866177656384,43.20225],[5.517399999999999,43.20237779073457],[5.517646153846154,43.20248262875714],[5.518138461538461,43.2026340379287],[5.518507692307692,43.20277856847191],[5.51863076923077,43.20280137090515],[5.519246153846154,43.20302651364209],[5.519861538461539,43.203167144524244],[5.520230769230769,43.203278366054754],[5.520723076923076,43.20348141403567],[5.520846153846153,43.203508782459615],[5.521215384615385,43.20367938351933],[5.521744361761618,43.20386538461538],[5.522323076923078,43.20402617627452],[5.5228153846153845,43.204086056073564],[5.523061538461538,43.20403353103688],[5.523923076923077,43.20400594185334],[5.524046153846154,43.203947066940664],[5.524292307692307,43.20391259253196],[5.525030769230769,43.20393163998862],[5.525399999999999,43.20399330212989],[5.526261538461538,43.20425895032666],[5.5263846153846155,43.20431733427344],[5.526507692307693,43.20433792734917],[5.526753846153846,43.20443683652644],[5.527369230769231,43.20453438504298],[5.527492307692308,43.20453126507206],[5.527861538461538,43.20444925618202],[5.528476923076923,43.20445934029968],[5.528646078952074,43.20449358974359],[5.528846153846153,43.204627715769476],[5.5290923076923075,43.204657129049764],[5.529338461538462,43.204727868161626],[5.529584615384615,43.20474057398753],[5.530323076923076,43.20484009967951],[5.530569230769231,43.20495892300151],[5.531061538461538,43.20492124961592],[5.5318,43.20474552486591],[5.531923076923077,43.20473840227884],[5.53216923076923,43.204676897948175],[5.532292307692307,43.204619555136574],[5.532415384615384,43.20462026129994],[5.532538461538461,43.20459054170553],[5.533030769230769,43.20441789747468],[5.5335230769230765,43.20420436982106],[5.53373422999221,43.20404487179487],[5.534050921804372,43.20386538461538],[5.534507692307692,43.203525898774956],[5.534876923076923,43.203196040872996],[5.535369230769231,43.202861224255756],[5.535861538461538,43.20259620441678],[5.536230769230769,43.20252265207967],[5.536295287569212,43.20242948717949],[5.536353846153846,43.20239890748864],[5.536476923076923,43.20237601915257],[5.536846153846153,43.20222433017185],[5.537304929939194,43.201980769230765],[5.538076923076923,43.201499328389275],[5.538350415439378,43.20126282051281],[5.538752989709205,43.20099358974359],[5.539430769230769,43.2003263388944],[5.539851592511107,43.20000641025641],[5.54016923076923,43.199707393958256],[5.540538461538461,43.199435789583376],[5.540819406354713,43.19910897435897],[5.540907692307691,43.19903937799531],[5.541399999999999,43.19870169999883],[5.541675984191698,43.19857051282051],[5.541769230769231,43.19846894167912],[5.542015384615384,43.19837881611366],[5.542389549898223,43.198121794871795],[5.542808009528057,43.19776282051282],[5.5428538057161365,43.197673076923074],[5.543100250798467,43.19740384615385],[5.543369230769231,43.197050785998414],[5.543535932033931,43.196955128205126],[5.544107692307692,43.196513188801084],[5.544358388574402,43.19623717948718],[5.544825471859462,43.1958782051282],[5.545015804120126,43.195608974358976],[5.545181170337349,43.19542948717949],[5.545460601240496,43.19498076923077],[5.545537661529538,43.19471153846154],[5.545503470409052,43.194442307692306],[5.545586463329093,43.19417307692307],[5.545607892365924,43.193993589743584],[5.545564058460967,43.193903846153844],[5.545783781870853,43.19372435897435],[5.545795740554114,43.19363461538461],[5.545953846153846,43.19347714045191],[5.546192476189733,43.193365384615376],[5.546246366485782,43.193185897435896],[5.546318843788501,43.193096153846156],[5.546436457576553,43.19300641025641],[5.546692307692307,43.19289169367055],[5.546858305139418,43.192647435897435],[5.5470556991395545,43.19246794871795],[5.547184615384615,43.19228414666465],[5.547385032622845,43.19210897435897],[5.547549230385158,43.192019230769226],[5.5481258644488936,43.19157051282051],[5.548213962308298,43.191480769230765],[5.548415384615384,43.1913419677384],[5.548550658418571,43.19130128205128],[5.548784615384615,43.19110622347175],[5.549030769230769,43.191000636100185],[5.549240300366279,43.19085256410256],[5.549769230769231,43.190570534960024],[5.550138461538461,43.190314137337225],[5.550342964569037,43.190134615384615]]},"properties":{"kind":"contour","demo":false,"depth_m":30,"source":"SHOM S201300200","resolution_m":10,"vertical_reference":"PBMA / ZH assimilé PBMA"}},{"type":"Feature","geometry":{"type":"LineString","coordinates":[[5.515061538461538,43.198077038339505],[5.516292307692307,43.198330301807545],[5.517276923076924,43.198648058781664],[5.5178819784731274,43.198929487179484],[5.519,43.19959032273546],[5.52096923076923,43.199754098090004],[5.521461538461538,43.199840145316614],[5.5219538461538455,43.19995798741762],[5.522076923076923,43.19995937387251],[5.523923076923077,43.199737890109866],[5.525030769230769,43.19974243557751],[5.526015384615384,43.19955652358888],[5.527984615384615,43.19907666206083],[5.528128105334736,43.198929487179484],[5.52881086432096,43.19803205128205],[5.52896923076923,43.19774674849003],[5.5290923076923075,43.19757636190305],[5.529360715250132,43.19740384615385],[5.529830769230769,43.19727439290199],[5.5299538461538456,43.19725470371456],[5.530076923076923,43.19729427535566],[5.530938461538462,43.19784053096491],[5.531061538461538,43.19788783042625],[5.532488983145869,43.19803205128205],[5.533030769230769,43.198065697370154],[5.53346569038703,43.19803205128205],[5.534015384615384,43.19795205548651],[5.535984615384615,43.19717440854153],[5.53696923076923,43.196886462338405],[5.537953846153846,43.19644212407873],[5.539061538461538,43.19590186314042],[5.540272754756357,43.19498076923077],[5.541030769230769,43.194534067929865],[5.542507692307691,43.19342328501986],[5.5433960110675065,43.19282692307692],[5.543984615384616,43.19246603282188],[5.544846153846153,43.191606468425405],[5.545471893893259,43.19103205128205],[5.546765935099662,43.19004487179487]]},"properties":{"kind":"contour","demo":false,"depth_m":50,"source":"SHOM HOMONIM","resolution_m":111,"vertical_reference":"PBMA / ZH assimilé PBMA"}}]}
